Date,State,Daily Check-ins,Unique Individuals,Unique Locations
1/12/2020,Johor,1996696,868521,81635
1/12/2020,Kedah,654634,341620,32760
1/12/2020,Kelantan,186507,108035,16298
1/12/2020,Melaka,544619,241854,21458
1/12/2020,Negeri Sembilan,559390,266899,22749
1/12/2020,Pahang,628093,277410,26868
1/12/2020,Perak,1073601,477057,49739
1/12/2020,Perlis,149180,96122,7814
1/12/2020,Pulau Pinang,1192308,534058,43889
1/12/2020,Sabah,740636,308227,31463
1/12/2020,Sarawak,1287449,490577,37417
1/12/2020,Selangor,3926511,1888361,124858
1/12/2020,Terengganu,232768,125760,14836
1/12/2020,W.P. KualaLumpur,3426041,1538584,86205
1/12/2020,W.P. Labuan,53217,22809,1784
1/12/2020,W.P. Putrajaya,177083,104171,2334
2/12/2020,Johor,1975256,864635,83484
2/12/2020,Kedah,688360,353075,34460
2/12/2020,Kelantan,201342,113792,17147
2/12/2020,Melaka,545887,242475,21881
2/12/2020,Negeri Sembilan,561590,268039,23278
2/12/2020,Pahang,630934,278719,27562
2/12/2020,Perak,1085104,480864,50358
2/12/2020,Perlis,158866,99727,8259
2/12/2020,Pulau Pinang,1204862,537274,45164
2/12/2020,Sabah,758731,312903,32825
2/12/2020,Sarawak,1324152,500135,38035
2/12/2020,Selangor,3974328,1903749,129248
2/12/2020,Terengganu,217523,119675,14721
2/12/2020,W.P. KualaLumpur,3455908,1544722,89499
2/12/2020,W.P. Labuan,53562,22838,1787
2/12/2020,W.P. Putrajaya,177019,104352,2420
3/12/2020,Johor,1870470,841031,83370
3/12/2020,Kedah,674565,348146,34481
3/12/2020,Kelantan,164364,97043,15023
3/12/2020,Melaka,527563,237907,22072
3/12/2020,Negeri Sembilan,534832,262182,23168
3/12/2020,Pahang,627312,279800,27556
3/12/2020,Perak,1063208,478124,50521
3/12/2020,Perlis,158714,100259,8228
3/12/2020,Pulau Pinang,1129316,521393,44934
3/12/2020,Sabah,743625,310332,32972
3/12/2020,Sarawak,1274706,492475,37813
3/12/2020,Selangor,3876525,1880515,130314
3/12/2020,Terengganu,168587,99458,12130
3/12/2020,W.P. KualaLumpur,3373169,1526686,90411
3/12/2020,W.P. Labuan,52735,22721,1772
3/12/2020,W.P. Putrajaya,173618,101719,2418
4/12/2020,Johor,2031469,883179,80241
4/12/2020,Kedah,674162,343898,25462
4/12/2020,Kelantan,164019,98726,9428
4/12/2020,Melaka,582972,256683,21979
4/12/2020,Negeri Sembilan,594932,284372,23308
4/12/2020,Pahang,677057,296630,26916
4/12/2020,Perak,1059563,483833,49578
4/12/2020,Perlis,169860,105729,8017
4/12/2020,Pulau Pinang,1236718,550869,45157
4/12/2020,Sabah,769607,317892,32980
4/12/2020,Sarawak,1350621,509621,38195
4/12/2020,Selangor,4187530,1983724,130590
4/12/2020,Terengganu,189604,109294,7526
4/12/2020,W.P. KualaLumpur,3718459,1627479,91031
4/12/2020,W.P. Labuan,52603,22944,1774
4/12/2020,W.P. Putrajaya,200829,113996,2423
5/12/2020,Johor,2210008,905459,76118
5/12/2020,Kedah,731091,363471,31046
5/12/2020,Kelantan,207482,116080,15558
5/12/2020,Melaka,634724,267041,19794
5/12/2020,Negeri Sembilan,627448,285249,21028
5/12/2020,Pahang,682223,290579,24066
5/12/2020,Perak,1138102,496653,46280
5/12/2020,Perlis,164804,99061,7127
5/12/2020,Pulau Pinang,1351212,555440,40164
5/12/2020,Sabah,777053,307847,29022
5/12/2020,Sarawak,1437010,504648,32914
5/12/2020,Selangor,4595822,2048138,112326
5/12/2020,Terengganu,240941,127297,12566
5/12/2020,W.P. KualaLumpur,3874221,1619744,75347
5/12/2020,W.P. Labuan,53935,22791,1502
5/12/2020,W.P. Putrajaya,212102,117401,1757
6/12/2020,Johor,2212105,900358,63536
6/12/2020,Kedah,742227,370282,31436
6/12/2020,Kelantan,219001,123206,17434
6/12/2020,Melaka,581318,248213,14196
6/12/2020,Negeri Sembilan,567868,263960,15228
6/12/2020,Pahang,615515,270257,17521
6/12/2020,Perak,1015143,461134,31829
6/12/2020,Perlis,136478,82688,4815
6/12/2020,Pulau Pinang,1196844,509617,27436
6/12/2020,Sabah,730460,288743,21150
6/12/2020,Sarawak,1426606,497969,24109
6/12/2020,Selangor,4258686,1919658,79280
6/12/2020,Terengganu,247572,132720,14878
6/12/2020,W.P. KualaLumpur,3551865,1525309,55158
6/12/2020,W.P. Labuan,46252,20304,1080
6/12/2020,W.P. Putrajaya,223550,124585,1495
7/12/2020,Johor,1972647,873792,82788
7/12/2020,Kedah,689591,359572,34078
7/12/2020,Kelantan,218873,122876,17617
7/12/2020,Melaka,547029,245575,21697
7/12/2020,Negeri Sembilan,578978,282711,22959
7/12/2020,Pahang,655591,291502,27521
7/12/2020,Perak,1107823,503464,49655
7/12/2020,Perlis,167015,105635,8292
7/12/2020,Pulau Pinang,1263645,562739,45308
7/12/2020,Sabah,773999,322323,33091
7/12/2020,Sarawak,1267549,491913,37133
7/12/2020,Selangor,3910991,1912166,127963
7/12/2020,Terengganu,233131,127143,14809
7/12/2020,W.P. KualaLumpur,3386392,1548177,88815
7/12/2020,W.P. Labuan,53894,23662,1775
7/12/2020,W.P. Putrajaya,194620,112877,2529
8/12/2020,Johor,1998490,878407,84396
8/12/2020,Kedah,681741,357260,34133
8/12/2020,Kelantan,212496,120892,17401
8/12/2020,Melaka,540064,245020,21880
8/12/2020,Negeri Sembilan,578960,282737,23379
8/12/2020,Pahang,658988,293817,28024
8/12/2020,Perak,1115626,506744,50722
8/12/2020,Perlis,166616,106047,8375
8/12/2020,Pulau Pinang,1260515,565600,46089
8/12/2020,Sabah,782188,322558,33655
8/12/2020,Sarawak,1257341,488737,37752
8/12/2020,Selangor,4069890,1962738,131822
8/12/2020,Terengganu,222925,123002,14545
8/12/2020,W.P. KualaLumpur,3539330,1586870,91837
8/12/2020,W.P. Labuan,54004,23481,1880
8/12/2020,W.P. Putrajaya,196698,114585,2526
9/12/2020,Johor,1987412,871995,85042
9/12/2020,Kedah,687783,359440,34494
9/12/2020,Kelantan,219745,123894,17587
9/12/2020,Melaka,547770,247009,21989
9/12/2020,Negeri Sembilan,572301,280271,23514
9/12/2020,Pahang,664780,294904,28220
9/12/2020,Perak,1128435,509178,51082
9/12/2020,Perlis,163946,103874,8504
9/12/2020,Pulau Pinang,1286818,570675,46379
9/12/2020,Sabah,799183,325907,34111
9/12/2020,Sarawak,1287249,491454,38202
9/12/2020,Selangor,4055363,1946983,132201
9/12/2020,Terengganu,232437,126661,14901
9/12/2020,W.P. KualaLumpur,3497276,1562616,91911
9/12/2020,W.P. Labuan,53798,23590,1863
9/12/2020,W.P. Putrajaya,192952,112374,2536
10/12/2020,Johor,1912930,860874,84061
10/12/2020,Kedah,687416,359102,34613
10/12/2020,Kelantan,228916,129022,17700
10/12/2020,Melaka,530931,244566,22010
10/12/2020,Negeri Sembilan,564855,283650,23418
10/12/2020,Pahang,656881,299468,28302
10/12/2020,Perak,1079452,507203,50277
10/12/2020,Perlis,169241,107337,8450
10/12/2020,Pulau Pinang,1259514,567613,46543
10/12/2020,Sabah,763214,318514,33819
10/12/2020,Sarawak,1231304,483753,37990
10/12/2020,Selangor,4033037,1955389,132086
10/12/2020,Terengganu,238569,131004,14810
10/12/2020,W.P. KualaLumpur,3454783,1567658,91668
10/12/2020,W.P. Labuan,52345,23023,1804
10/12/2020,W.P. Putrajaya,194437,112468,2531
11/12/2020,Johor,2077343,907446,80729
11/12/2020,Kedah,662919,349353,25233
11/12/2020,Kelantan,188954,113302,9877
11/12/2020,Melaka,642532,284279,22202
11/12/2020,Negeri Sembilan,671519,328666,23682
11/12/2020,Pahang,799853,349964,28471
11/12/2020,Perak,1248393,572833,50991
11/12/2020,Perlis,187102,115863,8098
11/12/2020,Pulau Pinang,1370275,600295,46113
11/12/2020,Sabah,806060,332353,33986
11/12/2020,Sarawak,1303164,499425,38067
11/12/2020,Selangor,3914112,1853873,94433
11/12/2020,Terengganu,191003,112919,7915
11/12/2020,W.P. KualaLumpur,4043566,1692108,87781
11/12/2020,W.P. Labuan,54630,23870,1827
11/12/2020,W.P. Putrajaya,248189,132826,2459
12/12/2020,Johor,2130241,898339,75079
12/12/2020,Kedah,706175,372970,30107
12/12/2020,Kelantan,246501,134775,15484
12/12/2020,Melaka,693162,298124,19892
12/12/2020,Negeri Sembilan,643634,314725,20908
12/12/2020,Pahang,783478,340437,24927
12/12/2020,Perak,1268543,570239,46260
12/12/2020,Perlis,182117,110064,7107
12/12/2020,Pulau Pinang,1409137,585088,39730
12/12/2020,Sabah,820302,323712,29995
12/12/2020,Sarawak,1536041,527307,33410
12/12/2020,Selangor,4289209,1961924,108648
12/12/2020,Terengganu,238710,130615,12269
12/12/2020,W.P. KualaLumpur,3761950,1572635,74591
12/12/2020,W.P. Labuan,53435,22906,1546
12/12/2020,W.P. Putrajaya,207512,113136,1714
13/12/2020,Johor,2248581,926770,63602
13/12/2020,Kedah,785808,404255,31246
13/12/2020,Kelantan,243555,137111,17533
13/12/2020,Melaka,625590,277245,14431
13/12/2020,Negeri Sembilan,624166,309842,15472
13/12/2020,Pahang,691628,316228,18006
13/12/2020,Perak,1199392,553346,32459
13/12/2020,Perlis,159394,96678,4775
13/12/2020,Pulau Pinang,1319162,553481,27727
13/12/2020,Sabah,755786,300773,21967
13/12/2020,Sarawak,1421554,499168,24539
13/12/2020,Selangor,4086857,1903175,78603
13/12/2020,Terengganu,244926,135213,14515
13/12/2020,W.P. KualaLumpur,3546738,1517257,55441
13/12/2020,W.P. Labuan,45060,20752,1141
13/12/2020,W.P. Putrajaya,215644,119758,1522
14/12/2020,Johor,1849711,840606,81031
14/12/2020,Kedah,680114,358193,33809
14/12/2020,Kelantan,225144,127413,17353
14/12/2020,Melaka,522559,241572,21166
14/12/2020,Negeri Sembilan,545333,276591,22436
14/12/2020,Pahang,669222,301799,27768
14/12/2020,Perak,1133043,520721,49303
14/12/2020,Perlis,167336,105489,8123
14/12/2020,Pulau Pinang,1231328,559351,44901
14/12/2020,Sabah,778074,325361,33842
14/12/2020,Sarawak,1231812,482143,36895
14/12/2020,Selangor,3899066,1901399,128273
14/12/2020,Terengganu,226213,125715,14823
14/12/2020,W.P. KualaLumpur,3358416,1523859,89492
14/12/2020,W.P. Labuan,51555,23055,1806
14/12/2020,W.P. Putrajaya,188105,109434,2535
15/12/2020,Johor,1952835,867848,83844
15/12/2020,Kedah,663728,351415,33468
15/12/2020,Kelantan,221550,124986,17190
15/12/2020,Melaka,525264,241653,21592
15/12/2020,Negeri Sembilan,553830,277873,23009
15/12/2020,Pahang,660284,298840,28322
15/12/2020,Perak,1097085,507685,50097
15/12/2020,Perlis,162370,104042,8294
15/12/2020,Pulau Pinang,1227979,558427,45393
15/12/2020,Sabah,790714,328317,34235
15/12/2020,Sarawak,1274110,491910,37798
15/12/2020,Selangor,3966771,1937915,131246
15/12/2020,Terengganu,224969,124591,14792
15/12/2020,W.P. KualaLumpur,3418092,1547951,91485
15/12/2020,W.P. Labuan,50527,22937,1846
15/12/2020,W.P. Putrajaya,195419,113150,2574
16/12/2020,Johor,1949597,863480,83648
16/12/2020,Kedah,684674,359585,34197
16/12/2020,Kelantan,206750,118673,16475
16/12/2020,Melaka,549268,248717,21919
16/12/2020,Negeri Sembilan,574152,281770,23364
16/12/2020,Pahang,641531,293089,28378
16/12/2020,Perak,1117761,513470,50159
16/12/2020,Perlis,164445,104431,8290
16/12/2020,Pulau Pinang,1265446,568621,45511
16/12/2020,Sabah,804985,331365,34362
16/12/2020,Sarawak,1343636,502841,38129
16/12/2020,Selangor,4083283,1966662,131846
16/12/2020,Terengganu,213471,119642,14259
16/12/2020,W.P. KualaLumpur,3571363,1580081,92307
16/12/2020,W.P. Labuan,53889,23865,1852
16/12/2020,W.P. Putrajaya,199645,115156,2598
17/12/2020,Johor,2037013,894383,84581
17/12/2020,Kedah,682621,360166,33301
17/12/2020,Kelantan,208422,119924,15752
17/12/2020,Melaka,561905,254410,22273
17/12/2020,Negeri Sembilan,592028,290959,23514
17/12/2020,Pahang,668080,303997,28412
17/12/2020,Perak,1156591,528455,50578
17/12/2020,Perlis,164617,105757,8064
17/12/2020,Pulau Pinang,1306459,582626,45941
17/12/2020,Sabah,841546,340161,34573
17/12/2020,Sarawak,1387642,513951,38037
17/12/2020,Selangor,4129102,2000847,131949
17/12/2020,Terengganu,225675,124992,14103
17/12/2020,W.P. KualaLumpur,3630238,1614751,92365
17/12/2020,W.P. Labuan,57017,24485,1850
17/12/2020,W.P. Putrajaya,215967,120958,2583
18/12/2020,Johor,2001878,884470,79071
18/12/2020,Kedah,645770,343782,24749
18/12/2020,Kelantan,183134,108967,8842
18/12/2020,Melaka,609881,272497,22096
18/12/2020,Negeri Sembilan,629381,311554,23432
18/12/2020,Pahang,683527,316618,27506
18/12/2020,Perak,1223388,561184,50467
18/12/2020,Perlis,180426,112875,7902
18/12/2020,Pulau Pinang,1339246,596160,45086
18/12/2020,Sabah,894154,353496,34666
18/12/2020,Sarawak,1440323,524662,38469
18/12/2020,Selangor,4398740,2081524,131894
18/12/2020,Terengganu,170056,102610,7389
18/12/2020,W.P. KualaLumpur,3878145,1686438,91935
18/12/2020,W.P. Labuan,57188,24575,1856
18/12/2020,W.P. Putrajaya,240849,132395,2578
19/12/2020,Johor,2246058,933757,75831
19/12/2020,Kedah,790664,405073,30729
19/12/2020,Kelantan,241200,134679,14276
19/12/2020,Melaka,717147,304386,20108
19/12/2020,Negeri Sembilan,690707,332783,21153
19/12/2020,Pahang,784036,343830,25313
19/12/2020,Perak,1358978,600260,46677
19/12/2020,Perlis,193054,115107,7112
19/12/2020,Pulau Pinang,1527539,620940,40142
19/12/2020,Sabah,912468,344422,30584
19/12/2020,Sarawak,1606118,537166,33672
19/12/2020,Selangor,4721538,2110548,113074
19/12/2020,Terengganu,232140,128195,11845
19/12/2020,W.P. KualaLumpur,4016768,1667897,75957
19/12/2020,W.P. Labuan,53974,23059,1529
19/12/2020,W.P. Putrajaya,235047,126557,1796
20/12/2020,Johor,2283467,934339,63215
20/12/2020,Kedah,801799,414461,30959
20/12/2020,Kelantan,247556,139939,16183
20/12/2020,Melaka,646813,283137,14568
20/12/2020,Negeri Sembilan,631011,313856,15512
20/12/2020,Pahang,673595,314186,17774
20/12/2020,Perak,1178943,550743,31845
20/12/2020,Perlis,169591,101378,4767
20/12/2020,Pulau Pinang,1327383,559831,27387
20/12/2020,Sabah,851873,325640,22769
20/12/2020,Sarawak,1553541,525739,25034
20/12/2020,Selangor,4335658,1969942,80135
20/12/2020,Terengganu,246258,135467,13873
20/12/2020,W.P. KualaLumpur,3662119,1565119,55923
20/12/2020,W.P. Labuan,47400,21094,1118
20/12/2020,W.P. Putrajaya,242800,132806,1569
21/12/2020,Johor,1958081,878084,81129
21/12/2020,Kedah,727589,380007,33555
21/12/2020,Kelantan,246440,137239,16938
21/12/2020,Melaka,571176,258566,21157
21/12/2020,Negeri Sembilan,578884,290359,22378
21/12/2020,Pahang,714546,319572,28058
21/12/2020,Perak,1174971,544180,48322
21/12/2020,Perlis,175727,109479,8033
21/12/2020,Pulau Pinang,1332498,586462,44630
21/12/2020,Sabah,859912,344837,33707
21/12/2020,Sarawak,1317421,494555,35937
21/12/2020,Selangor,4074363,1965292,127413
21/12/2020,Terengganu,241925,133563,14512
21/12/2020,W.P. KualaLumpur,3553927,1589498,89129
21/12/2020,W.P. Labuan,54211,23380,1772
21/12/2020,W.P. Putrajaya,204949,116846,2522
22/12/2020,Johor,2033367,890744,84186
22/12/2020,Kedah,730337,378159,34034
22/12/2020,Kelantan,245847,137249,17141
22/12/2020,Melaka,575223,256627,21821
22/12/2020,Negeri Sembilan,585749,290109,23120
22/12/2020,Pahang,735864,321492,29040
22/12/2020,Perak,1204142,545051,50373
22/12/2020,Perlis,176461,110521,8389
22/12/2020,Pulau Pinang,1365741,594294,45723
22/12/2020,Sabah,888461,346925,34556
22/12/2020,Sarawak,1394463,507630,37437
22/12/2020,Selangor,4264176,2024584,132732
22/12/2020,Terengganu,239114,131018,14477
22/12/2020,W.P. KualaLumpur,3752414,1639527,92735
22/12/2020,W.P. Labuan,54253,23258,1824
22/12/2020,W.P. Putrajaya,214018,120802,2566
23/12/2020,Johor,2115504,904958,84833
23/12/2020,Kedah,742307,382340,34518
23/12/2020,Kelantan,244615,137274,17097
23/12/2020,Melaka,605707,264214,22131
23/12/2020,Negeri Sembilan,607223,295354,23554
23/12/2020,Pahang,751139,326255,29382
23/12/2020,Perak,1245388,556330,50737
23/12/2020,Perlis,175309,109485,8269
23/12/2020,Pulau Pinang,1424964,606193,46205
23/12/2020,Sabah,947336,361721,34506
23/12/2020,Sarawak,1512493,528277,37773
23/12/2020,Selangor,4477882,2071894,133837
23/12/2020,Terengganu,247022,135080,14754
23/12/2020,W.P. KualaLumpur,3944394,1681191,93445
23/12/2020,W.P. Labuan,55347,23692,1796
23/12/2020,W.P. Putrajaya,217072,122474,2559
24/12/2020,Johor,2188913,932374,84232
24/12/2020,Kedah,782937,399773,34531
24/12/2020,Kelantan,268068,149846,17376
24/12/2020,Melaka,632284,276206,22160
24/12/2020,Negeri Sembilan,642875,312861,23364
24/12/2020,Pahang,810433,349754,29395
24/12/2020,Perak,1303811,587282,50864
24/12/2020,Perlis,186364,115850,8140
24/12/2020,Pulau Pinang,1489381,625411,45818
24/12/2020,Sabah,900728,344285,26311
24/12/2020,Sarawak,1550488,541447,36560
24/12/2020,Selangor,4587719,2116241,131281
24/12/2020,Terengganu,263287,143774,14982
24/12/2020,W.P. KualaLumpur,4067706,1729664,91337
24/12/2020,W.P. Labuan,60216,24776,1789
24/12/2020,W.P. Putrajaya,227595,127247,2480
25/12/2020,Johor,2172105,909175,61808
25/12/2020,Kedah,734635,379982,22806
25/12/2020,Kelantan,244551,142636,9958
25/12/2020,Melaka,674009,291881,16828
25/12/2020,Negeri Sembilan,638823,320646,17283
25/12/2020,Pahang,854476,367368,22813
25/12/2020,Perak,1315811,605197,39642
25/12/2020,Perlis,188585,111592,5852
25/12/2020,Pulau Pinang,1437850,589227,30713
25/12/2020,Sabah,719242,297780,20207
25/12/2020,Sarawak,1262805,450346,22020
25/12/2020,Selangor,4182153,1926985,84666
25/12/2020,Terengganu,218476,129961,8021
25/12/2020,W.P. KualaLumpur,3718058,1561878,58473
25/12/2020,W.P. Labuan,41024,19144,1045
25/12/2020,W.P. Putrajaya,242500,128582,1570
26/12/2020,Johor,2048667,886213,71293
26/12/2020,Kedah,745868,392434,28877
26/12/2020,Kelantan,283524,157432,14989
26/12/2020,Melaka,684607,302354,18994
26/12/2020,Negeri Sembilan,626118,314766,19941
26/12/2020,Pahang,842586,363511,24658
26/12/2020,Perak,1288976,594420,44371
26/12/2020,Perlis,188439,112930,6623
26/12/2020,Pulau Pinang,1379681,582816,37547
26/12/2020,Sabah,802925,315641,27344
26/12/2020,Sarawak,1343704,475077,30256
26/12/2020,Selangor,4001700,1861380,104407
26/12/2020,Terengganu,278655,152665,12309
26/12/2020,W.P. KualaLumpur,3470918,1486338,70729
26/12/2020,W.P. Labuan,50506,21896,1425
26/12/2020,W.P. Putrajaya,196133,105287,1642
27/12/2020,Johor,2059782,886854,59052
27/12/2020,Kedah,781507,405901,28637
27/12/2020,Kelantan,288981,161927,17567
27/12/2020,Melaka,666956,295841,14485
27/12/2020,Negeri Sembilan,624436,318022,15328
27/12/2020,Pahang,782778,351898,18514
27/12/2020,Perak,1260380,596121,32394
27/12/2020,Perlis,183348,109102,4816
27/12/2020,Pulau Pinang,1345299,573818,27296
27/12/2020,Sabah,753143,306496,22085
27/12/2020,Sarawak,1304736,475958,24144
27/12/2020,Selangor,4033670,1879949,78492
27/12/2020,Terengganu,278873,152730,14543
27/12/2020,W.P. KualaLumpur,3426036,1498762,54899
27/12/2020,W.P. Labuan,43728,20067,1085
27/12/2020,W.P. Putrajaya,215020,119555,1506
28/12/2020,Johor,2086462,908927,82455
28/12/2020,Kedah,775895,396501,33744
28/12/2020,Kelantan,272426,151908,17839
28/12/2020,Melaka,619778,271779,21327
28/12/2020,Negeri Sembilan,609724,300997,22586
28/12/2020,Pahang,800555,344254,28638
28/12/2020,Perak,1243269,571206,48933
28/12/2020,Perlis,189018,115852,8064
28/12/2020,Pulau Pinang,1409820,609858,44847
28/12/2020,Sabah,863992,347244,33921
28/12/2020,Sarawak,1299881,489133,36460
28/12/2020,Selangor,4125516,1975330,127813
28/12/2020,Terengganu,260428,142169,14833
28/12/2020,W.P. KualaLumpur,3555071,1596058,89156
28/12/2020,W.P. Labuan,54515,23224,1769
28/12/2020,W.P. Putrajaya,200956,114454,2444
29/12/2020,Johor,2006226,888566,83547
29/12/2020,Kedah,751603,385696,33907
29/12/2020,Kelantan,262938,146762,17878
29/12/2020,Melaka,574165,256946,21555
29/12/2020,Negeri Sembilan,587782,291731,22995
29/12/2020,Pahang,774137,334714,29175
29/12/2020,Perak,1218752,554241,50061
29/12/2020,Perlis,183797,113759,8180
29/12/2020,Pulau Pinang,1389332,603701,45596
29/12/2020,Sabah,841604,340178,34022
29/12/2020,Sarawak,1294312,488641,36895
29/12/2020,Selangor,4096096,1971337,130931
29/12/2020,Terengganu,252929,138334,14694
29/12/2020,W.P. KualaLumpur,3514579,1588136,91076
29/12/2020,W.P. Labuan,52933,22982,1802
29/12/2020,W.P. Putrajaya,200705,114156,2482
30/12/2020,Johor,2114217,911092,84864
30/12/2020,Kedah,764699,391634,34385
30/12/2020,Kelantan,265087,147587,17659
30/12/2020,Melaka,617758,269323,21848
30/12/2020,Negeri Sembilan,627459,303513,23321
30/12/2020,Pahang,800935,339363,29252
30/12/2020,Perak,1263253,566790,50703
30/12/2020,Perlis,183901,112679,8225
30/12/2020,Pulau Pinang,1418775,610230,45799
30/12/2020,Sabah,888710,349879,33868
30/12/2020,Sarawak,1398589,508864,36991
30/12/2020,Selangor,4405279,2057609,132585
30/12/2020,Terengganu,261099,141435,14882
30/12/2020,W.P. KualaLumpur,3825609,1664405,92278
30/12/2020,W.P. Labuan,56545,24181,1802
30/12/2020,W.P. Putrajaya,210657,119384,2495
31/12/2020,Johor,2158220,934525,84364
31/12/2020,Kedah,801191,407326,34368
31/12/2020,Kelantan,268689,151555,17441
31/12/2020,Melaka,660916,286503,21995
31/12/2020,Negeri Sembilan,662177,322706,23231
31/12/2020,Pahang,811118,351313,28635
31/12/2020,Perak,1318851,593158,50326
31/12/2020,Perlis,194778,118652,8176
31/12/2020,Pulau Pinang,1521488,639506,45381
31/12/2020,Sabah,925277,366666,33269
31/12/2020,Sarawak,1473512,538021,36062
31/12/2020,Selangor,4621416,2145248,130291
31/12/2020,Terengganu,249580,139574,14271
31/12/2020,W.P. KualaLumpur,4061943,1761158,90275
31/12/2020,W.P. Labuan,58352,24802,1773
31/12/2020,W.P. Putrajaya,233740,130805,2447
1/1/2021,Johor,1872088,855547,70958
1/1/2021,Kedah,775695,397125,23386
1/1/2021,Kelantan,244655,143926,10184
1/1/2021,Melaka,676998,295015,15212
1/1/2021,Negeri Sembilan,649803,328409,15404
1/1/2021,Pahang,854316,367503,19257
1/1/2021,Perak,1306771,602442,34236
1/1/2021,Perlis,204392,116803,5996
1/1/2021,Pulau Pinang,1414953,588209,27696
1/1/2021,Sabah,729808,296917,19543
1/1/2021,Sarawak,1337205,467847,21430
1/1/2021,Selangor,4106674,1916448,75916
1/1/2021,Terengganu,223417,132496,8009
1/1/2021,W.P. KualaLumpur,3591737,1570301,53994
1/1/2021,W.P. Labuan,41771,19842,1041
1/1/2021,W.P. Putrajaya,239678,129310,1519
2/1/2021,Johor,1721208,796963,66502
2/1/2021,Kedah,819480,420103,30315
2/1/2021,Kelantan,281115,157583,15234
2/1/2021,Melaka,680121,300853,18705
2/1/2021,Negeri Sembilan,676052,336620,19950
2/1/2021,Pahang,839337,361359,23566
2/1/2021,Perak,1399036,625725,44850
2/1/2021,Perlis,198752,116111,6777
2/1/2021,Pulau Pinang,1441016,603631,38069
2/1/2021,Sabah,864575,338719,29331
2/1/2021,Sarawak,1385714,495868,31448
2/1/2021,Selangor,4263943,1954651,105356
2/1/2021,Terengganu,263134,145421,12016
2/1/2021,W.P. KualaLumpur,3598267,1553941,71479
2/1/2021,W.P. Labuan,52843,22798,1417
2/1/2021,W.P. Putrajaya,205364,113646,1692
3/1/2021,Johor,2084563,890141,59783
3/1/2021,Kedah,802557,412245,30903
3/1/2021,Kelantan,277698,156153,17395
3/1/2021,Melaka,610196,273667,14287
3/1/2021,Negeri Sembilan,590974,305216,14765
3/1/2021,Pahang,504625,252194,14408
3/1/2021,Perak,947903,487800,28912
3/1/2021,Perlis,161797,96727,4770
3/1/2021,Pulau Pinang,1221380,542178,27188
3/1/2021,Sabah,773420,312928,22617
3/1/2021,Sarawak,1344771,492137,24328
3/1/2021,Selangor,3776086,1801189,75949
3/1/2021,Terengganu,251192,140704,14108
3/1/2021,W.P. KualaLumpur,3094582,1423400,53124
3/1/2021,W.P. Labuan,43822,20102,1083
3/1/2021,W.P. Putrajaya,206696,114463,1492
4/1/2021,Johor,1990345,883184,81749
4/1/2021,Kedah,730980,381402,33788
4/1/2021,Kelantan,233789,135068,16774
4/1/2021,Melaka,573681,257823,21698
4/1/2021,Negeri Sembilan,607918,299945,22815
4/1/2021,Pahang,681149,303404,24760
4/1/2021,Perak,1234553,559223,49319
4/1/2021,Perlis,178549,110465,8211
4/1/2021,Pulau Pinang,1293757,586674,45307
4/1/2021,Sabah,841303,345862,34713
4/1/2021,Sarawak,1263834,493058,37182
4/1/2021,Selangor,4106662,1993971,131358
4/1/2021,Terengganu,212240,122337,13283
4/1/2021,W.P. KualaLumpur,3517975,1605218,91284
4/1/2021,W.P. Labuan,54873,23980,1786
4/1/2021,W.P. Putrajaya,197972,116246,2571
5/1/2021,Johor,2001189,884577,84011
5/1/2021,Kedah,685100,361290,33266
5/1/2021,Kelantan,215936,125694,16077
5/1/2021,Melaka,553825,250943,21932
5/1/2021,Negeri Sembilan,585236,291924,23240
5/1/2021,Pahang,651158,288163,25367
5/1/2021,Perak,1169030,532716,50475
5/1/2021,Perlis,170825,106964,8239
5/1/2021,Pulau Pinang,1238925,571042,45500
5/1/2021,Sabah,841869,344279,34874
5/1/2021,Sarawak,1295537,500401,38075
5/1/2021,Selangor,4129037,2001245,134711
5/1/2021,Terengganu,229971,127444,14116
5/1/2021,W.P. KualaLumpur,3494846,1605221,93230
5/1/2021,W.P. Labuan,54696,23850,1865
5/1/2021,W.P. Putrajaya,204893,120096,2618
6/1/2021,Johor,2089064,905294,85243
6/1/2021,Kedah,720450,374585,33894
6/1/2021,Kelantan,226286,128799,16122
6/1/2021,Melaka,581784,259495,22226
6/1/2021,Negeri Sembilan,628476,303063,23707
6/1/2021,Pahang,571348,263297,22634
6/1/2021,Perak,1165261,528568,49867
6/1/2021,Perlis,165333,103861,8246
6/1/2021,Pulau Pinang,1242665,570189,45329
6/1/2021,Sabah,880854,350255,34967
6/1/2021,Sarawak,1339994,506555,38544
6/1/2021,Selangor,4326154,2057583,135829
6/1/2021,Terengganu,223931,124538,13743
6/1/2021,W.P. KualaLumpur,3722210,1662250,94602
6/1/2021,W.P. Labuan,60298,26968,1943
6/1/2021,W.P. Putrajaya,211064,124076,2639
7/1/2021,Johor,2029425,897601,84138
7/1/2021,Kedah,761869,389856,34996
7/1/2021,Kelantan,241285,136012,16204
7/1/2021,Melaka,586860,262536,22412
7/1/2021,Negeri Sembilan,632250,307415,23707
7/1/2021,Pahang,631132,280338,24237
7/1/2021,Perak,1171479,534326,51132
7/1/2021,Perlis,176701,109943,8429
7/1/2021,Pulau Pinang,1260785,581175,46187
7/1/2021,Sabah,934632,365313,35741
7/1/2021,Sarawak,1308350,502618,38122
7/1/2021,Selangor,4325253,2069478,136881
7/1/2021,Terengganu,242018,132163,13891
7/1/2021,W.P. KualaLumpur,3653170,1666196,94450
7/1/2021,W.P. Labuan,59770,26608,1900
7/1/2021,W.P. Putrajaya,216824,126019,2653
8/1/2021,Johor,2132147,926027,81908
8/1/2021,Kedah,748212,383097,26356
8/1/2021,Kelantan,205610,121311,9425
8/1/2021,Melaka,645515,284218,22528
8/1/2021,Negeri Sembilan,671256,328194,23839
8/1/2021,Pahang,662364,295462,24631
8/1/2021,Perak,1296937,579661,51894
8/1/2021,Perlis,194479,119019,8265
8/1/2021,Pulau Pinang,1394242,618716,46679
8/1/2021,Sabah,977001,377088,36030
8/1/2021,Sarawak,1403981,527610,39105
8/1/2021,Selangor,4503383,2134141,136334
8/1/2021,Terengganu,192443,113185,7523
8/1/2021,W.P. KualaLumpur,3847464,1727045,94713
8/1/2021,W.P. Labuan,59757,25366,1856
8/1/2021,W.P. Putrajaya,242576,138861,2630
9/1/2021,Johor,2221649,936042,76423
9/1/2021,Kedah,825328,419169,31948
9/1/2021,Kelantan,251592,140820,15006
9/1/2021,Melaka,716354,305637,20518
9/1/2021,Negeri Sembilan,728713,349805,21466
9/1/2021,Pahang,681713,296748,22090
9/1/2021,Perak,1382787,604807,47700
9/1/2021,Perlis,195510,115443,7425
9/1/2021,Pulau Pinang,1463205,617257,40923
9/1/2021,Sabah,1014841,374937,32247
9/1/2021,Sarawak,1456029,526007,34616
9/1/2021,Selangor,4868580,2174129,116820
9/1/2021,Terengganu,246529,133419,12083
9/1/2021,W.P. KualaLumpur,3920972,1699506,77901
9/1/2021,W.P. Labuan,57766,24107,1544
9/1/2021,W.P. Putrajaya,237878,135266,1827
10/1/2021,Johor,1964067,856184,59645
10/1/2021,Kedah,854524,431659,32363
10/1/2021,Kelantan,251516,142994,17078
10/1/2021,Melaka,650873,284473,14892
10/1/2021,Negeri Sembilan,692226,337431,15982
10/1/2021,Pahang,655974,289987,16824
10/1/2021,Perak,1246467,569784,33639
10/1/2021,Perlis,161508,96759,5037
10/1/2021,Pulau Pinang,1279809,559073,28418
10/1/2021,Sabah,933192,350306,23950
10/1/2021,Sarawak,1334106,495907,25887
10/1/2021,Selangor,4517219,2047516,83582
10/1/2021,Terengganu,245869,135253,14188
10/1/2021,W.P. KualaLumpur,3640235,1613097,58010
10/1/2021,W.P. Labuan,50774,22263,1156
10/1/2021,W.P. Putrajaya,244531,139718,1633
11/1/2021,Johor,2144434,931533,83372
11/1/2021,Kedah,752881,393148,34876
11/1/2021,Kelantan,239028,135636,17613
11/1/2021,Melaka,610183,270818,22076
11/1/2021,Negeri Sembilan,639212,313503,23368
11/1/2021,Pahang,675226,301294,26464
11/1/2021,Perak,1239549,558963,50825
11/1/2021,Perlis,181143,111643,8498
11/1/2021,Pulau Pinang,1337917,600612,46003
11/1/2021,Sabah,900147,359604,34577
11/1/2021,Sarawak,1205126,487669,39157
11/1/2021,Selangor,4440272,2111257,134466
11/1/2021,Terengganu,239233,131533,14572
11/1/2021,W.P. KualaLumpur,3729778,1692938,93227
11/1/2021,W.P. Labuan,57551,26436,1822
11/1/2021,W.P. Putrajaya,223032,130821,2654
12/1/2021,Johor,2387823,995526,86194
12/1/2021,Kedah,780159,408691,34882
12/1/2021,Kelantan,255335,144722,17886
12/1/2021,Melaka,658265,285390,22670
12/1/2021,Negeri Sembilan,666573,328220,23745
12/1/2021,Pahang,714035,320537,27506
12/1/2021,Perak,1269497,573267,51714
12/1/2021,Perlis,186903,116839,8661
12/1/2021,Pulau Pinang,1456427,633082,47111
12/1/2021,Sabah,1094520,413015,35767
12/1/2021,Sarawak,1188474,483320,39436
12/1/2021,Selangor,5046059,2304064,139181
12/1/2021,Terengganu,263861,143350,14967
12/1/2021,W.P. KualaLumpur,4179019,1832643,95946
12/1/2021,W.P. Labuan,71835,29478,1931
12/1/2021,W.P. Putrajaya,255793,147274,2658
13/1/2021,Johor,1115240,609220,66113
13/1/2021,Kedah,689585,352429,35105
13/1/2021,Kelantan,211100,120286,17734
13/1/2021,Melaka,284531,160923,16658
13/1/2021,Negeri Sembilan,604618,275148,23901
13/1/2021,Pahang,654404,284303,28160
13/1/2021,Perak,1135544,500852,51592
13/1/2021,Perlis,143256,88186,8089
13/1/2021,Pulau Pinang,718676,408279,35885
13/1/2021,Sabah,442677,224634,23497
13/1/2021,Sarawak,1073036,444367,38618
13/1/2021,Selangor,2490160,1393915,108365
13/1/2021,Terengganu,242784,130678,15471
13/1/2021,W.P. KualaLumpur,1939265,1061017,70304
13/1/2021,W.P. Labuan,31375,17037,1484
13/1/2021,W.P. Putrajaya,101586,67765,1920
14/1/2021,Johor,1191667,637331,68961
14/1/2021,Kedah,689464,353549,35316
14/1/2021,Kelantan,232506,129472,18384
14/1/2021,Melaka,301005,168519,17525
14/1/2021,Negeri Sembilan,524714,246652,17872
14/1/2021,Pahang,658794,289027,28612
14/1/2021,Perak,1073008,488562,51382
14/1/2021,Perlis,142694,88891,8274
14/1/2021,Pulau Pinang,750126,419406,37582
14/1/2021,Sabah,497566,243996,26159
14/1/2021,Sarawak,1052095,441681,37848
14/1/2021,Selangor,2650041,1465584,113723
14/1/2021,Terengganu,258690,136998,15930
14/1/2021,W.P. KualaLumpur,2048375,1116925,73804
14/1/2021,W.P. Labuan,32155,17063,1443
14/1/2021,W.P. Putrajaya,112736,74419,2051
15/1/2021,Johor,1169996,628410,66074
15/1/2021,Kedah,640269,333287,25851
15/1/2021,Kelantan,193994,113929,10418
15/1/2021,Melaka,306302,170130,17622
15/1/2021,Negeri Sembilan,633432,293753,24092
15/1/2021,Pahang,708395,305888,28930
15/1/2021,Perak,1168229,518859,51769
15/1/2021,Perlis,147199,90749,8042
15/1/2021,Pulau Pinang,763342,425335,37747
15/1/2021,Sabah,551083,262012,27491
15/1/2021,Sarawak,1194151,478519,39368
15/1/2021,Selangor,2753178,1509118,115572
15/1/2021,Terengganu,189210,110854,8377
15/1/2021,W.P. KualaLumpur,2126940,1157510,75337
15/1/2021,W.P. Labuan,34386,17641,1485
15/1/2021,W.P. Putrajaya,116424,77117,2046
16/1/2021,Johor,1194514,623021,62116
16/1/2021,Kedah,699938,350689,31513
16/1/2021,Kelantan,132575,84183,12806
16/1/2021,Melaka,291705,161822,15416
16/1/2021,Negeri Sembilan,628695,281467,21521
16/1/2021,Pahang,700148,294629,25606
16/1/2021,Perak,1210071,517013,48004
16/1/2021,Perlis,139349,82090,7123
16/1/2021,Pulau Pinang,745211,403662,32560
16/1/2021,Sabah,467148,224935,23625
16/1/2021,Sarawak,1172321,447672,33454
16/1/2021,Selangor,2808934,1478515,97399
16/1/2021,Terengganu,256523,131989,13971
16/1/2021,W.P. KualaLumpur,2019755,1089406,60764
16/1/2021,W.P. Labuan,29335,15323,1131
16/1/2021,W.P. Putrajaya,117725,79320,1358
17/1/2021,Johor,1194251,614668,50566
17/1/2021,Kedah,722663,360263,32863
17/1/2021,Kelantan,153746,94855,15077
17/1/2021,Melaka,238396,138785,10337
17/1/2021,Negeri Sembilan,530232,248743,15774
17/1/2021,Pahang,584113,260998,18641
17/1/2021,Perak,1036309,466205,33362
17/1/2021,Perlis,107617,65009,4787
17/1/2021,Pulau Pinang,616899,346369,21399
17/1/2021,Sabah,349166,177330,14460
17/1/2021,Sarawak,1109965,427206,24476
17/1/2021,Selangor,2379782,1285038,65712
17/1/2021,Terengganu,265747,138826,16756
17/1/2021,W.P. KualaLumpur,1680208,952753,42188
17/1/2021,W.P. Labuan,24967,13448,793
17/1/2021,W.P. Putrajaya,115061,77896,1162
18/1/2021,Johor,1289187,673723,73145
18/1/2021,Kedah,685613,356843,35283
18/1/2021,Kelantan,151481,93910,15401
18/1/2021,Melaka,325129,177350,18322
18/1/2021,Negeri Sembilan,600834,283763,23776
18/1/2021,Pahang,689997,301868,29848
18/1/2021,Perak,1165972,517159,51934
18/1/2021,Perlis,145748,90441,8423
18/1/2021,Pulau Pinang,814946,441341,39168
18/1/2021,Sabah,522870,254903,27747
18/1/2021,Sarawak,1088347,451580,38366
18/1/2021,Selangor,2788956,1519050,118889
18/1/2021,Terengganu,271732,141591,17192
18/1/2021,W.P. KualaLumpur,2170906,1168151,77234
18/1/2021,W.P. Labuan,33251,17683,1473
18/1/2021,W.P. Putrajaya,117800,77596,2156
19/1/2021,Johor,1342629,693049,75639
19/1/2021,Kedah,713690,367417,35961
19/1/2021,Kelantan,161208,98662,16084
19/1/2021,Melaka,326022,178842,18703
19/1/2021,Negeri Sembilan,437929,232984,22158
19/1/2021,Pahang,723818,310164,30634
19/1/2021,Perak,1199776,527524,53301
19/1/2021,Perlis,153003,94001,8601
19/1/2021,Pulau Pinang,833006,449459,39873
19/1/2021,Sabah,578523,271631,29191
19/1/2021,Sarawak,1120771,460982,39397
19/1/2021,Selangor,2823663,1532801,120848
19/1/2021,Terengganu,306944,153836,17957
19/1/2021,W.P. KualaLumpur,2213759,1188040,78742
19/1/2021,W.P. Labuan,38229,19159,1572
19/1/2021,W.P. Putrajaya,119500,77944,2196
20/1/2021,Johor,1366444,702823,77063
20/1/2021,Kedah,824165,401491,37674
20/1/2021,Kelantan,166538,101487,16485
20/1/2021,Melaka,338207,183231,18957
20/1/2021,Negeri Sembilan,479635,245489,23041
20/1/2021,Pahang,834587,335948,32204
20/1/2021,Perak,1402581,571934,55333
20/1/2021,Perlis,169940,99310,8971
20/1/2021,Pulau Pinang,844617,456017,40374
20/1/2021,Sabah,576544,272520,30146
20/1/2021,Sarawak,1105633,453585,39792
20/1/2021,Selangor,2885768,1559643,122650
20/1/2021,Terengganu,362574,173275,19194
20/1/2021,W.P. KualaLumpur,2254341,1216253,79687
20/1/2021,W.P. Labuan,37843,19134,1593
20/1/2021,W.P. Putrajaya,121439,79850,2230
21/1/2021,Johor,1347818,698542,76743
21/1/2021,Kedah,881737,422821,38319
21/1/2021,Kelantan,179786,107750,16668
21/1/2021,Melaka,342545,185070,19134
21/1/2021,Negeri Sembilan,489373,250009,23262
21/1/2021,Pahang,894978,354607,32782
21/1/2021,Perak,1461687,591825,56077
21/1/2021,Perlis,178357,103335,9106
21/1/2021,Pulau Pinang,853068,458258,40514
21/1/2021,Sabah,563604,267676,29407
21/1/2021,Sarawak,1117585,462382,39933
21/1/2021,Selangor,2921265,1573995,122467
21/1/2021,Terengganu,404183,187020,19577
21/1/2021,W.P. KualaLumpur,2298618,1239665,79679
21/1/2021,W.P. Labuan,37998,19328,1561
21/1/2021,W.P. Putrajaya,126239,82308,2285
22/1/2021,Johor,1334999,682806,73095
22/1/2021,Kedah,418863,250071,22659
22/1/2021,Kelantan,126728,80716,8932
22/1/2021,Melaka,357246,188315,19363
22/1/2021,Negeri Sembilan,437798,232938,22056
22/1/2021,Pahang,482337,238798,27813
22/1/2021,Perak,786018,399497,46221
22/1/2021,Perlis,125601,82151,7842
22/1/2021,Pulau Pinang,871703,457410,40586
22/1/2021,Sabah,629124,287689,30772
22/1/2021,Sarawak,1168615,473773,40542
22/1/2021,Selangor,2961963,1577447,122726
22/1/2021,Terengganu,115994,73828,7569
22/1/2021,W.P. KualaLumpur,2301931,1225118,79718
22/1/2021,W.P. Labuan,39944,19814,1573
22/1/2021,W.P. Putrajaya,128518,82765,2236
23/1/2021,Johor,1401419,690095,69200
23/1/2021,Kedah,515055,284283,29031
23/1/2021,Kelantan,185632,106890,15722
23/1/2021,Melaka,344505,178216,16934
23/1/2021,Negeri Sembilan,436332,221951,19683
23/1/2021,Pahang,441184,219137,24823
23/1/2021,Perak,807289,397663,42768
23/1/2021,Perlis,123130,75629,6942
23/1/2021,Pulau Pinang,827820,426561,34447
23/1/2021,Sabah,605672,268732,26781
23/1/2021,Sarawak,1273013,472021,35285
23/1/2021,Selangor,3062984,1552524,103146
23/1/2021,Terengganu,199624,109212,13580
23/1/2021,W.P. KualaLumpur,2238072,1169107,64412
23/1/2021,W.P. Labuan,38412,18414,1273
23/1/2021,W.P. Putrajaya,127237,84010,1475
24/1/2021,Johor,1399083,684316,56948
24/1/2021,Kedah,572975,309744,30763
24/1/2021,Kelantan,201341,117102,18317
24/1/2021,Melaka,282180,154641,11365
24/1/2021,Negeri Sembilan,376976,197317,13939
24/1/2021,Pahang,408708,205460,18349
24/1/2021,Perak,691339,355378,29079
24/1/2021,Perlis,100353,61535,4812
24/1/2021,Pulau Pinang,713417,377079,22952
24/1/2021,Sabah,547864,244033,18919
24/1/2021,Sarawak,1157283,436517,25055
24/1/2021,Selangor,2674131,1385282,69766
24/1/2021,Terengganu,235863,127812,17174
24/1/2021,W.P. KualaLumpur,1982957,1063169,45412
24/1/2021,W.P. Labuan,31433,15976,883
24/1/2021,W.P. Putrajaya,130802,86301,1268
25/1/2021,Johor,1522372,750583,79075
25/1/2021,Kedah,603744,326211,33916
25/1/2021,Kelantan,213856,121327,18559
25/1/2021,Melaka,410997,206594,19870
25/1/2021,Negeri Sembilan,496109,249566,22795
25/1/2021,Pahang,610129,273700,30861
25/1/2021,Perak,956842,452355,48872
25/1/2021,Perlis,150319,92302,8559
25/1/2021,Pulau Pinang,930366,477417,41228
25/1/2021,Sabah,704962,311135,32413
25/1/2021,Sarawak,1253681,486292,40456
25/1/2021,Selangor,3138917,1647083,124812
25/1/2021,Terengganu,256028,134130,17688
25/1/2021,W.P. KualaLumpur,2506462,1312558,81512
25/1/2021,W.P. Labuan,46649,21692,1659
25/1/2021,W.P. Putrajaya,145210,90604,2323
26/1/2021,Johor,1545451,758734,80189
26/1/2021,Kedah,612255,331042,34130
26/1/2021,Kelantan,207882,119231,18316
26/1/2021,Melaka,394685,202276,20023
26/1/2021,Negeri Sembilan,482893,245431,22825
26/1/2021,Pahang,597629,272900,31234
26/1/2021,Perak,959802,455985,49656
26/1/2021,Perlis,150950,93237,8632
26/1/2021,Pulau Pinang,944343,484460,41700
26/1/2021,Sabah,687994,307740,32525
26/1/2021,Sarawak,1234354,480428,40746
26/1/2021,Selangor,3170692,1661207,126784
26/1/2021,Terengganu,253153,133812,17787
26/1/2021,W.P. KualaLumpur,2525787,1318256,82765
26/1/2021,W.P. Labuan,44941,21261,1656
26/1/2021,W.P. Putrajaya,141516,89066,2338
27/1/2021,Johor,1517455,751912,80423
27/1/2021,Kedah,577902,318790,33700
27/1/2021,Kelantan,200169,116224,18261
27/1/2021,Melaka,396340,202317,20134
27/1/2021,Negeri Sembilan,479058,245851,23014
27/1/2021,Pahang,565903,265654,30883
27/1/2021,Perak,946160,453554,49784
27/1/2021,Perlis,143716,89862,8587
27/1/2021,Pulau Pinang,920543,475680,41799
27/1/2021,Sabah,710488,315899,33628
27/1/2021,Sarawak,1217395,474355,40951
27/1/2021,Selangor,3097607,1636312,126944
27/1/2021,Terengganu,242882,130455,17572
27/1/2021,W.P. KualaLumpur,2476770,1297416,83238
27/1/2021,W.P. Labuan,46901,21825,1712
27/1/2021,W.P. Putrajaya,134610,86881,2341
28/1/2021,Johor,1331459,675260,70417
28/1/2021,Kedah,605354,324082,33418
28/1/2021,Kelantan,206949,119427,17921
28/1/2021,Melaka,385437,198586,20059
28/1/2021,Negeri Sembilan,416489,213482,18679
28/1/2021,Pahang,573684,266713,30766
28/1/2021,Perak,840867,407884,42550
28/1/2021,Perlis,135762,82716,8062
28/1/2021,Pulau Pinang,768970,406742,33660
28/1/2021,Sabah,703534,312615,33635
28/1/2021,Sarawak,1225712,479434,40991
28/1/2021,Selangor,2849555,1467792,96298
28/1/2021,Terengganu,257279,135026,17625
28/1/2021,W.P. KualaLumpur,2129618,1134612,60862
28/1/2021,W.P. Labuan,46750,21772,1656
28/1/2021,W.P. Putrajaya,132849,84980,1401
29/1/2021,Johor,1448165,720893,74640
29/1/2021,Kedah,533147,298933,24454
29/1/2021,Kelantan,143599,89520,9363
29/1/2021,Melaka,398929,204580,19745
29/1/2021,Negeri Sembilan,506008,258227,22476
29/1/2021,Pahang,590999,273667,29987
29/1/2021,Perak,991414,469236,49409
29/1/2021,Perlis,152264,93804,8356
29/1/2021,Pulau Pinang,970646,488516,41551
29/1/2021,Sabah,697044,311372,33396
29/1/2021,Sarawak,1195681,473198,40560
29/1/2021,Selangor,3327488,1715541,126599
29/1/2021,Terengganu,162649,97065,8644
29/1/2021,W.P. KualaLumpur,2668185,1370832,82777
29/1/2021,W.P. Labuan,48909,22423,1683
29/1/2021,W.P. Putrajaya,152885,97711,2260
30/1/2021,Johor,1489769,719516,69830
30/1/2021,Kedah,599913,318263,29846
30/1/2021,Kelantan,197965,112635,15522
30/1/2021,Melaka,383295,192283,17231
30/1/2021,Negeri Sembilan,476806,237622,19622
30/1/2021,Pahang,538955,248641,26000
30/1/2021,Perak,940990,443717,44167
30/1/2021,Perlis,140407,83032,7304
30/1/2021,Pulau Pinang,911004,451728,35259
30/1/2021,Sabah,685977,294539,28667
30/1/2021,Sarawak,1375675,485162,35464
30/1/2021,Selangor,3308172,1648202,104939
30/1/2021,Terengganu,240177,125138,14492
30/1/2021,W.P. KualaLumpur,2436395,1260153,65572
30/1/2021,W.P. Labuan,45476,20299,1279
30/1/2021,W.P. Putrajaya,143978,95247,1487
31/1/2021,Johor,1531689,724978,57379
31/1/2021,Kedah,624527,329728,30474
31/1/2021,Kelantan,201484,116975,17784
31/1/2021,Melaka,315446,165887,11729
31/1/2021,Negeri Sembilan,412140,210239,13748
31/1/2021,Pahang,442699,217120,18043
31/1/2021,Perak,797933,392342,29548
31/1/2021,Perlis,110750,66123,4826
31/1/2021,Pulau Pinang,772942,396360,23501
31/1/2021,Sabah,620779,264491,19803
31/1/2021,Sarawak,1354118,470386,25825
31/1/2021,Selangor,2883309,1463380,70714
31/1/2021,Terengganu,247196,131322,17233
31/1/2021,W.P. KualaLumpur,2137782,1137234,46127
31/1/2021,W.P. Labuan,37936,17743,906
31/1/2021,W.P. Putrajaya,141552,94178,1270
1/2/2021,Johor,1521665,752852,78334
1/2/2021,Kedah,596320,327319,33311
1/2/2021,Kelantan,192448,113406,17674
1/2/2021,Melaka,401806,203626,19927
1/2/2021,Negeri Sembilan,489971,249962,22229
1/2/2021,Pahang,571128,265168,30207
1/2/2021,Perak,997204,468270,49100
1/2/2021,Perlis,152237,93969,8554
1/2/2021,Pulau Pinang,969329,489137,41668
1/2/2021,Sabah,718253,318207,33793
1/2/2021,Sarawak,1254631,485177,40900
1/2/2021,Selangor,3367460,1707423,125069
1/2/2021,Terengganu,245481,131288,17539
1/2/2021,W.P. KualaLumpur,2142826,1165901,61073
1/2/2021,W.P. Labuan,34443,17009,927
1/2/2021,W.P. Putrajaya,120186,79427,1434
2/2/2021,Johor,1513941,751385,79384
2/2/2021,Kedah,590883,325391,33573
2/2/2021,Kelantan,188657,111556,17668
2/2/2021,Melaka,385785,199424,19984
2/2/2021,Negeri Sembilan,459163,240114,22283
2/2/2021,Pahang,561572,263989,30469
2/2/2021,Perak,952473,455951,49531
2/2/2021,Perlis,147614,92104,8575
2/2/2021,Pulau Pinang,946889,484396,42025
2/2/2021,Sabah,698267,313242,33720
2/2/2021,Sarawak,1272338,486913,41411
2/2/2021,Selangor,3193138,1674296,127240
2/2/2021,Terengganu,250417,132566,17708
2/2/2021,W.P. KualaLumpur,2632186,1354849,84139
2/2/2021,W.P. Labuan,47925,22310,1689
2/2/2021,W.P. Putrajaya,144132,92839,2410
3/2/2021,Johor,1537955,757852,79890
3/2/2021,Kedah,600388,329354,34089
3/2/2021,Kelantan,189701,110997,17563
3/2/2021,Melaka,393339,201560,20197
3/2/2021,Negeri Sembilan,466037,242090,22535
3/2/2021,Pahang,571015,266408,30859
3/2/2021,Perak,971750,460366,49694
3/2/2021,Perlis,149962,92911,8728
3/2/2021,Pulau Pinang,952625,487054,42121
3/2/2021,Sabah,680618,308835,33854
3/2/2021,Sarawak,1229800,473974,40924
3/2/2021,Selangor,3189467,1672900,127833
3/2/2021,Terengganu,253101,133779,18035
3/2/2021,W.P. KualaLumpur,2601502,1343321,84313
3/2/2021,W.P. Labuan,45573,21717,1688
3/2/2021,W.P. Putrajaya,140442,91429,2379
4/2/2021,Johor,1565059,765376,79807
4/2/2021,Kedah,624213,336771,34560
4/2/2021,Kelantan,199798,116083,17800
4/2/2021,Melaka,398015,202776,20343
4/2/2021,Negeri Sembilan,474897,245343,22768
4/2/2021,Pahang,584653,270767,31083
4/2/2021,Perak,993154,466967,50104
4/2/2021,Perlis,155412,95658,8817
4/2/2021,Pulau Pinang,973901,492968,42349
4/2/2021,Sabah,733983,322368,34556
4/2/2021,Sarawak,1211762,476865,40605
4/2/2021,Selangor,3273818,1701574,128193
4/2/2021,Terengganu,266687,138898,18162
4/2/2021,W.P. KualaLumpur,2671204,1372451,84494
4/2/2021,W.P. Labuan,48639,22554,1690
4/2/2021,W.P. Putrajaya,141868,92764,2406
5/2/2021,Johor,1586238,766290,78240
5/2/2021,Kedah,579617,316893,26426
5/2/2021,Kelantan,146949,90861,9572
5/2/2021,Melaka,423024,211695,20798
5/2/2021,Negeri Sembilan,512402,261492,23603
5/2/2021,Pahang,614285,281690,31309
5/2/2021,Perak,1036935,483502,51578
5/2/2021,Perlis,165735,99504,8904
5/2/2021,Pulau Pinang,1028968,509273,44250
5/2/2021,Sabah,748949,326950,35428
5/2/2021,Sarawak,1313767,500145,41445
5/2/2021,Selangor,3440899,1762345,132760
5/2/2021,Terengganu,173273,101296,9340
5/2/2021,W.P. KualaLumpur,2825126,1424264,87679
5/2/2021,W.P. Labuan,51127,23255,1750
5/2/2021,W.P. Putrajaya,159307,103290,2422
6/2/2021,Johor,1681464,773566,73813
6/2/2021,Kedah,654665,339201,32240
6/2/2021,Kelantan,208607,117259,16517
6/2/2021,Melaka,402732,197941,18397
6/2/2021,Negeri Sembilan,511248,248239,20886
6/2/2021,Pahang,589509,262362,27797
6/2/2021,Perak,1029350,469271,46778
6/2/2021,Perlis,158473,90353,7954
6/2/2021,Pulau Pinang,1039185,488088,38803
6/2/2021,Sabah,776481,320568,31594
6/2/2021,Sarawak,1460150,503045,36054
6/2/2021,Selangor,3612691,1751276,111911
6/2/2021,Terengganu,260811,133148,15832
6/2/2021,W.P. KualaLumpur,2675470,1341143,70678
6/2/2021,W.P. Labuan,48765,21927,1431
6/2/2021,W.P. Putrajaya,157246,103802,1558
7/2/2021,Johor,1737320,782608,62528
7/2/2021,Kedah,693133,356214,33527
7/2/2021,Kelantan,215901,123430,19054
7/2/2021,Melaka,343155,175511,12887
7/2/2021,Negeri Sembilan,443014,221738,15044
7/2/2021,Pahang,506022,235771,20094
7/2/2021,Perak,890914,423754,32530
7/2/2021,Perlis,128386,73908,5571
7/2/2021,Pulau Pinang,900480,436257,26807
7/2/2021,Sabah,708619,292054,22848
7/2/2021,Sarawak,1396741,478089,26137
7/2/2021,Selangor,3240690,1582657,78161
7/2/2021,Terengganu,280821,144509,19288
7/2/2021,W.P. KualaLumpur,2418608,1235632,50992
7/2/2021,W.P. Labuan,40758,18896,1008
7/2/2021,W.P. Putrajaya,158939,105579,1339
8/2/2021,Johor,1685393,800963,82562
8/2/2021,Kedah,657839,351556,36492
8/2/2021,Kelantan,204681,117870,18982
8/2/2021,Melaka,435231,213663,21188
8/2/2021,Negeri Sembilan,501030,254102,23563
8/2/2021,Pahang,628500,282642,32539
8/2/2021,Perak,1056765,487052,51697
8/2/2021,Perlis,171840,102036,9448
8/2/2021,Pulau Pinang,1106054,526314,45290
8/2/2021,Sabah,787516,340176,37166
8/2/2021,Sarawak,1325833,502316,41070
8/2/2021,Selangor,3395634,1741490,132179
8/2/2021,Terengganu,264105,138987,19087
8/2/2021,W.P. KualaLumpur,2803409,1415726,87660
8/2/2021,W.P. Labuan,48876,22518,1778
8/2/2021,W.P. Putrajaya,152731,99226,2445
9/2/2021,Johor,1762601,821741,82913
9/2/2021,Kedah,680003,357642,36607
9/2/2021,Kelantan,211972,120758,19073
9/2/2021,Melaka,445496,216818,21258
9/2/2021,Negeri Sembilan,519489,259576,23788
9/2/2021,Pahang,640898,285800,32494
9/2/2021,Perak,1095518,498013,52115
9/2/2021,Perlis,174248,103207,9491
9/2/2021,Pulau Pinang,1128371,533154,45352
9/2/2021,Sabah,830260,350427,37635
9/2/2021,Sarawak,1475595,525151,41346
9/2/2021,Selangor,3556161,1793735,134250
9/2/2021,Terengganu,275067,143018,19158
9/2/2021,W.P. KualaLumpur,2934837,1463112,88423
9/2/2021,W.P. Labuan,52889,23628,1808
9/2/2021,W.P. Putrajaya,164526,105847,2485
10/2/2021,Johor,2221276,910717,82483
10/2/2021,Kedah,806554,392925,38424
10/2/2021,Kelantan,259903,138699,21081
10/2/2021,Melaka,550922,241259,21753
10/2/2021,Negeri Sembilan,626451,288646,24361
10/2/2021,Pahang,734125,308196,32647
10/2/2021,Perak,1309563,545054,53015
10/2/2021,Perlis,197150,109544,9607
10/2/2021,Pulau Pinang,1390901,580937,45129
10/2/2021,Sabah,1035669,390122,39983
10/2/2021,Sarawak,1584435,540577,39660
10/2/2021,Selangor,4313531,1988093,134303
10/2/2021,Terengganu,325359,159057,20588
10/2/2021,W.P. KualaLumpur,3626887,1642493,89949
10/2/2021,W.P. Labuan,62899,25517,1918
10/2/2021,W.P. Putrajaya,201903,121451,2565
11/2/2021,Johor,1758743,793531,63021
11/2/2021,Kedah,733054,368183,33878
11/2/2021,Kelantan,261913,142188,20280
11/2/2021,Melaka,452104,216965,17733
11/2/2021,Negeri Sembilan,585051,277004,21423
11/2/2021,Pahang,682272,297656,29308
11/2/2021,Perak,1136602,505201,44606
11/2/2021,Perlis,167238,93057,7960
11/2/2021,Pulau Pinang,1112835,506241,33648
11/2/2021,Sabah,1060803,396130,36893
11/2/2021,Sarawak,1302434,491181,31620
11/2/2021,Selangor,3985838,1883648,108390
11/2/2021,Terengganu,333154,163769,20572
11/2/2021,W.P. KualaLumpur,3338897,1556381,72585
11/2/2021,W.P. Labuan,62730,25643,1825
11/2/2021,W.P. Putrajaya,215982,126770,2564
12/2/2021,Johor,1153658,575102,37954
12/2/2021,Kedah,494594,272615,19491
12/2/2021,Kelantan,181420,108514,11251
12/2/2021,Melaka,291577,155252,11281
12/2/2021,Negeri Sembilan,408976,208667,13023
12/2/2021,Pahang,465515,229326,18660
12/2/2021,Perak,729034,367888,26875
12/2/2021,Perlis,111844,65266,4911
12/2/2021,Pulau Pinang,638507,330788,20156
12/2/2021,Sabah,721838,292396,22579
12/2/2021,Sarawak,761978,318947,17992
12/2/2021,Selangor,2784236,1413693,65362
12/2/2021,Terengganu,206827,119058,10291
12/2/2021,W.P. KualaLumpur,2177736,1076435,41691
12/2/2021,W.P. Labuan,43010,19525,1093
12/2/2021,W.P. Putrajaya,181126,101437,1486
13/2/2021,Johor,1338810,643401,42636
13/2/2021,Kedah,579778,305077,23590
13/2/2021,Kelantan,223430,123839,15867
13/2/2021,Melaka,330108,169569,12281
13/2/2021,Negeri Sembilan,437857,218084,14082
13/2/2021,Pahang,521099,245012,20107
13/2/2021,Perak,850030,412351,29894
13/2/2021,Perlis,123394,70235,5324
13/2/2021,Pulau Pinang,788562,385092,22896
13/2/2021,Sabah,786107,307497,23994
13/2/2021,Sarawak,978174,379029,18495
13/2/2021,Selangor,3200481,1567090,70526
13/2/2021,Terengganu,277651,141677,15289
13/2/2021,W.P. KualaLumpur,2511806,1200961,45616
13/2/2021,W.P. Labuan,44765,19702,1100
13/2/2021,W.P. Putrajaya,193368,108027,1511
14/2/2021,Johor,1572570,722358,47188
14/2/2021,Kedah,665782,339997,27118
14/2/2021,Kelantan,231859,128386,17771
14/2/2021,Melaka,382591,188749,11951
14/2/2021,Negeri Sembilan,480213,235507,13562
14/2/2021,Pahang,531586,250209,18609
14/2/2021,Perak,921940,438816,28663
14/2/2021,Perlis,132056,74877,5156
14/2/2021,Pulau Pinang,942959,432878,23270
14/2/2021,Sabah,847380,325174,23741
14/2/2021,Sarawak,1128254,428104,19184
14/2/2021,Selangor,3507588,1669933,69851
14/2/2021,Terengganu,287342,145595,17411
14/2/2021,W.P. KualaLumpur,2835120,1304203,46194
14/2/2021,W.P. Labuan,44066,19491,1041
14/2/2021,W.P. Putrajaya,201850,111452,1483
15/2/2021,Johor,1803637,829578,73032
15/2/2021,Kedah,749826,381255,36415
15/2/2021,Kelantan,256002,140589,21668
15/2/2021,Melaka,478851,227322,20117
15/2/2021,Negeri Sembilan,555181,272324,22301
15/2/2021,Pahang,700738,305925,31160
15/2/2021,Perak,1153718,518190,48140
15/2/2021,Perlis,178917,100802,8956
15/2/2021,Pulau Pinang,1184030,529467,40420
15/2/2021,Sabah,1034521,400679,40608
15/2/2021,Sarawak,1285336,497356,35948
15/2/2021,Selangor,3833423,1853083,121112
15/2/2021,Terengganu,327976,162401,21232
15/2/2021,W.P. KualaLumpur,3185991,1497259,80550
15/2/2021,W.P. Labuan,59482,25266,1892
15/2/2021,W.P. Putrajaya,190244,109849,2654
16/2/2021,Johor,1829495,842359,78993
16/2/2021,Kedah,731002,377135,37832
16/2/2021,Kelantan,251782,139261,21726
16/2/2021,Melaka,491313,232404,21558
16/2/2021,Negeri Sembilan,565936,275841,23532
16/2/2021,Pahang,706166,308594,32543
16/2/2021,Perak,1166641,520599,51188
16/2/2021,Perlis,182587,106328,9463
16/2/2021,Pulau Pinang,1205032,547201,43848
16/2/2021,Sabah,1047502,404835,42928
16/2/2021,Sarawak,1304358,503567,39953
16/2/2021,Selangor,3879706,1877570,129970
16/2/2021,Terengganu,321161,160663,21194
16/2/2021,W.P. KualaLumpur,3209463,1495563,86110
16/2/2021,W.P. Labuan,60577,25515,1966
16/2/2021,W.P. Putrajaya,181867,105997,2654
17/2/2021,Johor,1877763,858538,83523
17/2/2021,Kedah,738160,380467,38785
17/2/2021,Kelantan,250757,138118,21684
17/2/2021,Melaka,503966,236322,22373
17/2/2021,Negeri Sembilan,572439,278494,24751
17/2/2021,Pahang,709947,311154,33236
17/2/2021,Perak,1173642,525498,53310
17/2/2021,Perlis,184341,108289,9847
17/2/2021,Pulau Pinang,1221447,557275,46594
17/2/2021,Sabah,1037324,406291,43795
17/2/2021,Sarawak,1267790,498443,41664
17/2/2021,Selangor,3814785,1873920,136312
17/2/2021,Terengganu,320842,160954,21206
17/2/2021,W.P. KualaLumpur,3189761,1490572,90905
17/2/2021,W.P. Labuan,60679,25777,1998
17/2/2021,W.P. Putrajaya,175142,102788,2668
18/2/2021,Johor,1861254,862375,85171
18/2/2021,Kedah,745169,383041,39237
18/2/2021,Kelantan,258881,141508,21744
18/2/2021,Melaka,482858,231597,22600
18/2/2021,Negeri Sembilan,562916,279723,24954
18/2/2021,Pahang,711193,313388,33584
18/2/2021,Perak,1157743,524703,54109
18/2/2021,Perlis,187458,110429,9959
18/2/2021,Pulau Pinang,1224415,560844,47456
18/2/2021,Sabah,1025512,405644,44154
18/2/2021,Sarawak,1177005,484031,41458
18/2/2021,Selangor,3883500,1910568,139118
18/2/2021,Terengganu,328353,163623,21299
18/2/2021,W.P. KualaLumpur,3205336,1514812,92868
18/2/2021,W.P. Labuan,57671,25225,1979
18/2/2021,W.P. Putrajaya,175215,103231,2673
19/2/2021,Johor,1946502,884226,82323
19/2/2021,Kedah,735183,377496,29406
19/2/2021,Kelantan,209253,122721,12341
19/2/2021,Melaka,549657,252434,23147
19/2/2021,Negeri Sembilan,635101,306470,25401
19/2/2021,Pahang,791480,337540,33512
19/2/2021,Perak,1285239,564749,55606
19/2/2021,Perlis,206848,118045,9803
19/2/2021,Pulau Pinang,1315659,586643,47605
19/2/2021,Sabah,1104988,427977,45133
19/2/2021,Sarawak,1166656,479895,40930
19/2/2021,Selangor,4153946,2017295,140883
19/2/2021,Terengganu,248992,137983,11102
19/2/2021,W.P. KualaLumpur,3476998,1612397,94301
19/2/2021,W.P. Labuan,65354,27615,2060
19/2/2021,W.P. Putrajaya,208220,118908,2680
20/2/2021,Johor,2063121,896712,77211
20/2/2021,Kedah,807652,399032,35136
20/2/2021,Kelantan,276710,147130,19570
20/2/2021,Melaka,581875,255098,20685
20/2/2021,Negeri Sembilan,656882,302013,22654
20/2/2021,Pahang,758997,321297,29415
20/2/2021,Perak,1297865,556178,49300
20/2/2021,Perlis,185962,103010,8284
20/2/2021,Pulau Pinang,1230936,541265,37619
20/2/2021,Sabah,1115750,411323,39928
20/2/2021,Sarawak,1376011,504456,37387
20/2/2021,Selangor,4542921,2064957,116967
20/2/2021,Terengganu,341735,166332,18201
20/2/2021,W.P. KualaLumpur,3608584,1596680,76161
20/2/2021,W.P. Labuan,65504,26683,1740
20/2/2021,W.P. Putrajaya,217644,119221,1847
21/2/2021,Johor,2150707,914711,66566
21/2/2021,Kedah,862768,420478,37214
21/2/2021,Kelantan,283228,153456,22199
21/2/2021,Melaka,534438,239935,15227
21/2/2021,Negeri Sembilan,611023,284515,16867
21/2/2021,Pahang,679480,300641,21576
21/2/2021,Perak,1196969,528888,35672
21/2/2021,Perlis,163502,91238,6089
21/2/2021,Pulau Pinang,1188548,522694,29330
21/2/2021,Sabah,1035801,387817,30010
21/2/2021,Sarawak,1255617,472763,27101
21/2/2021,Selangor,4325317,1977032,86044
21/2/2021,Terengganu,362195,176547,21511
21/2/2021,W.P. KualaLumpur,3477124,1549273,57767
21/2/2021,W.P. Labuan,58699,25023,1322
21/2/2021,W.P. Putrajaya,226461,125741,1621
22/2/2021,Johor,1953015,894491,87474
22/2/2021,Kedah,790508,402072,39896
22/2/2021,Kelantan,267318,145897,21931
22/2/2021,Melaka,545820,250664,23476
22/2/2021,Negeri Sembilan,612440,296432,25673
22/2/2021,Pahang,794156,337370,34740
22/2/2021,Perak,1258342,554390,56050
22/2/2021,Perlis,201852,117394,10190
22/2/2021,Pulau Pinang,1255250,575342,48599
22/2/2021,Sabah,1098640,430151,45455
22/2/2021,Sarawak,1188326,488672,42267
22/2/2021,Selangor,4044900,1987350,141385
22/2/2021,Terengganu,339149,169098,21413
22/2/2021,W.P. KualaLumpur,3325752,1572856,95248
22/2/2021,W.P. Labuan,65833,27860,2097
22/2/2021,W.P. Putrajaya,190648,110242,2733
23/2/2021,Johor,2002178,911504,89144
23/2/2021,Kedah,800625,406650,39977
23/2/2021,Kelantan,272835,148320,22009
23/2/2021,Melaka,549272,252541,23726
23/2/2021,Negeri Sembilan,619425,299361,25851
23/2/2021,Pahang,798646,340327,35118
23/2/2021,Perak,1260737,556271,56809
23/2/2021,Perlis,201788,118110,10210
23/2/2021,Pulau Pinang,1285812,586047,49194
23/2/2021,Sabah,1125929,436727,45996
23/2/2021,Sarawak,1242666,501204,43194
23/2/2021,Selangor,4155403,2031026,144349
23/2/2021,Terengganu,347963,171578,21340
23/2/2021,W.P. KualaLumpur,3444040,1614058,97384
23/2/2021,W.P. Labuan,65761,27762,2116
23/2/2021,W.P. Putrajaya,195217,113387,2732
24/2/2021,Johor,2074008,927705,89488
24/2/2021,Kedah,817989,413976,40414
24/2/2021,Kelantan,278048,150824,21806
24/2/2021,Melaka,576245,259793,23890
24/2/2021,Negeri Sembilan,639575,304428,26297
24/2/2021,Pahang,815591,343895,35109
24/2/2021,Perak,1295549,565865,57175
24/2/2021,Perlis,200077,116463,10333
24/2/2021,Pulau Pinang,1303872,593038,49423
24/2/2021,Sabah,1169850,445605,46600
24/2/2021,Sarawak,1313534,516331,43820
24/2/2021,Selangor,4302048,2070162,144973
24/2/2021,Terengganu,354767,175197,21295
24/2/2021,W.P. KualaLumpur,3562969,1647182,98016
24/2/2021,W.P. Labuan,69982,28861,2094
24/2/2021,W.P. Putrajaya,195780,113866,2795
25/2/2021,Johor,2111278,942380,90028
25/2/2021,Kedah,851666,425646,40854
25/2/2021,Kelantan,295996,158817,22214
25/2/2021,Melaka,580504,262407,23997
25/2/2021,Negeri Sembilan,650959,312373,26476
25/2/2021,Pahang,845175,354586,35280
25/2/2021,Perak,1316318,575755,57301
25/2/2021,Perlis,210590,122595,10291
25/2/2021,Pulau Pinang,1342626,605690,50090
25/2/2021,Sabah,1213525,458033,46972
25/2/2021,Sarawak,1331199,524795,43956
25/2/2021,Selangor,4385034,2115153,145481
25/2/2021,Terengganu,373418,181733,21479
25/2/2021,W.P. KualaLumpur,3624553,1690621,97978
25/2/2021,W.P. Labuan,71994,29657,2163
25/2/2021,W.P. Putrajaya,204087,118093,2804
26/2/2021,Johor,2159912,952532,84549
26/2/2021,Kedah,806981,408806,29878
26/2/2021,Kelantan,245412,139711,12436
26/2/2021,Melaka,622431,275384,23736
26/2/2021,Negeri Sembilan,702042,330610,25913
26/2/2021,Pahang,885898,367908,34250
26/2/2021,Perak,1367326,594512,56156
26/2/2021,Perlis,214900,123407,10009
26/2/2021,Pulau Pinang,1422384,625146,49810
26/2/2021,Sabah,1231709,462714,45577
26/2/2021,Sarawak,1409789,541448,42777
26/2/2021,Selangor,4655887,2209354,144252
26/2/2021,Terengganu,276408,150430,11243
26/2/2021,W.P. KualaLumpur,3920050,1785825,96858
26/2/2021,W.P. Labuan,76773,30529,2140
26/2/2021,W.P. Putrajaya,242938,136399,2720
27/2/2021,Johor,2353751,977712,81081
27/2/2021,Kedah,910621,438612,36701
27/2/2021,Kelantan,314211,163569,19631
27/2/2021,Melaka,678606,284132,21728
27/2/2021,Negeri Sembilan,753430,334060,23587
27/2/2021,Pahang,879878,356651,30621
27/2/2021,Perak,1447865,602224,52277
27/2/2021,Perlis,212812,115826,9027
27/2/2021,Pulau Pinang,1499806,616538,44500
27/2/2021,Sabah,1290069,454906,41796
27/2/2021,Sarawak,1521097,537335,38854
27/2/2021,Selangor,5315892,2313602,124514
27/2/2021,Terengganu,370573,178446,18148
27/2/2021,W.P. KualaLumpur,4244357,1816475,80886
27/2/2021,W.P. Labuan,78786,29720,1817
27/2/2021,W.P. Putrajaya,263675,142624,1888
28/2/2021,Johor,2425483,990308,67867
28/2/2021,Kedah,969602,460176,37694
28/2/2021,Kelantan,324407,170806,22264
28/2/2021,Melaka,637538,270470,15753
28/2/2021,Negeri Sembilan,704826,315861,17340
28/2/2021,Pahang,800890,336748,22212
28/2/2021,Perak,1347486,574391,36567
28/2/2021,Perlis,182858,99328,6232
28/2/2021,Pulau Pinang,1398700,581284,31227
28/2/2021,Sabah,1234884,437590,31755
28/2/2021,Sarawak,1468969,519449,28166
28/2/2021,Selangor,5101079,2227024,88695
28/2/2021,Terengganu,395099,190440,21347
28/2/2021,W.P. KualaLumpur,4060401,1771561,59267
28/2/2021,W.P. Labuan,71359,28002,1387
28/2/2021,W.P. Putrajaya,276508,151866,1658
1/3/2021,Johor,2163391,960982,89555
1/3/2021,Kedah,874271,436438,40644
1/3/2021,Kelantan,293816,158729,22315
1/3/2021,Melaka,617488,273082,23924
1/3/2021,Negeri Sembilan,681556,321195,26285
1/3/2021,Pahang,869630,362243,35245
1/3/2021,Perak,1366221,589300,56641
1/3/2021,Perlis,215825,123636,10342
1/3/2021,Pulau Pinang,1426994,622567,50530
1/3/2021,Sabah,1210397,466294,47288
1/3/2021,Sarawak,1412808,541506,44620
1/3/2021,Selangor,4620424,2182306,145032
1/3/2021,Terengganu,365115,180544,21489
1/3/2021,W.P. KualaLumpur,3791393,1747953,97343
1/3/2021,W.P. Labuan,77809,31054,2229
1/3/2021,W.P. Putrajaya,222965,127051,2806
2/3/2021,Johor,2191505,964799,91452
2/3/2021,Kedah,837032,422480,40591
2/3/2021,Kelantan,289661,156250,22138
2/3/2021,Melaka,605963,269816,24353
2/3/2021,Negeri Sembilan,670773,316538,26614
2/3/2021,Pahang,850988,356856,35538
2/3/2021,Perak,1314804,574423,57541
2/3/2021,Perlis,208034,121960,10414
2/3/2021,Pulau Pinang,1411334,620236,51299
2/3/2021,Sabah,1248428,470068,47829
2/3/2021,Sarawak,1420460,541349,45135
2/3/2021,Selangor,4484594,2150913,147146
2/3/2021,Terengganu,361637,179867,21439
2/3/2021,W.P. KualaLumpur,3757775,1723610,99537
2/3/2021,W.P. Labuan,77000,31021,2249
2/3/2021,W.P. Putrajaya,213292,123638,2784
3/3/2021,Johor,2239690,979735,92281
3/3/2021,Kedah,843432,426154,40735
3/3/2021,Kelantan,287851,156200,21969
3/3/2021,Melaka,615059,273222,24494
3/3/2021,Negeri Sembilan,682494,320542,26954
3/3/2021,Pahang,858221,357993,35700
3/3/2021,Perak,1357698,586972,58075
3/3/2021,Perlis,207168,121385,10449
3/3/2021,Pulau Pinang,1439226,631034,51702
3/3/2021,Sabah,1280343,477463,48313
3/3/2021,Sarawak,1444595,546390,45350
3/3/2021,Selangor,4644223,2196444,148502
3/3/2021,Terengganu,366706,181127,21343
3/3/2021,W.P. KualaLumpur,3857508,1751293,100275
3/3/2021,W.P. Labuan,79303,31516,2259
3/3/2021,W.P. Putrajaya,215573,124673,2819
4/3/2021,Johor,2208595,974048,92116
4/3/2021,Kedah,854920,430384,40970
4/3/2021,Kelantan,299004,160753,21891
4/3/2021,Melaka,601546,270368,24704
4/3/2021,Negeri Sembilan,672315,320557,26837
4/3/2021,Pahang,856601,361330,35545
4/3/2021,Perak,1325947,582680,58118
4/3/2021,Perlis,214262,125249,10416
4/3/2021,Pulau Pinang,1411231,626047,51717
4/3/2021,Sabah,1276223,477327,48357
4/3/2021,Sarawak,1367197,531421,44808
4/3/2021,Selangor,4658850,2214437,149633
4/3/2021,Terengganu,331877,164980,17287
4/3/2021,W.P. KualaLumpur,3833026,1757525,100381
4/3/2021,W.P. Labuan,79262,31473,2241
4/3/2021,W.P. Putrajaya,218576,125584,2810
5/3/2021,Johor,2393133,1014661,88160
5/3/2021,Kedah,851067,422180,29679
5/3/2021,Kelantan,264803,146691,12175
5/3/2021,Melaka,652904,285653,24485
5/3/2021,Negeri Sembilan,735839,343610,26534
5/3/2021,Pahang,929470,382782,34790
5/3/2021,Perak,1394910,607982,57006
5/3/2021,Perlis,224068,130741,10111
5/3/2021,Pulau Pinang,1585588,668817,52853
5/3/2021,Sabah,1369447,498693,48746
5/3/2021,Sarawak,1524141,566907,45964
5/3/2021,Selangor,5061710,2359267,150173
5/3/2021,Terengganu,290708,156255,10861
5/3/2021,W.P. KualaLumpur,4316833,1911290,101843
5/3/2021,W.P. Labuan,85214,32439,2268
5/3/2021,W.P. Putrajaya,257609,144561,2814
6/3/2021,Johor,2646865,1051992,83360
6/3/2021,Kedah,926441,446000,35695
6/3/2021,Kelantan,324783,167928,19070
6/3/2021,Melaka,670220,285540,21559
6/3/2021,Negeri Sembilan,761880,337940,23423
6/3/2021,Pahang,935623,372732,30377
6/3/2021,Perak,1514533,622989,51940
6/3/2021,Perlis,216593,122192,8788
6/3/2021,Pulau Pinang,1662031,661299,45892
6/3/2021,Sabah,1447310,490615,42767
6/3/2021,Sarawak,1651964,564201,39793
6/3/2021,Selangor,5708687,2470997,127602
6/3/2021,Terengganu,381030,183717,17272
6/3/2021,W.P. KualaLumpur,4637975,1947207,83388
6/3/2021,W.P. Labuan,88920,31960,1868
6/3/2021,W.P. Putrajaya,267004,145344,1903
7/3/2021,Johor,2603066,1036718,69530
7/3/2021,Kedah,999875,472129,37733
7/3/2021,Kelantan,323023,169906,21918
7/3/2021,Melaka,658521,280548,15327
7/3/2021,Negeri Sembilan,730424,325023,16984
7/3/2021,Pahang,865219,352982,21929
7/3/2021,Perak,1452854,602428,36788
7/3/2021,Perlis,199811,110315,6185
7/3/2021,Pulau Pinang,1562116,627256,32366
7/3/2021,Sabah,1359897,468800,32406
7/3/2021,Sarawak,1586416,545166,28642
7/3/2021,Selangor,5515693,2391889,91257
7/3/2021,Terengganu,396018,192754,21292
7/3/2021,W.P. KualaLumpur,4388637,1891934,61166
7/3/2021,W.P. Labuan,79968,30115,1433
7/3/2021,W.P. Putrajaya,281002,154606,1690
8/3/2021,Johor,2369079,1015464,92669
8/3/2021,Kedah,880524,440218,40465
8/3/2021,Kelantan,295111,158204,21765
8/3/2021,Melaka,632748,277895,24122
8/3/2021,Negeri Sembilan,703184,329779,26357
8/3/2021,Pahang,891352,369438,34984
8/3/2021,Perak,1402011,600502,56710
8/3/2021,Perlis,224525,129864,10262
8/3/2021,Pulau Pinang,1529733,654421,51997
8/3/2021,Sabah,1324534,492475,48179
8/3/2021,Sarawak,1418692,544917,44444
8/3/2021,Selangor,4892255,2292015,148430
8/3/2021,Terengganu,355393,178828,20979
8/3/2021,W.P. KualaLumpur,4045486,1829112,100515
8/3/2021,W.P. Labuan,81099,31895,2251
8/3/2021,W.P. Putrajaya,231706,132426,2841
9/3/2021,Johor,2333580,1008886,94037
9/3/2021,Kedah,863246,433281,40401
9/3/2021,Kelantan,290972,156494,21660
9/3/2021,Melaka,612156,274352,24497
9/3/2021,Negeri Sembilan,686524,325084,26716
9/3/2021,Pahang,876603,366395,35534
9/3/2021,Perak,1375449,593315,57947
9/3/2021,Perlis,217308,128436,10371
9/3/2021,Pulau Pinang,1509814,651508,52788
9/3/2021,Sabah,1313695,490789,48854
9/3/2021,Sarawak,1433276,549384,45385
9/3/2021,Selangor,4871656,2301140,152130
9/3/2021,Terengganu,352455,176816,20902
9/3/2021,W.P. KualaLumpur,4064453,1828758,102899
9/3/2021,W.P. Labuan,79487,31407,2308
9/3/2021,W.P. Putrajaya,230360,131823,2845
10/3/2021,Johor,2351215,1009685,94121
10/3/2021,Kedah,862830,435160,40534
10/3/2021,Kelantan,287367,155507,21400
10/3/2021,Melaka,621688,277495,24503
10/3/2021,Negeri Sembilan,696547,327724,26895
10/3/2021,Pahang,880241,367225,35497
10/3/2021,Perak,1382483,595444,57931
10/3/2021,Perlis,213168,126730,10462
10/3/2021,Pulau Pinang,1526021,657205,52990
10/3/2021,Sabah,1330584,494217,48886
10/3/2021,Sarawak,1466423,553043,45824
10/3/2021,Selangor,4951653,2312938,152378
10/3/2021,Terengganu,348780,177113,20704
10/3/2021,W.P. KualaLumpur,4153733,1840436,103375
10/3/2021,W.P. Labuan,82072,32030,2287
10/3/2021,W.P. Putrajaya,225828,130409,2870
11/3/2021,Johor,2312812,1003326,94707
11/3/2021,Kedah,812473,407932,36053
11/3/2021,Kelantan,296945,159990,21492
11/3/2021,Melaka,603576,273548,24656
11/3/2021,Negeri Sembilan,639003,300764,23072
11/3/2021,Pahang,868758,366847,35416
11/3/2021,Perak,1346258,589419,58116
11/3/2021,Perlis,208270,124095,9484
11/3/2021,Pulau Pinang,1502944,652108,53483
11/3/2021,Sabah,1301541,489024,48861
11/3/2021,Sarawak,1431574,551702,45896
11/3/2021,Selangor,4804493,2285008,151593
11/3/2021,Terengganu,325344,163809,17084
11/3/2021,W.P. KualaLumpur,4001972,1805833,102860
11/3/2021,W.P. Labuan,78210,31401,2263
11/3/2021,W.P. Putrajaya,224753,128370,2807
12/3/2021,Johor,2613630,1066135,93478
12/3/2021,Kedah,876908,430245,30969
12/3/2021,Kelantan,282314,155351,12708
12/3/2021,Melaka,704098,300807,25631
12/3/2021,Negeri Sembilan,782330,358420,27918
12/3/2021,Pahang,918510,382913,34999
12/3/2021,Perak,1483569,629129,59782
12/3/2021,Perlis,234928,134744,10417
12/3/2021,Pulau Pinang,1617800,679817,54520
12/3/2021,Sabah,1462560,520700,51009
12/3/2021,Sarawak,1545994,578687,47830
12/3/2021,Selangor,5487710,2484615,158723
12/3/2021,Terengganu,295752,159333,11322
12/3/2021,W.P. KualaLumpur,4681101,1991767,107323
12/3/2021,W.P. Labuan,87911,33267,2359
12/3/2021,W.P. Putrajaya,267249,145864,2883
13/3/2021,Johor,2919783,1119202,91478
13/3/2021,Kedah,1070858,491142,39183
13/3/2021,Kelantan,369736,186030,21046
13/3/2021,Melaka,809012,321227,23874
13/3/2021,Negeri Sembilan,864400,370504,25751
13/3/2021,Pahang,1051290,399798,32587
13/3/2021,Perak,1734761,674204,57041
13/3/2021,Perlis,252148,136462,9594
13/3/2021,Pulau Pinang,1945420,718307,50499
13/3/2021,Sabah,1665679,535113,48057
13/3/2021,Sarawak,1839642,609688,44129
13/3/2021,Selangor,6531122,2689953,141084
13/3/2021,Terengganu,419029,196788,18842
13/3/2021,W.P. KualaLumpur,5244638,2092491,90391
13/3/2021,W.P. Labuan,92735,33288,2048
13/3/2021,W.P. Putrajaya,276470,144996,2055
14/3/2021,Johor,3026347,1127820,77535
14/3/2021,Kedah,1098249,500363,40640
14/3/2021,Kelantan,361956,185208,23750
14/3/2021,Melaka,737807,301389,17328
14/3/2021,Negeri Sembilan,807050,348675,18883
14/3/2021,Pahang,946010,374109,23683
14/3/2021,Perak,1612938,641725,39882
14/3/2021,Perlis,215173,117605,6615
14/3/2021,Pulau Pinang,1769146,671877,35621
14/3/2021,Sabah,1524619,504386,36063
14/3/2021,Sarawak,1797693,592742,32198
14/3/2021,Selangor,6179011,2562128,100797
14/3/2021,Terengganu,424643,201735,22508
14/3/2021,W.P. KualaLumpur,4916951,2014666,66731
14/3/2021,W.P. Labuan,81440,30702,1557
14/3/2021,W.P. Putrajaya,278236,149529,1783
15/3/2021,Johor,2658522,1083291,102221
15/3/2021,Kedah,1004337,477257,44339
15/3/2021,Kelantan,339382,175682,24129
15/3/2021,Melaka,700218,296253,26134
15/3/2021,Negeri Sembilan,791808,355048,28731
15/3/2021,Pahang,1003218,394683,37859
15/3/2021,Perak,1607126,647107,62082
15/3/2021,Perlis,250531,140934,11098
15/3/2021,Pulau Pinang,1735363,698397,56769
15/3/2021,Sabah,1622241,550753,55452
15/3/2021,Sarawak,1737470,615900,52022
15/3/2021,Selangor,5511242,2461544,163859
15/3/2021,Terengganu,405931,195189,22798
15/3/2021,W.P. KualaLumpur,4502284,1946586,108666
15/3/2021,W.P. Labuan,91421,33670,2504
15/3/2021,W.P. Putrajaya,239057,133782,3019
16/3/2021,Johor,2723809,1099939,105080
16/3/2021,Kedah,1010132,478865,44701
16/3/2021,Kelantan,347203,178652,24412
16/3/2021,Melaka,707598,298851,27070
16/3/2021,Negeri Sembilan,780366,353637,29209
16/3/2021,Pahang,1004814,396711,38778
16/3/2021,Perak,1573772,644503,63370
16/3/2021,Perlis,251293,141754,11251
16/3/2021,Pulau Pinang,1739788,703188,57863
16/3/2021,Sabah,1615062,550274,56598
16/3/2021,Sarawak,1719651,614512,53191
16/3/2021,Selangor,5606133,2507888,168864
16/3/2021,Terengganu,411668,196798,22959
16/3/2021,W.P. KualaLumpur,4595457,1973418,111762
16/3/2021,W.P. Labuan,92397,34224,2545
16/3/2021,W.P. Putrajaya,241174,135431,3040
17/3/2021,Johor,2767366,1110154,106064
17/3/2021,Kedah,1033686,487761,45592
17/3/2021,Kelantan,351401,180859,24393
17/3/2021,Melaka,732596,305702,27205
17/3/2021,Negeri Sembilan,811901,361132,29777
17/3/2021,Pahang,1030008,401339,39189
17/3/2021,Perak,1653095,660559,63899
17/3/2021,Perlis,248664,140775,11321
17/3/2021,Pulau Pinang,1784158,714031,58297
17/3/2021,Sabah,1660029,558309,57404
17/3/2021,Sarawak,1789571,625358,53774
17/3/2021,Selangor,5842350,2554387,171185
17/3/2021,Terengganu,420542,199504,23280
17/3/2021,W.P. KualaLumpur,4729255,2003325,112649
17/3/2021,W.P. Labuan,94388,35057,2588
17/3/2021,W.P. Putrajaya,250402,139059,3151
18/3/2021,Johor,2815761,1128614,106368
18/3/2021,Kedah,1066660,496719,45611
18/3/2021,Kelantan,382939,192628,24616
18/3/2021,Melaka,722960,304591,27301
18/3/2021,Negeri Sembilan,811904,365335,29721
18/3/2021,Pahang,1049214,409048,39145
18/3/2021,Perak,1668303,666977,64035
18/3/2021,Perlis,260800,146037,11373
18/3/2021,Pulau Pinang,1772985,714982,58388
18/3/2021,Sabah,1665463,562546,56849
18/3/2021,Sarawak,1709842,617829,52753
18/3/2021,Selangor,5764474,2556835,171015
18/3/2021,Terengganu,449181,209876,23173
18/3/2021,W.P. KualaLumpur,4767211,2037045,112708
18/3/2021,W.P. Labuan,95288,35075,2591
18/3/2021,W.P. Putrajaya,263159,142214,3165
19/3/2021,Johor,2986345,1161335,100958
19/3/2021,Kedah,1016905,477811,33634
19/3/2021,Kelantan,320852,172400,13587
19/3/2021,Melaka,784362,322597,27432
19/3/2021,Negeri Sembilan,856982,384187,29566
19/3/2021,Pahang,1101145,425516,38303
19/3/2021,Perak,1701784,687244,63795
19/3/2021,Perlis,266179,148472,10983
19/3/2021,Pulau Pinang,1865786,737917,58245
19/3/2021,Sabah,1763668,581250,57677
19/3/2021,Sarawak,1873734,650502,54188
19/3/2021,Selangor,6147570,2686559,171197
19/3/2021,Terengganu,343436,178519,12336
19/3/2021,W.P. KualaLumpur,5199391,2149857,112726
19/3/2021,W.P. Labuan,98788,35605,2603
19/3/2021,W.P. Putrajaya,298135,157850,3191
20/3/2021,Johor,3146175,1181796,95138
20/3/2021,Kedah,1125517,512995,40344
20/3/2021,Kelantan,398167,196455,21427
20/3/2021,Melaka,847062,334024,24492
20/3/2021,Negeri Sembilan,927937,389960,26581
20/3/2021,Pahang,1129549,419334,33632
20/3/2021,Perak,1861347,708997,58340
20/3/2021,Perlis,263169,139973,9817
20/3/2021,Pulau Pinang,1987243,738491,51340
20/3/2021,Sabah,1806564,568540,50916
20/3/2021,Sarawak,1971947,641060,47217
20/3/2021,Selangor,6840912,2800770,146649
20/3/2021,Terengganu,429032,202927,19152
20/3/2021,W.P. KualaLumpur,5498608,2186757,92276
20/3/2021,W.P. Labuan,95709,34283,2159
20/3/2021,W.P. Putrajaya,292331,151746,2155
21/3/2021,Johor,3099897,1162663,79882
21/3/2021,Kedah,1136659,518560,41325
21/3/2021,Kelantan,388240,195936,24422
21/3/2021,Melaka,767849,312598,17765
21/3/2021,Negeri Sembilan,841190,363530,19357
21/3/2021,Pahang,994725,388854,24463
21/3/2021,Perak,1677123,665018,40836
21/3/2021,Perlis,223846,121679,6766
21/3/2021,Pulau Pinang,1790422,685335,36200
21/3/2021,Sabah,1580979,523296,38016
21/3/2021,Sarawak,1756896,598671,33121
21/3/2021,Selangor,6423724,2661631,104172
21/3/2021,Terengganu,442488,209874,22896
21/3/2021,W.P. KualaLumpur,5174144,2101660,68265
21/3/2021,W.P. Labuan,82297,31884,1612
21/3/2021,W.P. Putrajaya,295994,156700,1863
22/3/2021,Johor,2836763,1131650,103514
22/3/2021,Kedah,1019889,487912,44424
22/3/2021,Kelantan,357013,183647,24190
22/3/2021,Melaka,716951,303083,26426
22/3/2021,Negeri Sembilan,802107,363584,28810
22/3/2021,Pahang,1023682,403594,37755
22/3/2021,Perak,1633037,662132,61988
22/3/2021,Perlis,251246,142524,11055
22/3/2021,Pulau Pinang,1736397,708549,56500
22/3/2021,Sabah,1607041,554630,55478
22/3/2021,Sarawak,1691001,617480,51692
22/3/2021,Selangor,5705171,2540126,166111
22/3/2021,Terengganu,412435,199825,22763
22/3/2021,W.P. KualaLumpur,4696317,2011003,109573
22/3/2021,W.P. Labuan,94389,34745,2525
22/3/2021,W.P. Putrajaya,255337,140953,3162
23/3/2021,Johor,2777472,1069594,72423
23/3/2021,Kedah,979383,475509,43930
23/3/2021,Kelantan,341473,178642,23596
23/3/2021,Melaka,709458,304375,26741
23/3/2021,Negeri Sembilan,776648,358615,28784
23/3/2021,Pahang,829388,361005,35270
23/3/2021,Perak,1550213,644451,62347
23/3/2021,Perlis,238838,138885,11000
23/3/2021,Pulau Pinang,1629837,690611,56783
23/3/2021,Sabah,1603607,556332,56526
23/3/2021,Sarawak,1677825,618737,52886
23/3/2021,Selangor,5727393,2569271,169917
23/3/2021,Terengganu,393863,193901,21972
23/3/2021,W.P. KualaLumpur,4698908,2017008,111909
23/3/2021,W.P. Labuan,91792,34323,2587
23/3/2021,W.P. Putrajaya,260357,145903,3201
24/3/2021,Johor,2596823,1081196,102806
24/3/2021,Kedah,972505,472902,43693
24/3/2021,Kelantan,343611,178159,22984
24/3/2021,Melaka,690296,297477,26473
24/3/2021,Negeri Sembilan,762961,350814,28920
24/3/2021,Pahang,915204,378615,35983
24/3/2021,Perak,1570650,647245,62400
24/3/2021,Perlis,233573,136053,10886
24/3/2021,Pulau Pinang,1711260,703234,56995
24/3/2021,Sabah,1649090,558723,57004
24/3/2021,Sarawak,1715398,617160,53304
24/3/2021,Selangor,5852458,2573461,170859
24/3/2021,Terengganu,394855,193792,21569
24/3/2021,W.P. KualaLumpur,4811140,2020067,112775
24/3/2021,W.P. Labuan,94042,34656,2626
24/3/2021,W.P. Putrajaya,258386,142037,3223
25/3/2021,Johor,2780118,1127084,104668
25/3/2021,Kedah,1014508,485552,44827
25/3/2021,Kelantan,373571,191758,23785
25/3/2021,Melaka,693005,300176,26679
25/3/2021,Negeri Sembilan,786517,361610,29242
25/3/2021,Pahang,943572,390644,36638
25/3/2021,Perak,1584544,653703,62986
25/3/2021,Perlis,248332,143132,11044
25/3/2021,Pulau Pinang,1676061,698911,57134
25/3/2021,Sabah,1594663,552666,56386
25/3/2021,Sarawak,1671024,615578,52670
25/3/2021,Selangor,5733965,2571213,169854
25/3/2021,Terengganu,423490,203885,22022
25/3/2021,W.P. KualaLumpur,4721919,2024499,111875
25/3/2021,W.P. Labuan,93408,34974,2558
25/3/2021,W.P. Putrajaya,262587,143234,3200
26/3/2021,Johor,2926247,1151537,99586
26/3/2021,Kedah,935631,454512,32381
26/3/2021,Kelantan,314686,171750,13405
26/3/2021,Melaka,772505,320921,26886
26/3/2021,Negeri Sembilan,860409,386354,29286
26/3/2021,Pahang,1086009,426492,37442
26/3/2021,Perak,1625260,676167,62377
26/3/2021,Perlis,247970,142080,10615
26/3/2021,Pulau Pinang,1719474,711087,56614
26/3/2021,Sabah,1751333,583142,57603
26/3/2021,Sarawak,1801184,643449,53816
26/3/2021,Selangor,6297479,2730648,170837
26/3/2021,Terengganu,344752,180011,12064
26/3/2021,W.P. KualaLumpur,5264752,2167519,112160
26/3/2021,W.P. Labuan,102185,36284,2618
26/3/2021,W.P. Putrajaya,300218,160048,3144
27/3/2021,Johor,2915847,1147161,92283
27/3/2021,Kedah,1085482,507993,39169
27/3/2021,Kelantan,370283,193726,20879
27/3/2021,Melaka,761018,317710,23367
27/3/2021,Negeri Sembilan,840429,372888,25563
27/3/2021,Pahang,1067654,413703,32528
27/3/2021,Perak,1780648,700288,56864
27/3/2021,Perlis,259352,140192,9519
27/3/2021,Pulau Pinang,1955380,732661,50423
27/3/2021,Sabah,1720002,560196,50433
27/3/2021,Sarawak,1927291,641107,46862
27/3/2021,Selangor,6700304,2780579,145190
27/3/2021,Terengganu,423449,204533,18358
27/3/2021,W.P. KualaLumpur,5321517,2153870,90828
27/3/2021,W.P. Labuan,96131,34844,2190
27/3/2021,W.P. Putrajaya,279192,149153,2121
28/3/2021,Johor,3069600,1157720,76449
28/3/2021,Kedah,1069433,503573,38636
28/3/2021,Kelantan,390263,199210,23581
28/3/2021,Melaka,779393,318562,17380
28/3/2021,Negeri Sembilan,857609,369901,19064
28/3/2021,Pahang,990659,391846,23921
28/3/2021,Perak,1664264,667633,39847
28/3/2021,Perlis,213958,118927,6293
28/3/2021,Pulau Pinang,1720660,673745,35204
28/3/2021,Sabah,1593377,528395,37572
28/3/2021,Sarawak,1779457,605779,33091
28/3/2021,Selangor,6571823,2712538,103303
28/3/2021,Terengganu,437628,209311,21506
28/3/2021,W.P. KualaLumpur,5254087,2138200,67463
28/3/2021,W.P. Labuan,83276,32079,1597
28/3/2021,W.P. Putrajaya,299919,161190,1897
29/3/2021,Johor,2679529,1103020,99459
29/3/2021,Kedah,1008511,484274,42664
29/3/2021,Kelantan,369482,190136,23741
29/3/2021,Melaka,697492,299765,25046
29/3/2021,Negeri Sembilan,782378,356932,27348
29/3/2021,Pahang,1023803,402004,36502
29/3/2021,Perak,1651623,667875,59966
29/3/2021,Perlis,250465,142683,10619
29/3/2021,Pulau Pinang,1728444,705445,55373
29/3/2021,Sabah,1657346,556374,54563
29/3/2021,Sarawak,1730632,619677,51285
29/3/2021,Selangor,5609573,2514143,159966
29/3/2021,Terengganu,412942,201034,21722
29/3/2021,W.P. KualaLumpur,4494650,1974254,104161
29/3/2021,W.P. Labuan,92722,33854,2509
29/3/2021,W.P. Putrajaya,256815,141682,3059
30/3/2021,Johor,2852794,1136271,102820
30/3/2021,Kedah,1033008,491314,43219
30/3/2021,Kelantan,379706,193938,23918
30/3/2021,Melaka,752059,313227,26478
30/3/2021,Negeri Sembilan,819763,366587,28511
30/3/2021,Pahang,1031415,403466,37212
30/3/2021,Perak,1651185,666354,61344
30/3/2021,Perlis,250629,143848,10766
30/3/2021,Pulau Pinang,1762565,715852,56196
30/3/2021,Sabah,1691608,561206,55630
30/3/2021,Sarawak,1778344,627580,52245
30/3/2021,Selangor,6097186,2647562,168697
30/3/2021,Terengganu,424571,203977,21860
30/3/2021,W.P. KualaLumpur,5008058,2095723,110577
30/3/2021,W.P. Labuan,90787,33976,2559
30/3/2021,W.P. Putrajaya,273561,149619,3195
31/3/2021,Johor,2941570,1156014,103522
31/3/2021,Kedah,1046515,495736,43413
31/3/2021,Kelantan,385679,195680,23593
31/3/2021,Melaka,769898,318992,26492
31/3/2021,Negeri Sembilan,838655,372319,28832
31/3/2021,Pahang,1059052,410285,37319
31/3/2021,Perak,1657827,670554,61187
31/3/2021,Perlis,247972,141422,10775
31/3/2021,Pulau Pinang,1762063,719446,56095
31/3/2021,Sabah,1744446,571887,55985
31/3/2021,Sarawak,1870506,645227,52967
31/3/2021,Selangor,6257017,2691788,169132
31/3/2021,Terengganu,429807,205778,21712
31/3/2021,W.P. KualaLumpur,5148711,2143864,111045
31/3/2021,W.P. Labuan,97481,35393,2586
31/3/2021,W.P. Putrajaya,277845,152342,3152
1/4/2021,Johor,2924621,1163433,103630
1/4/2021,Kedah,1074787,506703,43597
1/4/2021,Kelantan,396433,201140,23860
1/4/2021,Melaka,758139,317338,26521
1/4/2021,Negeri Sembilan,838432,375437,28956
1/4/2021,Pahang,1054085,412422,37212
1/4/2021,Perak,1685583,682066,61740
1/4/2021,Perlis,261656,148502,10811
1/4/2021,Pulau Pinang,1778436,727136,56865
1/4/2021,Sabah,1778744,582880,55871
1/4/2021,Sarawak,1893727,657241,52607
1/4/2021,Selangor,6214830,2705898,169888
1/4/2021,Terengganu,448134,212244,21597
1/4/2021,W.P. KualaLumpur,5101572,2149968,111079
1/4/2021,W.P. Labuan,98205,36303,2562
1/4/2021,W.P. Putrajaya,281218,154146,3180
2/4/2021,Johor,3005794,1180818,98099
2/4/2021,Kedah,1027196,489029,32259
2/4/2021,Kelantan,341916,184067,13605
2/4/2021,Melaka,812518,333836,26401
2/4/2021,Negeri Sembilan,874334,391634,28440
2/4/2021,Pahang,1125880,433179,36444
2/4/2021,Perak,1762403,712086,61052
2/4/2021,Perlis,269151,150251,10450
2/4/2021,Pulau Pinang,1880326,752876,56222
2/4/2021,Sabah,1682520,553166,41423
2/4/2021,Sarawak,1892995,629612,37414
2/4/2021,Selangor,6569084,2819415,167979
2/4/2021,Terengganu,360913,188041,11853
2/4/2021,W.P. KualaLumpur,5460382,2236124,110128
2/4/2021,W.P. Labuan,102879,36537,2514
2/4/2021,W.P. Putrajaya,312144,166795,3104
3/4/2021,Johor,3256383,1228015,92438
3/4/2021,Kedah,1153282,531456,38540
3/4/2021,Kelantan,419683,210520,21140
3/4/2021,Melaka,875377,347825,24062
3/4/2021,Negeri Sembilan,966259,407268,26009
3/4/2021,Pahang,1154108,434330,32531
3/4/2021,Perak,1889388,733822,56550
3/4/2021,Perlis,262907,141010,9283
3/4/2021,Pulau Pinang,1987409,751485,49901
3/4/2021,Sabah,1756270,565621,48800
3/4/2021,Sarawak,2016368,660456,46429
3/4/2021,Selangor,7246099,2937435,145160
3/4/2021,Terengganu,464326,219115,18367
3/4/2021,W.P. KualaLumpur,5746999,2281709,90659
3/4/2021,W.P. Labuan,99547,35627,2200
3/4/2021,W.P. Putrajaya,296623,158346,2092
4/4/2021,Johor,3011826,1160796,76687
4/4/2021,Kedah,1098296,517296,39019
4/4/2021,Kelantan,373559,194271,23232
4/4/2021,Melaka,745692,316133,16931
4/4/2021,Negeri Sembilan,838836,372997,18325
4/4/2021,Pahang,1020507,405084,23438
4/4/2021,Perak,1660744,682197,38613
4/4/2021,Perlis,217218,118128,6275
4/4/2021,Pulau Pinang,1663397,673692,34107
4/4/2021,Sabah,1584096,531837,36495
4/4/2021,Sarawak,1831741,625992,32884
4/4/2021,Selangor,6571471,2740226,101939
4/4/2021,Terengganu,433920,209852,21635
4/4/2021,W.P. KualaLumpur,5190219,2142042,66440
4/4/2021,W.P. Labuan,85217,32826,1616
4/4/2021,W.P. Putrajaya,299001,162674,1850
5/4/2021,Johor,2577701,1095287,99461
5/4/2021,Kedah,978695,479627,42542
5/4/2021,Kelantan,342166,180909,23179
5/4/2021,Melaka,672355,298798,25120
5/4/2021,Negeri Sembilan,759923,355388,27473
5/4/2021,Pahang,1006223,403517,36526
5/4/2021,Perak,1581383,659465,59691
5/4/2021,Perlis,242340,140559,10569
5/4/2021,Pulau Pinang,1710592,712827,55204
5/4/2021,Sabah,1579857,552633,54555
5/4/2021,Sarawak,1734887,630947,51431
5/4/2021,Selangor,5650970,2562452,162874
5/4/2021,Terengganu,398259,197260,21416
5/4/2021,W.P. KualaLumpur,4597213,2015710,106979
5/4/2021,W.P. Labuan,92599,34892,2544
5/4/2021,W.P. Putrajaya,255186,143657,3217
6/4/2021,Johor,2821472,1148815,103488
6/4/2021,Kedah,967100,474608,41998
6/4/2021,Kelantan,345129,181079,23199
6/4/2021,Melaka,744763,316323,26683
6/4/2021,Negeri Sembilan,793496,365310,28405
6/4/2021,Pahang,1010791,404357,37424
6/4/2021,Perak,1566138,654812,61053
6/4/2021,Perlis,231864,138211,10546
6/4/2021,Pulau Pinang,1682254,709351,55687
6/4/2021,Sabah,1639342,562439,55784
6/4/2021,Sarawak,1795252,642430,53038
6/4/2021,Selangor,5937640,2642383,169280
6/4/2021,Terengganu,395170,196441,21242
6/4/2021,W.P. KualaLumpur,4838564,2074407,110505
6/4/2021,W.P. Labuan,96804,35883,2581
6/4/2021,W.P. Putrajaya,262179,147731,3228
7/4/2021,Johor,2865921,1158674,103917
7/4/2021,Kedah,975602,479276,42775
7/4/2021,Kelantan,345925,181878,23006
7/4/2021,Melaka,736945,314439,26547
7/4/2021,Negeri Sembilan,795551,364335,28705
7/4/2021,Pahang,1009532,403740,37586
7/4/2021,Perak,1561107,656245,61068
7/4/2021,Perlis,239029,140518,10599
7/4/2021,Pulau Pinang,1710224,716545,56128
7/4/2021,Sabah,1657553,565154,55775
7/4/2021,Sarawak,1764251,637765,53066
7/4/2021,Selangor,5965422,2651735,169388
7/4/2021,Terengganu,408054,200565,21534
7/4/2021,W.P. KualaLumpur,4849461,2080521,110538
7/4/2021,W.P. Labuan,95939,35810,2606
7/4/2021,W.P. Putrajaya,264632,148297,3203
8/4/2021,Johor,2782466,1149781,103619
8/4/2021,Kedah,1021525,494330,43687
8/4/2021,Kelantan,365804,190453,23397
8/4/2021,Melaka,717282,311395,26450
8/4/2021,Negeri Sembilan,794581,367676,28973
8/4/2021,Pahang,1029790,413539,37883
8/4/2021,Perak,1606703,669881,61845
8/4/2021,Perlis,252513,146240,10800
8/4/2021,Pulau Pinang,1731627,722821,56794
8/4/2021,Sabah,1625086,563046,55956
8/4/2021,Sarawak,1736746,637545,53197
8/4/2021,Selangor,6008347,2683811,170603
8/4/2021,Terengganu,429778,208781,21773
8/4/2021,W.P. KualaLumpur,4961590,2120615,111651
8/4/2021,W.P. Labuan,94153,35663,2616
8/4/2021,W.P. Putrajaya,269507,150220,3223
9/4/2021,Johor,3005415,1195098,98430
9/4/2021,Kedah,1000455,480706,32354
9/4/2021,Kelantan,320466,174709,13163
9/4/2021,Melaka,769351,328777,26464
9/4/2021,Negeri Sembilan,833158,386208,28513
9/4/2021,Pahang,1089652,431647,37009
9/4/2021,Perak,1650650,693497,61376
9/4/2021,Perlis,258781,148358,10423
9/4/2021,Pulau Pinang,1827341,747714,56653
9/4/2021,Sabah,1675481,572783,55348
9/4/2021,Sarawak,1827966,656746,53820
9/4/2021,Selangor,6211976,2760337,168551
9/4/2021,Terengganu,344581,181185,11727
9/4/2021,W.P. KualaLumpur,5198184,2196125,110257
9/4/2021,W.P. Labuan,98710,36628,2612
9/4/2021,W.P. Putrajaya,290889,160490,3149
10/4/2021,Johor,3269908,1236034,92642
10/4/2021,Kedah,1081217,507993,38338
10/4/2021,Kelantan,398056,199905,20570
10/4/2021,Melaka,863040,344805,23972
10/4/2021,Negeri Sembilan,940507,403008,25970
10/4/2021,Pahang,1134278,429256,32419
10/4/2021,Perak,1809470,716394,55950
10/4/2021,Perlis,253426,139313,9236
10/4/2021,Pulau Pinang,1936113,744183,49745
10/4/2021,Sabah,1734803,564909,49124
10/4/2021,Sarawak,1948057,650870,47212
10/4/2021,Selangor,7149721,2940542,145359
10/4/2021,Terengganu,446247,210927,18258
10/4/2021,W.P. KualaLumpur,5704408,2295000,90884
10/4/2021,W.P. Labuan,98522,35882,2189
10/4/2021,W.P. Putrajaya,301067,162785,2142
11/4/2021,Johor,3212612,1210850,77023
11/4/2021,Kedah,1073206,509200,38188
11/4/2021,Kelantan,390989,201520,22747
11/4/2021,Melaka,783302,323318,17129
11/4/2021,Negeri Sembilan,863667,377907,18674
11/4/2021,Pahang,1042238,405724,23397
11/4/2021,Perak,1633641,674981,38813
11/4/2021,Perlis,220058,122496,6219
11/4/2021,Pulau Pinang,1778097,697556,34817
11/4/2021,Sabah,1479457,507509,35594
11/4/2021,Sarawak,1801673,616409,33032
11/4/2021,Selangor,6736772,2800142,102903
11/4/2021,Terengganu,445234,215023,20843
11/4/2021,W.P. KualaLumpur,5296455,2191823,67050
11/4/2021,W.P. Labuan,81226,31562,1601
11/4/2021,W.P. Putrajaya,312970,171853,1855
12/4/2021,Johor,2852666,1173125,98275
12/4/2021,Kedah,1030065,502928,39925
12/4/2021,Kelantan,378355,196727,22266
12/4/2021,Melaka,761968,321317,24859
12/4/2021,Negeri Sembilan,810535,375922,26749
12/4/2021,Pahang,1082061,423851,34968
12/4/2021,Perak,1621041,676788,57509
12/4/2021,Perlis,251491,145107,9852
12/4/2021,Pulau Pinang,1729458,723386,53568
12/4/2021,Sabah,1702401,581237,54301
12/4/2021,Sarawak,1730710,637635,51816
12/4/2021,Selangor,6101132,2727320,160724
12/4/2021,Terengganu,425776,208953,19903
12/4/2021,W.P. KualaLumpur,4874421,2124493,105568
12/4/2021,W.P. Labuan,91671,35596,2494
12/4/2021,W.P. Putrajaya,286185,160477,3104
13/4/2021,Johor,2368650,1014348,76627
13/4/2021,Kedah,679926,367302,28399
13/4/2021,Kelantan,223849,132679,17224
13/4/2021,Melaka,555959,257253,18686
13/4/2021,Negeri Sembilan,658061,326793,24482
13/4/2021,Pahang,772701,348559,30459
13/4/2021,Perak,1287565,583602,53068
13/4/2021,Perlis,201958,125884,8893
13/4/2021,Pulau Pinang,1524094,666662,51708
13/4/2021,Sabah,1370102,513199,51663
13/4/2021,Sarawak,1558406,600297,50888
13/4/2021,Selangor,4850451,2355573,152245
13/4/2021,Terengganu,284869,160386,15537
13/4/2021,W.P. KualaLumpur,3863849,1805197,101429
13/4/2021,W.P. Labuan,76978,32559,2453
13/4/2021,W.P. Putrajaya,186295,119518,2910
14/4/2021,Johor,2394128,1054634,95172
14/4/2021,Kedah,769549,414908,36312
14/4/2021,Kelantan,231628,138012,18023
14/4/2021,Melaka,627458,288063,24000
14/4/2021,Negeri Sembilan,680758,333039,25929
14/4/2021,Pahang,789353,353272,32401
14/4/2021,Perak,1281235,583265,54670
14/4/2021,Perlis,199993,124509,9228
14/4/2021,Pulau Pinang,1538347,671798,53129
14/4/2021,Sabah,1396154,519493,53321
14/4/2021,Sarawak,1545557,595832,52308
14/4/2021,Selangor,5031494,2401342,159530
14/4/2021,Terengganu,289412,164259,16580
14/4/2021,W.P. KualaLumpur,4019189,1831332,104546
14/4/2021,W.P. Labuan,79276,32993,2497
14/4/2021,W.P. Putrajaya,193464,120663,3068
15/4/2021,Johor,2230662,1018963,93986
15/4/2021,Kedah,771621,415820,36899
15/4/2021,Kelantan,260066,149431,18659
15/4/2021,Melaka,546324,257793,19087
15/4/2021,Negeri Sembilan,646447,325942,26106
15/4/2021,Pahang,786121,354563,32851
15/4/2021,Perak,1293706,589114,55784
15/4/2021,Perlis,201028,127038,9376
15/4/2021,Pulau Pinang,1520348,672031,53475
15/4/2021,Sabah,1361911,514725,53045
15/4/2021,Sarawak,1521831,597051,52090
15/4/2021,Selangor,4897642,2381614,160122
15/4/2021,Terengganu,300100,168018,16788
15/4/2021,W.P. KualaLumpur,3940314,1829671,105038
15/4/2021,W.P. Labuan,79009,33296,2553
15/4/2021,W.P. Putrajaya,194985,120903,3059
16/4/2021,Johor,2522338,1082164,92375
16/4/2021,Kedah,789229,412717,28141
16/4/2021,Kelantan,167460,107689,9967
16/4/2021,Melaka,639788,295234,24455
16/4/2021,Negeri Sembilan,706773,347673,26377
16/4/2021,Pahang,837595,370423,32718
16/4/2021,Perak,1335417,606409,55879
16/4/2021,Perlis,213393,130823,9320
16/4/2021,Pulau Pinang,1604440,693114,53574
16/4/2021,Sabah,1451352,530046,53247
16/4/2021,Sarawak,1488347,590256,51911
16/4/2021,Selangor,5290077,2518940,160698
16/4/2021,Terengganu,257342,147656,9096
16/4/2021,W.P. KualaLumpur,4387457,1957766,105970
16/4/2021,W.P. Labuan,83414,33941,2544
16/4/2021,W.P. Putrajaya,225801,134855,3061
17/4/2021,Johor,2384254,1030987,84361
17/4/2021,Kedah,849025,427628,34105
17/4/2021,Kelantan,215182,127545,15893
17/4/2021,Melaka,675262,297137,21944
17/4/2021,Negeri Sembilan,777509,350564,24071
17/4/2021,Pahang,840947,355285,28897
17/4/2021,Perak,1407097,609026,51521
17/4/2021,Perlis,208881,121207,8353
17/4/2021,Pulau Pinang,1727079,688443,47492
17/4/2021,Sabah,1360997,487353,45596
17/4/2021,Sarawak,1570852,579050,45239
17/4/2021,Selangor,5867621,2548270,138626
17/4/2021,Terengganu,319355,168177,14914
17/4/2021,W.P. KualaLumpur,4526741,1939134,87453
17/4/2021,W.P. Labuan,79796,31813,2110
17/4/2021,W.P. Putrajaya,224693,129636,2092
18/4/2021,Johor,2651294,1084336,72687
18/4/2021,Kedah,871557,443550,34322
18/4/2021,Kelantan,215982,130582,17722
18/4/2021,Melaka,616992,277953,16075
18/4/2021,Negeri Sembilan,712082,328050,17689
18/4/2021,Pahang,766868,333482,21237
18/4/2021,Perak,1273714,571573,35742
18/4/2021,Perlis,177520,103832,5648
18/4/2021,Pulau Pinang,1580820,644139,33523
18/4/2021,Sabah,1237632,451124,33888
18/4/2021,Sarawak,1468552,547224,31681
18/4/2021,Selangor,5637348,2462089,99971
18/4/2021,Terengganu,314742,172712,17397
18/4/2021,W.P. KualaLumpur,4467681,1917882,65800
18/4/2021,W.P. Labuan,68909,29123,1569
18/4/2021,W.P. Putrajaya,239413,138753,1828
19/4/2021,Johor,2369170,1054324,94875
19/4/2021,Kedah,775689,418481,36950
19/4/2021,Kelantan,203537,123576,17719
19/4/2021,Melaka,611507,285441,24236
19/4/2021,Negeri Sembilan,675997,334684,26227
19/4/2021,Pahang,788817,354189,32952
19/4/2021,Perak,1302710,592126,55263
19/4/2021,Perlis,199934,125676,9320
19/4/2021,Pulau Pinang,1511420,671185,52684
19/4/2021,Sabah,1311118,505339,51577
19/4/2021,Sarawak,1384694,565777,50082
19/4/2021,Selangor,4948729,2396734,158921
19/4/2021,Terengganu,291501,163344,17011
19/4/2021,W.P. KualaLumpur,3991554,1842400,104498
19/4/2021,W.P. Labuan,77535,32549,2508
19/4/2021,W.P. Putrajaya,198953,123547,3118
20/4/2021,Johor,2385619,1055978,96355
20/4/2021,Kedah,802186,426980,36981
20/4/2021,Kelantan,214184,128311,18113
20/4/2021,Melaka,610387,285742,24460
20/4/2021,Negeri Sembilan,679092,333383,26508
20/4/2021,Pahang,793958,356603,33199
20/4/2021,Perak,1300753,591547,55802
20/4/2021,Perlis,206590,128662,9451
20/4/2021,Pulau Pinang,1524884,677162,53055
20/4/2021,Sabah,1313169,504025,52181
20/4/2021,Sarawak,1426557,568022,50296
20/4/2021,Selangor,5038391,2424661,161575
20/4/2021,Terengganu,312132,171277,17261
20/4/2021,W.P. KualaLumpur,4115869,1872616,106657
20/4/2021,W.P. Labuan,77633,32584,2521
20/4/2021,W.P. Putrajaya,198471,123512,3103
21/4/2021,Johor,2366959,1047601,96132
21/4/2021,Kedah,809618,428689,37568
21/4/2021,Kelantan,209336,126264,17792
21/4/2021,Melaka,622740,289466,24470
21/4/2021,Negeri Sembilan,683217,332976,26815
21/4/2021,Pahang,812626,360457,33742
21/4/2021,Perak,1329338,596063,56280
21/4/2021,Perlis,201739,126076,9477
21/4/2021,Pulau Pinang,1534435,678593,53296
21/4/2021,Sabah,1330036,505982,52435
21/4/2021,Sarawak,1475460,573593,50520
21/4/2021,Selangor,5100337,2422666,162680
21/4/2021,Terengganu,310298,170729,17339
21/4/2021,W.P. KualaLumpur,4110401,1862512,106696
21/4/2021,W.P. Labuan,79094,32880,2498
21/4/2021,W.P. Putrajaya,196991,121473,3159
22/4/2021,Johor,2367625,1057532,95665
22/4/2021,Kedah,802170,424066,37136
22/4/2021,Kelantan,217772,129021,17646
22/4/2021,Melaka,609493,288328,24669
22/4/2021,Negeri Sembilan,661721,330656,26300
22/4/2021,Pahang,805061,359811,33383
22/4/2021,Perak,1305737,596484,55836
22/4/2021,Perlis,201963,126809,9297
22/4/2021,Pulau Pinang,1473232,670780,52985
22/4/2021,Sabah,1364466,513280,52353
22/4/2021,Sarawak,1428619,560695,48362
22/4/2021,Selangor,5056292,2440077,162470
22/4/2021,Terengganu,341029,181069,17524
22/4/2021,W.P. KualaLumpur,4113372,1895542,106544
22/4/2021,W.P. Labuan,82098,33575,2542
22/4/2021,W.P. Putrajaya,215583,128439,3140
23/4/2021,Johor,2631002,1103538,92510
23/4/2021,Kedah,844976,426083,28054
23/4/2021,Kelantan,170489,105236,9328
23/4/2021,Melaka,668889,304237,24678
23/4/2021,Negeri Sembilan,758564,358586,26882
23/4/2021,Pahang,893071,382690,33257
23/4/2021,Perak,1388338,619459,56283
23/4/2021,Perlis,214721,130582,9174
23/4/2021,Pulau Pinang,1596908,697802,53415
23/4/2021,Sabah,1422222,522347,51993
23/4/2021,Sarawak,1516212,578951,48682
23/4/2021,Selangor,5574571,2596646,163513
23/4/2021,Terengganu,295851,160137,9504
23/4/2021,W.P. KualaLumpur,4665250,2046688,107308
23/4/2021,W.P. Labuan,84420,33905,2467
23/4/2021,W.P. Putrajaya,254898,145754,3087
24/4/2021,Johor,2723883,1100798,86657
24/4/2021,Kedah,933635,450267,33851
24/4/2021,Kelantan,218500,126075,15391
24/4/2021,Melaka,718627,307074,21967
24/4/2021,Negeri Sembilan,822279,359469,24257
24/4/2021,Pahang,906843,367063,29276
24/4/2021,Perak,1488713,624899,51517
24/4/2021,Perlis,218899,124344,8327
24/4/2021,Pulau Pinang,1749032,700845,47016
24/4/2021,Sabah,1468001,507188,45796
24/4/2021,Sarawak,1620755,577237,42875
24/4/2021,Selangor,6185326,2655669,139706
24/4/2021,Terengganu,348494,173975,14790
24/4/2021,W.P. KualaLumpur,4943323,2075579,88353
24/4/2021,W.P. Labuan,85653,32801,2070
24/4/2021,W.P. Putrajaya,254829,141940,2110
25/4/2021,Johor,2705619,1091170,72171
25/4/2021,Kedah,924858,457074,34320
25/4/2021,Kelantan,227325,133356,17596
25/4/2021,Melaka,654884,286782,15980
25/4/2021,Negeri Sembilan,764202,338488,17870
25/4/2021,Pahang,818207,341951,21464
25/4/2021,Perak,1370007,588670,35818
25/4/2021,Perlis,188942,107201,5718
25/4/2021,Pulau Pinang,1628609,660053,33612
25/4/2021,Sabah,1316904,466336,33985
25/4/2021,Sarawak,1479333,538474,30259
25/4/2021,Selangor,5775329,2500127,100441
25/4/2021,Terengganu,348970,181693,17404
25/4/2021,W.P. KualaLumpur,4611351,1981323,65771
25/4/2021,W.P. Labuan,75734,30311,1560
25/4/2021,W.P. Putrajaya,264596,147390,1828
26/4/2021,Johor,2311145,1038153,93872
26/4/2021,Kedah,831713,433524,37038
26/4/2021,Kelantan,220576,130863,17593
26/4/2021,Melaka,622515,289531,24084
26/4/2021,Negeri Sembilan,683969,336023,26217
26/4/2021,Pahang,827381,365191,33111
26/4/2021,Perak,1264710,583153,54605
26/4/2021,Perlis,211267,129246,9329
26/4/2021,Pulau Pinang,1534981,681164,52535
26/4/2021,Sabah,1349623,511662,51564
26/4/2021,Sarawak,1419695,558538,47971
26/4/2021,Selangor,5011559,2405014,158945
26/4/2021,Terengganu,330724,165926,13442
26/4/2021,W.P. KualaLumpur,4079254,1874798,104117
26/4/2021,W.P. Labuan,80409,32802,2512
26/4/2021,W.P. Putrajaya,212138,127551,3124
27/4/2021,Johor,2303438,1030734,94793
27/4/2021,Kedah,813953,425318,37108
27/4/2021,Kelantan,215766,127414,17585
27/4/2021,Melaka,610407,283735,24251
27/4/2021,Negeri Sembilan,656657,325294,26265
27/4/2021,Pahang,805687,359324,33480
27/4/2021,Perak,1283916,585692,55529
27/4/2021,Perlis,204132,125767,9388
27/4/2021,Pulau Pinang,1442809,655489,52212
27/4/2021,Sabah,1303455,500119,52102
27/4/2021,Sarawak,1351133,540836,48661
27/4/2021,Selangor,4931864,2381343,160853
27/4/2021,Terengganu,342879,179687,17748
27/4/2021,W.P. KualaLumpur,4087271,1868691,105982
27/4/2021,W.P. Labuan,78357,32247,2504
27/4/2021,W.P. Putrajaya,209455,125574,3128
28/4/2021,Johor,2430350,1058802,96060
28/4/2021,Kedah,807364,424438,37241
28/4/2021,Kelantan,229308,132822,18294
28/4/2021,Melaka,639568,292720,24554
28/4/2021,Negeri Sembilan,682312,331906,26599
28/4/2021,Pahang,851779,371204,33828
28/4/2021,Perak,1339293,598066,55787
28/4/2021,Perlis,200236,124081,9347
28/4/2021,Pulau Pinang,1519823,674270,53088
28/4/2021,Sabah,1374668,511039,52209
28/4/2021,Sarawak,1460321,559838,49535
28/4/2021,Selangor,5294035,2478870,163191
28/4/2021,Terengganu,351699,183285,17862
28/4/2021,W.P. KualaLumpur,4428463,1950618,107616
28/4/2021,W.P. Labuan,82930,33084,2482
28/4/2021,W.P. Putrajaya,218828,130721,3148
29/4/2021,Johor,2400100,1060295,95562
29/4/2021,Kedah,823446,423800,36801
29/4/2021,Kelantan,232650,128971,15934
29/4/2021,Melaka,639582,295590,24529
29/4/2021,Negeri Sembilan,736675,347568,26715
29/4/2021,Pahang,838544,351795,28495
29/4/2021,Perak,1288551,571572,49048
29/4/2021,Perlis,197432,119200,8124
29/4/2021,Pulau Pinang,1455896,639786,46875
29/4/2021,Sabah,1381788,517867,54251
29/4/2021,Sarawak,1407919,551661,49067
29/4/2021,Selangor,5583452,2447143,134597
29/4/2021,Terengganu,363219,177707,14573
29/4/2021,W.P. KualaLumpur,4386028,1893397,85362
29/4/2021,W.P. Labuan,75442,29859,1759
29/4/2021,W.P. Putrajaya,238617,129333,1932
30/4/2021,Johor,2616367,1091510,91021
30/4/2021,Kedah,885790,433848,28330
30/4/2021,Kelantan,199118,114283,9959
30/4/2021,Melaka,675083,300900,24087
30/4/2021,Negeri Sembilan,757613,354473,26572
30/4/2021,Pahang,883987,374938,32701
30/4/2021,Perak,1418661,618377,55852
30/4/2021,Perlis,217920,130120,9131
30/4/2021,Pulau Pinang,1647344,699648,53044
30/4/2021,Sabah,1546938,550406,55270
30/4/2021,Sarawak,1536585,581624,48960
30/4/2021,Selangor,5640262,2571273,162228
30/4/2021,Terengganu,314030,163855,9749
30/4/2021,W.P. KualaLumpur,4778668,2073948,106523
30/4/2021,W.P. Labuan,87048,33721,2433
30/4/2021,W.P. Putrajaya,262793,148077,3074
1/5/2021,Johor,2824615,1088777,64977
1/5/2021,Kedah,813226,401355,25860
1/5/2021,Kelantan,243034,130254,13197
1/5/2021,Melaka,679484,290478,16779
1/5/2021,Negeri Sembilan,793898,341598,19117
1/5/2021,Pahang,902507,359551,22923
1/5/2021,Perak,1457534,604432,39271
1/5/2021,Perlis,204316,111805,6133
1/5/2021,Pulau Pinang,1677707,663972,35313
1/5/2021,Sabah,1538328,510777,38191
1/5/2021,Sarawak,1727879,581173,32176
1/5/2021,Selangor,6076757,2579309,106318
1/5/2021,Terengganu,393444,185539,12480
1/5/2021,W.P. KualaLumpur,5003465,2088715,70114
1/5/2021,W.P. Labuan,79233,30338,1629
1/5/2021,W.P. Putrajaya,280567,155138,1903
2/5/2021,Johor,2765851,1096780,71741
2/5/2021,Kedah,861353,432516,33768
2/5/2021,Kelantan,249750,135387,16266
2/5/2021,Melaka,649291,281419,15545
2/5/2021,Negeri Sembilan,747536,330784,17555
2/5/2021,Pahang,823454,341929,21018
2/5/2021,Perak,1347170,578745,35405
2/5/2021,Perlis,188506,104403,5559
2/5/2021,Pulau Pinang,1585518,641866,32957
2/5/2021,Sabah,1488890,504005,37234
2/5/2021,Sarawak,1547706,548005,30837
2/5/2021,Selangor,5779987,2489103,99776
2/5/2021,Terengganu,373923,181540,15257
2/5/2021,W.P. KualaLumpur,4690510,2000872,66009
2/5/2021,W.P. Labuan,75443,29925,1520
2/5/2021,W.P. Putrajaya,271574,151154,1792
3/5/2021,Johor,2506701,1076473,94761
3/5/2021,Kedah,772408,412162,36882
3/5/2021,Kelantan,252940,142380,18148
3/5/2021,Melaka,650329,292750,23920
3/5/2021,Negeri Sembilan,712030,338463,26139
3/5/2021,Pahang,852690,368764,33112
3/5/2021,Perak,1389670,609860,55315
3/5/2021,Perlis,217133,127910,9300
3/5/2021,Pulau Pinang,1635563,688721,52225
3/5/2021,Sabah,1508724,544703,55248
3/5/2021,Sarawak,1559476,587709,49887
3/5/2021,Selangor,5279723,2475942,160506
3/5/2021,Terengganu,365507,186109,17678
3/5/2021,W.P. KualaLumpur,4443476,1987459,105717
3/5/2021,W.P. Labuan,82080,32985,2462
3/5/2021,W.P. Putrajaya,231366,138134,3151
4/5/2021,Johor,2490591,1075300,96555
4/5/2021,Kedah,739313,400427,36612
4/5/2021,Kelantan,249640,139316,18089
4/5/2021,Melaka,632994,289927,24142
4/5/2021,Negeri Sembilan,699370,335658,26406
4/5/2021,Pahang,848142,366811,33163
4/5/2021,Perak,1326996,591549,55674
4/5/2021,Perlis,211099,126970,9396
4/5/2021,Pulau Pinang,1473324,661916,52441
4/5/2021,Sabah,1533537,548250,55984
4/5/2021,Sarawak,1518899,578490,50668
4/5/2021,Selangor,5217786,2467732,162847
4/5/2021,Terengganu,354701,182963,17485
4/5/2021,W.P. KualaLumpur,4352644,1962059,107002
4/5/2021,W.P. Labuan,83695,34167,2499
4/5/2021,W.P. Putrajaya,227736,135056,3138
5/5/2021,Johor,2562875,1094464,97923
5/5/2021,Kedah,759797,407554,36769
5/5/2021,Kelantan,258997,142810,18215
5/5/2021,Melaka,667770,297329,24524
5/5/2021,Negeri Sembilan,733755,343513,27095
5/5/2021,Pahang,877011,373637,33691
5/5/2021,Perak,1359895,600818,55938
5/5/2021,Perlis,208928,125124,9357
5/5/2021,Pulau Pinang,1465965,659837,52246
5/5/2021,Sabah,1586119,558368,56469
5/5/2021,Sarawak,1648174,603971,53769
5/5/2021,Selangor,5664913,2575301,165576
5/5/2021,Terengganu,376880,191219,17833
5/5/2021,W.P. KualaLumpur,4697296,2058097,107629
5/5/2021,W.P. Labuan,87792,34529,2496
5/5/2021,W.P. Putrajaya,251134,146000,3061
6/5/2021,Johor,2858195,1168738,98348
6/5/2021,Kedah,805092,421694,37063
6/5/2021,Kelantan,271587,149074,18123
6/5/2021,Melaka,677692,302088,24855
6/5/2021,Negeri Sembilan,779145,358255,27556
6/5/2021,Pahang,929790,386376,34318
6/5/2021,Perak,1486740,638502,56927
6/5/2021,Perlis,214860,128434,9261
6/5/2021,Pulau Pinang,1591980,695750,53417
6/5/2021,Sabah,1622535,565913,56255
6/5/2021,Sarawak,1684672,613038,54342
6/5/2021,Selangor,4638858,2316798,162596
6/5/2021,Terengganu,411605,204402,18157
6/5/2021,W.P. KualaLumpur,4511508,1971799,105705
6/5/2021,W.P. Labuan,90965,35332,2523
6/5/2021,W.P. Putrajaya,232818,137055,3039
7/5/2021,Johor,2351153,1036620,92021
7/5/2021,Kedah,866384,429925,29007
7/5/2021,Kelantan,251910,135388,10640
7/5/2021,Melaka,740442,317171,25075
7/5/2021,Negeri Sembilan,834337,378915,28446
7/5/2021,Pahang,996687,407764,33688
7/5/2021,Perak,1470994,639462,56614
7/5/2021,Perlis,237537,135822,9224
7/5/2021,Pulau Pinang,1702393,722156,53810
7/5/2021,Sabah,1800528,602390,56664
7/5/2021,Sarawak,1824409,643252,54699
7/5/2021,Selangor,4735905,2330393,162475
7/5/2021,Terengganu,364264,181954,10339
7/5/2021,W.P. KualaLumpur,3911250,1864761,102781
7/5/2021,W.P. Labuan,93661,35469,2464
7/5/2021,W.P. Putrajaya,257857,146662,3002
8/5/2021,Johor,2625736,1072314,87628
8/5/2021,Kedah,959845,452964,34356
8/5/2021,Kelantan,317944,160899,17189
8/5/2021,Melaka,801234,317726,22321
8/5/2021,Negeri Sembilan,868698,367843,25305
8/5/2021,Pahang,1051197,398729,29894
8/5/2021,Perak,1584659,643714,51845
8/5/2021,Perlis,245373,128616,8336
8/5/2021,Pulau Pinang,1805228,716200,47433
8/5/2021,Sabah,1969109,608370,50537
8/5/2021,Sarawak,1967639,643153,47862
8/5/2021,Selangor,5196325,2342798,137970
8/5/2021,Terengganu,474209,213780,15788
8/5/2021,W.P. KualaLumpur,3953721,1816952,84047
8/5/2021,W.P. Labuan,101530,35031,2037
8/5/2021,W.P. Putrajaya,246632,138247,1991
9/5/2021,Johor,2615144,1071914,71242
9/5/2021,Kedah,1038833,482162,34541
9/5/2021,Kelantan,318480,169156,18865
9/5/2021,Melaka,734278,302439,16448
9/5/2021,Negeri Sembilan,871290,363231,19112
9/5/2021,Pahang,1008852,385018,22833
9/5/2021,Perak,1597908,640521,37430
9/5/2021,Perlis,227034,118135,5947
9/5/2021,Pulau Pinang,1696389,689332,34219
9/5/2021,Sabah,1785396,584145,39135
9/5/2021,Sarawak,1871208,615150,33954
9/5/2021,Selangor,4604012,2150024,95698
9/5/2021,Terengganu,479347,222045,18023
9/5/2021,W.P. KualaLumpur,3136313,1607149,57541
9/5/2021,W.P. Labuan,91199,32484,1547
9/5/2021,W.P. Putrajaya,175662,103375,1511
10/5/2021,Johor,2379434,1044566,94294
10/5/2021,Kedah,900570,445270,37250
10/5/2021,Kelantan,300127,163634,18788
10/5/2021,Melaka,695659,299983,24185
10/5/2021,Negeri Sembilan,824912,364661,27905
10/5/2021,Pahang,864639,365254,33009
10/5/2021,Perak,1339165,592932,54103
10/5/2021,Perlis,226126,126899,9257
10/5/2021,Pulau Pinang,1282131,614554,49614
10/5/2021,Sabah,1810328,594421,55432
10/5/2021,Sarawak,1834286,637748,53115
10/5/2021,Selangor,4675619,2264433,155203
10/5/2021,Terengganu,433224,206410,17910
10/5/2021,W.P. KualaLumpur,3303179,1706950,93648
10/5/2021,W.P. Labuan,98673,35927,2365
10/5/2021,W.P. Putrajaya,184519,107955,2596
11/5/2021,Johor,2460235,1066612,92785
11/5/2021,Kedah,931282,458138,36135
11/5/2021,Kelantan,312511,169076,18090
11/5/2021,Melaka,730834,306492,23543
11/5/2021,Negeri Sembilan,876445,376067,26732
11/5/2021,Pahang,908927,375691,31661
11/5/2021,Perak,1396072,608554,53557
11/5/2021,Perlis,223243,125043,8961
11/5/2021,Pulau Pinang,1310184,619542,49500
11/5/2021,Sabah,1873678,604288,55812
11/5/2021,Sarawak,1957840,663186,53312
11/5/2021,Selangor,5091428,2387674,153301
11/5/2021,Terengganu,440401,210792,17264
11/5/2021,W.P. KualaLumpur,3637358,1802086,93845
11/5/2021,W.P. Labuan,102344,35882,2264
11/5/2021,W.P. Putrajaya,187812,107788,2431
12/5/2021,Johor,2221863,962285,83090
12/5/2021,Kedah,864731,422668,31268
12/5/2021,Kelantan,309463,163548,15682
12/5/2021,Melaka,524909,243951,19848
12/5/2021,Negeri Sembilan,653337,303298,23122
12/5/2021,Pahang,728791,315730,26235
12/5/2021,Perak,1252090,548674,48743
12/5/2021,Perlis,184724,104591,7699
12/5/2021,Pulau Pinang,1283586,583188,46175
12/5/2021,Sabah,1929269,604111,59397
12/5/2021,Sarawak,1733849,607369,53865
12/5/2021,Selangor,5183248,2307914,139411
12/5/2021,Terengganu,332462,169619,13518
12/5/2021,W.P. KualaLumpur,3877415,1772842,88778
12/5/2021,W.P. Labuan,101021,34269,2095
12/5/2021,W.P. Putrajaya,208702,123864,2167
13/5/2021,Johor,1058519,563582,45150
13/5/2021,Kedah,268251,169720,13403
13/5/2021,Kelantan,27805,22947,4095
13/5/2021,Melaka,241129,140319,10293
13/5/2021,Negeri Sembilan,288423,165255,12478
13/5/2021,Pahang,259735,152159,12969
13/5/2021,Perak,581413,315371,27481
13/5/2021,Perlis,66468,45285,3246
13/5/2021,Pulau Pinang,659031,343366,24940
13/5/2021,Sabah,943387,410285,38078
13/5/2021,Sarawak,998246,447948,41582
13/5/2021,Selangor,2204238,1197200,63427
13/5/2021,Terengganu,47041,36715,4488
13/5/2021,W.P. KualaLumpur,1942217,1037182,41262
13/5/2021,W.P. Labuan,37328,20856,1111
13/5/2021,W.P. Putrajaya,90764,56972,996
14/5/2021,Johor,1489023,714355,50986
14/5/2021,Kedah,451661,259343,15092
14/5/2021,Kelantan,121577,78715,5590
14/5/2021,Melaka,356085,183626,12190
14/5/2021,Negeri Sembilan,438274,222947,13807
14/5/2021,Pahang,414610,215314,14628
14/5/2021,Perak,850120,415794,32467
14/5/2021,Perlis,106915,65952,4195
14/5/2021,Pulau Pinang,837406,415448,28251
14/5/2021,Sabah,1136571,449381,36051
14/5/2021,Sarawak,1103509,459771,37925
14/5/2021,Selangor,3301190,1668603,69335
14/5/2021,Terengganu,138765,86547,5021
14/5/2021,W.P. KualaLumpur,2555664,1262380,46543
14/5/2021,W.P. Labuan,43463,21770,983
14/5/2021,W.P. Putrajaya,163630,96885,1082
15/5/2021,Johor,1888699,837906,66983
15/5/2021,Kedah,624178,331009,23382
15/5/2021,Kelantan,205287,118805,10332
15/5/2021,Melaka,454934,214363,16280
15/5/2021,Negeri Sembilan,546748,261069,18211
15/5/2021,Pahang,552633,258881,19321
15/5/2021,Perak,1026421,472755,40811
15/5/2021,Perlis,139757,82466,5854
15/5/2021,Pulau Pinang,1041487,489641,36408
15/5/2021,Sabah,1387633,498527,45835
15/5/2021,Sarawak,1295404,509337,45364
15/5/2021,Selangor,4297203,1986436,101742
15/5/2021,Terengganu,221966,123864,8092
15/5/2021,W.P. KualaLumpur,3236847,1486374,65630
15/5/2021,W.P. Labuan,57564,25919,1330
15/5/2021,W.P. Putrajaya,185517,104817,1389
16/5/2021,Johor,1813132,815994,58561
16/5/2021,Kedah,675525,352034,26549
16/5/2021,Kelantan,258531,144314,15996
16/5/2021,Melaka,408163,200879,13228
16/5/2021,Negeri Sembilan,488559,243283,14899
16/5/2021,Pahang,520420,251358,16986
16/5/2021,Perak,915573,444196,31111
16/5/2021,Perlis,134112,78267,4830
16/5/2021,Pulau Pinang,933988,458000,27954
16/5/2021,Sabah,1330489,481838,36428
16/5/2021,Sarawak,1207822,479818,32754
16/5/2021,Selangor,3848171,1845180,83097
16/5/2021,Terengganu,285781,150864,13331
16/5/2021,W.P. KualaLumpur,2941821,1398231,53901
16/5/2021,W.P. Labuan,52368,24525,1086
16/5/2021,W.P. Putrajaya,179395,103507,1427
17/5/2021,Johor,1948826,906062,88761
17/5/2021,Kedah,749087,391755,35433
17/5/2021,Kelantan,260417,145949,18817
17/5/2021,Melaka,442353,223690,20846
17/5/2021,Negeri Sembilan,590791,292165,24606
17/5/2021,Pahang,710738,318251,30827
17/5/2021,Perak,1153179,529756,52181
17/5/2021,Perlis,186877,112615,9006
17/5/2021,Pulau Pinang,1227702,581388,49243
17/5/2021,Sabah,1618366,560493,54913
17/5/2021,Sarawak,1347170,544602,50942
17/5/2021,Selangor,4408625,2139421,150434
17/5/2021,Terengganu,301282,158045,16586
17/5/2021,W.P. KualaLumpur,3362484,1619506,94771
17/5/2021,W.P. Labuan,79673,30456,2215
17/5/2021,W.P. Putrajaya,185856,107644,2694
18/5/2021,Johor,1931100,912211,92810
18/5/2021,Kedah,765495,396938,37276
18/5/2021,Kelantan,250881,142266,19676
18/5/2021,Melaka,498828,242951,22981
18/5/2021,Negeri Sembilan,563645,286245,25689
18/5/2021,Pahang,699067,317427,33404
18/5/2021,Perak,1163050,535382,55252
18/5/2021,Perlis,185075,113885,9370
18/5/2021,Pulau Pinang,1223426,584989,50588
18/5/2021,Sabah,1571042,552120,55722
18/5/2021,Sarawak,1345107,548267,52216
18/5/2021,Selangor,4143575,2088772,156081
18/5/2021,Terengganu,305660,160053,18070
18/5/2021,W.P. KualaLumpur,3286082,1595596,98644
18/5/2021,W.P. Labuan,76183,30181,2194
18/5/2021,W.P. Putrajaya,170932,102942,2829
19/5/2021,Johor,2003228,933009,95852
19/5/2021,Kedah,623056,350089,34616
19/5/2021,Kelantan,255060,144923,20411
19/5/2021,Melaka,510999,248242,24179
19/5/2021,Negeri Sembilan,580181,292121,26841
19/5/2021,Pahang,709444,320149,34805
19/5/2021,Perak,1150754,532912,56475
19/5/2021,Perlis,182929,113077,9588
19/5/2021,Pulau Pinang,1227098,582967,51516
19/5/2021,Sabah,1487260,539443,56054
19/5/2021,Sarawak,1366482,552302,53196
19/5/2021,Selangor,4497739,2176542,162798
19/5/2021,Terengganu,312848,164032,19047
19/5/2021,W.P. KualaLumpur,3552415,1644842,102057
19/5/2021,W.P. Labuan,69528,28932,2309
19/5/2021,W.P. Putrajaya,178775,107605,3022
20/5/2021,Johor,1999193,940818,96662
20/5/2021,Kedah,683980,372431,35821
20/5/2021,Kelantan,276592,154515,21215
20/5/2021,Melaka,509802,248119,24297
20/5/2021,Negeri Sembilan,601404,301124,27404
20/5/2021,Pahang,743320,330504,35716
20/5/2021,Perak,1248592,560811,57560
20/5/2021,Perlis,195469,118918,9898
20/5/2021,Pulau Pinang,1259784,596272,52145
20/5/2021,Sabah,1597064,559433,56999
20/5/2021,Sarawak,1379902,561042,53949
20/5/2021,Selangor,4533087,2206636,164572
20/5/2021,Terengganu,332632,170341,19426
20/5/2021,W.P. KualaLumpur,3579441,1678176,102244
20/5/2021,W.P. Labuan,71964,29693,2283
20/5/2021,W.P. Putrajaya,187471,112817,3050
21/5/2021,Johor,1980159,928455,91623
21/5/2021,Kedah,571936,326719,26663
21/5/2021,Kelantan,174786,107162,10802
21/5/2021,Melaka,520712,250946,24081
21/5/2021,Negeri Sembilan,586565,296836,26798
21/5/2021,Pahang,747729,331136,34955
21/5/2021,Perak,1408776,594958,57659
21/5/2021,Perlis,188244,115334,9428
21/5/2021,Pulau Pinang,1299445,605727,52298
21/5/2021,Sabah,1605189,562938,56471
21/5/2021,Sarawak,1425711,572739,54509
21/5/2021,Selangor,4729872,2263369,164713
21/5/2021,Terengganu,223354,126939,10325
21/5/2021,W.P. KualaLumpur,3751540,1729518,102313
21/5/2021,W.P. Labuan,72277,29816,2270
21/5/2021,W.P. Putrajaya,205107,122266,3039
22/5/2021,Johor,1925112,884198,86729
22/5/2021,Kedah,623017,337825,32229
22/5/2021,Kelantan,230639,130868,18637
22/5/2021,Melaka,477697,228813,21519
22/5/2021,Negeri Sembilan,580330,279383,24252
22/5/2021,Pahang,633658,288572,29466
22/5/2021,Perak,877976,434202,42896
22/5/2021,Perlis,165354,97836,8429
22/5/2021,Pulau Pinang,1204181,550002,45890
22/5/2021,Sabah,1487488,522650,50267
22/5/2021,Sarawak,1368365,535553,47135
22/5/2021,Selangor,4524372,2095545,139809
22/5/2021,Terengganu,281326,144888,16197
22/5/2021,W.P. KualaLumpur,3347688,1527844,83121
22/5/2021,W.P. Labuan,64591,27239,1878
22/5/2021,W.P. Putrajaya,165835,100233,2008
23/5/2021,Johor,1902590,869255,73012
23/5/2021,Kedah,685710,363992,33588
23/5/2021,Kelantan,277493,154811,22350
23/5/2021,Melaka,405221,201687,15400
23/5/2021,Negeri Sembilan,501542,249245,17805
23/5/2021,Pahang,611995,279016,23469
23/5/2021,Perak,770013,396192,30931
23/5/2021,Perlis,139886,82047,5975
23/5/2021,Pulau Pinang,1003029,478801,31739
23/5/2021,Sabah,1368501,495544,39107
23/5/2021,Sarawak,1214515,486455,33010
23/5/2021,Selangor,3896418,1859061,99434
23/5/2021,Terengganu,322510,166491,20362
23/5/2021,W.P. KualaLumpur,2884550,1372872,60980
23/5/2021,W.P. Labuan,60263,25446,1393
23/5/2021,W.P. Putrajaya,158651,98751,1746
24/5/2021,Johor,1980486,935377,97463
24/5/2021,Kedah,684232,373271,37382
24/5/2021,Kelantan,273550,153605,23050
24/5/2021,Melaka,510532,248125,24686
24/5/2021,Negeri Sembilan,605858,301831,27942
24/5/2021,Pahang,643552,298669,33088
24/5/2021,Perak,1029131,492484,49797
24/5/2021,Perlis,198342,119944,10165
24/5/2021,Pulau Pinang,1313495,606361,53337
24/5/2021,Sabah,1496917,540086,56705
24/5/2021,Sarawak,1351069,555153,54074
24/5/2021,Selangor,4437188,2164218,166550
24/5/2021,Terengganu,313286,164127,20648
24/5/2021,W.P. KualaLumpur,3481084,1630909,101604
24/5/2021,W.P. Labuan,76908,29782,2259
24/5/2021,W.P. Putrajaya,177547,107977,3090
25/5/2021,Johor,1969606,936723,99185
25/5/2021,Kedah,659689,363199,37627
25/5/2021,Kelantan,257288,145841,23059
25/5/2021,Melaka,485588,239073,24654
25/5/2021,Negeri Sembilan,580131,290091,27988
25/5/2021,Pahang,637759,294866,33115
25/5/2021,Perak,1004842,484508,50557
25/5/2021,Perlis,186695,114792,10160
25/5/2021,Pulau Pinang,1281174,594825,53556
25/5/2021,Sabah,1485906,536947,57594
25/5/2021,Sarawak,1375383,552283,54615
25/5/2021,Selangor,4331492,2103853,169111
25/5/2021,Terengganu,297026,157845,20771
25/5/2021,W.P. KualaLumpur,3286014,1557721,101962
25/5/2021,W.P. Labuan,67384,27438,2190
25/5/2021,W.P. Putrajaya,156672,96817,3056
26/5/2021,Johor,1691191,856443,86277
26/5/2021,Kedah,566032,320832,33360
26/5/2021,Kelantan,210000,123611,20127
26/5/2021,Melaka,396020,206373,20705
26/5/2021,Negeri Sembilan,494278,255063,23600
26/5/2021,Pahang,500228,249561,27801
26/5/2021,Perak,821076,423620,43981
26/5/2021,Perlis,151136,94077,8614
26/5/2021,Pulau Pinang,1008391,502852,43356
26/5/2021,Sabah,1162486,459714,44117
26/5/2021,Sarawak,1091989,461045,37498
26/5/2021,Selangor,3565404,1800386,129384
26/5/2021,Terengganu,238937,133572,17636
26/5/2021,W.P. KualaLumpur,2514768,1261477,74082
26/5/2021,W.P. Labuan,24179,13651,1101
26/5/2021,W.P. Putrajaya,120096,76379,1896
27/5/2021,Johor,1263042,741740,89214
27/5/2021,Kedah,391549,250836,31779
27/5/2021,Kelantan,177638,111360,20314
27/5/2021,Melaka,314874,183759,22130
27/5/2021,Negeri Sembilan,375514,218660,25187
27/5/2021,Pahang,429936,231543,30171
27/5/2021,Perak,617653,356099,43926
27/5/2021,Perlis,111915,79282,8703
27/5/2021,Pulau Pinang,663032,406693,45859
27/5/2021,Sabah,939878,424766,52746
27/5/2021,Sarawak,881011,436769,50253
27/5/2021,Selangor,2518228,1499230,151461
27/5/2021,Terengganu,199298,120379,18145
27/5/2021,W.P. KualaLumpur,1969428,1114198,93061
27/5/2021,W.P. Labuan,32182,17138,1648
27/5/2021,W.P. Putrajaya,104425,68674,2970
28/5/2021,Johor,749847,540060,70922
28/5/2021,Kedah,213587,158625,19141
28/5/2021,Kelantan,67635,50137,7943
28/5/2021,Melaka,185214,132317,18267
28/5/2021,Negeri Sembilan,217132,153301,20838
28/5/2021,Pahang,245107,162766,24538
28/5/2021,Perak,411349,274545,37384
28/5/2021,Perlis,73588,59961,6949
28/5/2021,Pulau Pinang,516311,354516,41081
28/5/2021,Sabah,541164,317037,46505
28/5/2021,Sarawak,606406,361183,45436
28/5/2021,Selangor,1563311,1105520,130951
28/5/2021,Terengganu,80708,56380,6761
28/5/2021,W.P. KualaLumpur,1203312,797129,81614
28/5/2021,W.P. Labuan,20018,12500,1454
28/5/2021,W.P. Putrajaya,62931,46462,2687
29/5/2021,Johor,636596,464382,58077
29/5/2021,Kedah,197589,146042,20053
29/5/2021,Kelantan,75708,57391,11818
29/5/2021,Melaka,135302,99027,13294
29/5/2021,Negeri Sembilan,165344,118491,15696
29/5/2021,Pahang,185820,125392,18783
29/5/2021,Perak,332798,223190,28849
29/5/2021,Perlis,55788,44470,5454
29/5/2021,Pulau Pinang,402013,278803,30769
29/5/2021,Sabah,348921,223524,36800
29/5/2021,Sarawak,324957,216236,29878
29/5/2021,Selangor,1209261,854128,94360
29/5/2021,Terengganu,94861,67438,10581
29/5/2021,W.P. KualaLumpur,835206,572818,55834
29/5/2021,W.P. Labuan,14623,9592,1035
29/5/2021,W.P. Putrajaya,38376,31246,1452
30/5/2021,Johor,426804,326640,38082
30/5/2021,Kedah,145023,115422,16440
30/5/2021,Kelantan,64736,54310,11211
30/5/2021,Melaka,78983,59525,7272
30/5/2021,Negeri Sembilan,92606,70314,8773
30/5/2021,Pahang,97653,70791,10946
30/5/2021,Perak,186501,134078,16087
30/5/2021,Perlis,30834,25439,2951
30/5/2021,Pulau Pinang,235025,169996,16590
30/5/2021,Sabah,188697,131134,21814
30/5/2021,Sarawak,185214,126402,15099
30/5/2021,Selangor,622682,460086,49337
30/5/2021,Terengganu,68455,55670,9725
30/5/2021,W.P. KualaLumpur,431177,313343,29638
30/5/2021,W.P. Labuan,7932,5329,604
30/5/2021,W.P. Putrajaya,20273,17044,946
31/5/2021,Johor,1616258,587751,73606
31/5/2021,Kedah,527497,196238,25737
31/5/2021,Kelantan,222935,83207,16003
31/5/2021,Melaka,398517,142247,17921
31/5/2021,Negeri Sembilan,462367,163069,20773
31/5/2021,Pahang,519113,172006,24358
31/5/2021,Perak,820433,275985,35844
31/5/2021,Perlis,163330,64652,7294
31/5/2021,Pulau Pinang,1079622,365177,40423
31/5/2021,Sabah,672278,197049,31368
31/5/2021,Sarawak,873368,271802,33239
31/5/2021,Selangor,3161802,1130703,128387
31/5/2021,Terengganu,223018,80531,12663
31/5/2021,W.P. KualaLumpur,2381669,802966,79179
31/5/2021,W.P. Labuan,26282,8081,807
31/5/2021,W.P. Putrajaya,134251,50021,2629
1/6/2021,Johor,1449297,773033,60588
1/6/2021,Kedah,515901,298701,25010
1/6/2021,Kelantan,189782,113927,15922
1/6/2021,Melaka,331769,182566,14675
1/6/2021,Negeri Sembilan,432374,233272,17422
1/6/2021,Pahang,515016,251371,24582
1/6/2021,Perak,853989,425285,37283
1/6/2021,Perlis,143997,90648,7011
1/6/2021,Pulau Pinang,954533,483323,34378
1/6/2021,Sabah,600857,282797,30526
1/6/2021,Sarawak,568215,286523,19972
1/6/2021,Selangor,3208230,1662395,102754
1/6/2021,Terengganu,216905,123107,13982
1/6/2021,W.P. KualaLumpur,2259285,1180737,57351
1/6/2021,W.P. Labuan,27713,13811,1004
1/6/2021,W.P. Putrajaya,108259,69873,2125
2/6/2021,Johor,1596713,833763,65917
2/6/2021,Kedah,581817,329620,27463
2/6/2021,Kelantan,217742,128245,17187
2/6/2021,Melaka,378414,203240,16222
2/6/2021,Negeri Sembilan,473614,251725,18824
2/6/2021,Pahang,571087,272688,26322
2/6/2021,Perak,899094,446449,39628
2/6/2021,Perlis,160307,99158,7625
2/6/2021,Pulau Pinang,1030469,515700,36940
2/6/2021,Sabah,963700,408648,41850
2/6/2021,Sarawak,678928,331821,23079
2/6/2021,Selangor,3484967,1793199,112280
2/6/2021,Terengganu,247001,136644,14744
2/6/2021,W.P. KualaLumpur,2414815,1273956,61877
2/6/2021,W.P. Labuan,37270,18098,1344
2/6/2021,W.P. Putrajaya,117859,75981,2219
3/6/2021,Johor,1683962,860089,68357
3/6/2021,Kedah,587025,333402,28464
3/6/2021,Kelantan,231702,135029,17957
3/6/2021,Melaka,386095,204938,16792
3/6/2021,Negeri Sembilan,479862,255426,19111
3/6/2021,Pahang,589998,279827,26848
3/6/2021,Perak,916039,454032,40489
3/6/2021,Perlis,167654,102797,7890
3/6/2021,Pulau Pinang,1052817,524673,37811
3/6/2021,Sabah,1002738,418582,43250
3/6/2021,Sarawak,970609,444948,39164
3/6/2021,Selangor,3537662,1823644,115528
3/6/2021,Terengganu,259977,142582,15211
3/6/2021,W.P. KualaLumpur,2466363,1296517,63191
3/6/2021,W.P. Labuan,36675,18068,1333
3/6/2021,W.P. Putrajaya,120152,76273,2252
4/6/2021,Johor,1653477,846022,65630
4/6/2021,Kedah,532535,309123,22795
4/6/2021,Kelantan,163586,102074,11405
4/6/2021,Melaka,396169,209979,16836
4/6/2021,Negeri Sembilan,495191,261199,19310
4/6/2021,Pahang,585756,278305,26299
4/6/2021,Perak,942645,464205,40408
4/6/2021,Perlis,175796,106482,7873
4/6/2021,Pulau Pinang,1093660,539176,38304
4/6/2021,Sabah,1034793,427099,44296
4/6/2021,Sarawak,1003575,454297,39755
4/6/2021,Selangor,3564941,1839509,113750
4/6/2021,Terengganu,177451,105563,9105
4/6/2021,W.P. KualaLumpur,2500413,1312732,62679
4/6/2021,W.P. Labuan,34265,17238,1276
4/6/2021,W.P. Putrajaya,124595,79359,2275
5/6/2021,Johor,1733481,865359,63960
5/6/2021,Kedah,591194,328431,26685
5/6/2021,Kelantan,225107,129306,16820
5/6/2021,Melaka,384028,200599,15405
5/6/2021,Negeri Sembilan,488127,253469,17336
5/6/2021,Pahang,557662,263742,23642
5/6/2021,Perak,961895,465803,37166
5/6/2021,Perlis,166983,98461,7105
5/6/2021,Pulau Pinang,1034069,509851,33838
5/6/2021,Sabah,946535,392826,39011
5/6/2021,Sarawak,941613,429458,34032
5/6/2021,Selangor,3661682,1842435,99283
5/6/2021,Terengganu,248092,135075,13383
5/6/2021,W.P. KualaLumpur,2437086,1282501,53107
5/6/2021,W.P. Labuan,30951,15548,1037
5/6/2021,W.P. Putrajaya,113643,75500,1498
6/6/2021,Johor,1684369,842303,57495
6/6/2021,Kedah,644259,352085,28327
6/6/2021,Kelantan,259205,147391,19632
6/6/2021,Melaka,325148,177073,11728
6/6/2021,Negeri Sembilan,416788,223932,13634
6/6/2021,Pahang,457330,232297,18262
6/6/2021,Perak,843842,424314,28811
6/6/2021,Perlis,137938,81425,5483
6/6/2021,Pulau Pinang,901191,459255,26356
6/6/2021,Sabah,804755,344203,29713
6/6/2021,Sarawak,775740,373174,23039
6/6/2021,Selangor,3219996,1660887,76066
6/6/2021,Terengganu,278120,151233,16103
6/6/2021,W.P. KualaLumpur,2156119,1177981,41988
6/6/2021,W.P. Labuan,25291,13088,763
6/6/2021,W.P. Putrajaya,108296,71879,1338
7/6/2021,Johor,1450151,750795,54549
7/6/2021,Kedah,547393,308660,24533
7/6/2021,Kelantan,204200,121698,16114
7/6/2021,Melaka,324777,177725,13083
7/6/2021,Negeri Sembilan,429558,230403,15280
7/6/2021,Pahang,496549,246253,20918
7/6/2021,Perak,856425,427366,32990
7/6/2021,Perlis,146770,85131,6403
7/6/2021,Pulau Pinang,913082,463293,29138
7/6/2021,Sabah,810406,347736,33534
7/6/2021,Sarawak,828412,393464,26436
7/6/2021,Selangor,3125625,1632710,83638
7/6/2021,Terengganu,229269,129250,13239
7/6/2021,W.P. KualaLumpur,2136762,1168073,46114
7/6/2021,W.P. Labuan,25956,13374,854
7/6/2021,W.P. Putrajaya,106959,70919,1413
8/6/2021,Johor,1981201,971861,74627
8/6/2021,Kedah,689472,381134,31505
8/6/2021,Kelantan,268430,153219,20431
8/6/2021,Melaka,443899,231072,18343
8/6/2021,Negeri Sembilan,544737,282683,20412
8/6/2021,Pahang,682568,313764,28430
8/6/2021,Perak,1119470,528150,43822
8/6/2021,Perlis,202194,119671,8621
8/6/2021,Pulau Pinang,1214759,582898,40419
8/6/2021,Sabah,1116610,452418,46173
8/6/2021,Sarawak,1043577,477521,41339
8/6/2021,Selangor,3947320,1999852,123318
8/6/2021,Terengganu,289555,157376,16713
8/6/2021,W.P. KualaLumpur,2778781,1431452,67539
8/6/2021,W.P. Labuan,32675,16527,1192
8/6/2021,W.P. Putrajaya,131945,83869,2366
9/6/2021,Johor,1912092,956143,73649
9/6/2021,Kedah,668108,375379,31621
9/6/2021,Kelantan,257151,148833,19920
9/6/2021,Melaka,419028,223205,17840
9/6/2021,Negeri Sembilan,518379,275053,20117
9/6/2021,Pahang,660467,309546,28516
9/6/2021,Perak,1093594,522572,43950
9/6/2021,Perlis,196845,117594,8591
9/6/2021,Pulau Pinang,1188562,578101,40483
9/6/2021,Sabah,1159163,461719,46920
9/6/2021,Sarawak,1055838,480836,41136
9/6/2021,Selangor,3883693,1983095,122865
9/6/2021,Terengganu,285547,156157,16677
9/6/2021,W.P. KualaLumpur,2735537,1416112,67160
9/6/2021,W.P. Labuan,35127,16976,1176
9/6/2021,W.P. Putrajaya,126092,81602,2338
10/6/2021,Johor,1887039,949960,74351
10/6/2021,Kedah,619676,358319,30287
10/6/2021,Kelantan,265480,152021,20022
10/6/2021,Melaka,441458,231735,18414
10/6/2021,Negeri Sembilan,542979,283237,20489
10/6/2021,Pahang,653966,308246,28624
10/6/2021,Perak,1018036,502115,43547
10/6/2021,Perlis,188831,114716,8370
10/6/2021,Pulau Pinang,1095207,556529,39440
10/6/2021,Sabah,1137949,456476,46764
10/6/2021,Sarawak,1042732,477816,40895
10/6/2021,Selangor,3861570,1983910,123532
10/6/2021,Terengganu,286033,156893,16499
10/6/2021,W.P. KualaLumpur,2689745,1405244,67462
10/6/2021,W.P. Labuan,37209,17704,1171
10/6/2021,W.P. Putrajaya,128413,82125,2320
11/6/2021,Johor,1829523,926473,70118
11/6/2021,Kedah,598315,345642,24663
11/6/2021,Kelantan,190550,117434,12321
11/6/2021,Melaka,428551,228344,18162
11/6/2021,Negeri Sembilan,538117,282782,20412
11/6/2021,Pahang,656681,309859,28341
11/6/2021,Perak,1076448,520264,43662
11/6/2021,Perlis,197963,118387,8391
11/6/2021,Pulau Pinang,1205095,585306,40510
11/6/2021,Sabah,1094428,447488,46101
11/6/2021,Sarawak,981611,463246,40170
11/6/2021,Selangor,3919715,2017509,122823
11/6/2021,Terengganu,194649,117350,9543
11/6/2021,W.P. KualaLumpur,2747445,1429386,67439
11/6/2021,W.P. Labuan,33475,16279,1138
11/6/2021,W.P. Putrajaya,129917,84685,2328
12/6/2021,Johor,1756834,896688,66588
12/6/2021,Kedah,637625,354177,28891
12/6/2021,Kelantan,249293,141809,18213
12/6/2021,Melaka,393110,210153,16219
12/6/2021,Negeri Sembilan,496613,264022,18228
12/6/2021,Pahang,596118,285358,25403
12/6/2021,Perak,1034613,500617,40507
12/6/2021,Perlis,182644,106462,7540
12/6/2021,Pulau Pinang,1116491,544038,35981
12/6/2021,Sabah,1029683,421268,41100
12/6/2021,Sarawak,1038245,469527,35297
12/6/2021,Selangor,3753415,1918714,105664
12/6/2021,Terengganu,271849,148345,14502
12/6/2021,W.P. KualaLumpur,2476627,1320374,56327
12/6/2021,W.P. Labuan,35873,16541,959
12/6/2021,W.P. Putrajaya,116394,78076,1494
13/6/2021,Johor,1724518,875262,59039
13/6/2021,Kedah,633429,354883,28918
13/6/2021,Kelantan,264410,152272,20442
13/6/2021,Melaka,338908,187347,11984
13/6/2021,Negeri Sembilan,441487,237943,14058
13/6/2021,Pahang,493359,251174,19263
13/6/2021,Perak,861784,441029,29920
13/6/2021,Perlis,145356,86095,5640
13/6/2021,Pulau Pinang,936686,478222,27143
13/6/2021,Sabah,843628,358385,30399
13/6/2021,Sarawak,883854,416972,23603
13/6/2021,Selangor,3355966,1744926,78754
13/6/2021,Terengganu,296525,161896,17359
13/6/2021,W.P. KualaLumpur,2266414,1230016,43058
13/6/2021,W.P. Labuan,35657,15807,764
13/6/2021,W.P. Putrajaya,116214,78623,1342
14/6/2021,Johor,1848023,947197,74148
14/6/2021,Kedah,682684,381499,31731
14/6/2021,Kelantan,277978,158051,20884
14/6/2021,Melaka,451228,236539,18598
14/6/2021,Negeri Sembilan,558744,290878,21014
14/6/2021,Pahang,690094,319939,29318
14/6/2021,Perak,1071524,522142,44195
14/6/2021,Perlis,209007,122330,8673
14/6/2021,Pulau Pinang,1180936,581692,41023
14/6/2021,Sabah,1205663,478582,47682
14/6/2021,Sarawak,1119882,504979,40830
14/6/2021,Selangor,3839308,1993378,124766
14/6/2021,Terengganu,306400,166288,17724
14/6/2021,W.P. KualaLumpur,2684882,1421282,68238
14/6/2021,W.P. Labuan,45209,20191,1160
14/6/2021,W.P. Putrajaya,139861,88112,2381
15/6/2021,Johor,1847579,954579,74773
15/6/2021,Kedah,680937,384576,32138
15/6/2021,Kelantan,281096,160670,21222
15/6/2021,Melaka,448022,236617,18763
15/6/2021,Negeri Sembilan,550441,290664,21096
15/6/2021,Pahang,681469,320119,29734
15/6/2021,Perak,1067990,524193,44926
15/6/2021,Perlis,205724,123290,8736
15/6/2021,Pulau Pinang,1142646,575993,41204
15/6/2021,Sabah,1190712,476186,48132
15/6/2021,Sarawak,1095813,500256,41453
15/6/2021,Selangor,3965030,2046280,128283
15/6/2021,Terengganu,310076,169028,18086
15/6/2021,W.P. KualaLumpur,2797478,1455575,70132
15/6/2021,W.P. Labuan,14605,9194,772
15/6/2021,W.P. Putrajaya,139160,88220,2395
16/6/2021,Johor,1949912,986821,76321
16/6/2021,Kedah,699962,391616,32948
16/6/2021,Kelantan,274188,157811,21068
16/6/2021,Melaka,446072,238309,18861
16/6/2021,Negeri Sembilan,550759,292059,21537
16/6/2021,Pahang,681884,320956,30238
16/6/2021,Perak,1107933,536922,46023
16/6/2021,Perlis,207110,123072,8942
16/6/2021,Pulau Pinang,1220006,596356,42253
16/6/2021,Sabah,1155853,471745,47961
16/6/2021,Sarawak,1093950,504072,41452
16/6/2021,Selangor,3857555,2019609,128320
16/6/2021,Terengganu,299607,165277,18152
16/6/2021,W.P. KualaLumpur,2696353,1422374,70084
16/6/2021,W.P. Labuan,19075,11264,819
16/6/2021,W.P. Putrajaya,134562,86325,2450
17/6/2021,Johor,1843009,955264,75611
17/6/2021,Kedah,652658,374295,32328
17/6/2021,Kelantan,272333,156962,21011
17/6/2021,Melaka,441597,237372,19002
17/6/2021,Negeri Sembilan,546864,290694,21560
17/6/2021,Pahang,667045,317510,30304
17/6/2021,Perak,1058757,524102,45716
17/6/2021,Perlis,202202,121651,8931
17/6/2021,Pulau Pinang,1162741,580206,42016
17/6/2021,Sabah,1161141,473426,48184
17/6/2021,Sarawak,1049650,491516,40885
17/6/2021,Selangor,3904001,2033183,129076
17/6/2021,Terengganu,305410,167028,18114
17/6/2021,W.P. KualaLumpur,2694129,1417468,69920
17/6/2021,W.P. Labuan,22170,12736,845
17/6/2021,W.P. Putrajaya,136511,87663,2400
18/6/2021,Johor,1804401,939744,70637
18/6/2021,Kedah,615676,357614,25532
18/6/2021,Kelantan,196641,120548,12348
18/6/2021,Melaka,448482,239488,18848
18/6/2021,Negeri Sembilan,550033,292908,21522
18/6/2021,Pahang,673651,319332,29920
18/6/2021,Perak,1113676,539995,45475
18/6/2021,Perlis,206757,123543,8727
18/6/2021,Pulau Pinang,1235701,601361,42266
18/6/2021,Sabah,1063627,451281,47164
18/6/2021,Sarawak,1082803,501920,41155
18/6/2021,Selangor,4035860,2088216,128776
18/6/2021,Terengganu,204485,123062,10075
18/6/2021,W.P. KualaLumpur,2814418,1463812,70214
18/6/2021,W.P. Labuan,21663,12435,829
18/6/2021,W.P. Putrajaya,139235,90506,2387
19/6/2021,Johor,1858593,945377,68451
19/6/2021,Kedah,637624,359118,29485
19/6/2021,Kelantan,256749,146537,18559
19/6/2021,Melaka,425706,226047,17003
19/6/2021,Negeri Sembilan,531503,278940,19149
19/6/2021,Pahang,624878,298351,26765
19/6/2021,Perak,1024821,505644,41379
19/6/2021,Perlis,189065,110117,7777
19/6/2021,Pulau Pinang,1130090,556353,36942
19/6/2021,Sabah,1108452,448737,42499
19/6/2021,Sarawak,1045562,479289,34991
19/6/2021,Selangor,3945260,2019186,109783
19/6/2021,Terengganu,283559,155572,15478
19/6/2021,W.P. KualaLumpur,2612543,1377869,58138
19/6/2021,W.P. Labuan,20527,11526,701
19/6/2021,W.P. Putrajaya,125649,84060,1557
20/6/2021,Johor,1748350,897631,59259
20/6/2021,Kedah,591808,337885,25331
20/6/2021,Kelantan,285579,162786,21090
20/6/2021,Melaka,348312,193715,12150
20/6/2021,Negeri Sembilan,449542,244671,14083
20/6/2021,Pahang,524868,265414,20096
20/6/2021,Perak,917746,468495,30535
20/6/2021,Perlis,157705,92376,5748
20/6/2021,Pulau Pinang,974974,495657,27465
20/6/2021,Sabah,920175,385883,31250
20/6/2021,Sarawak,972185,449449,23635
20/6/2021,Selangor,3314634,1768921,77552
20/6/2021,Terengganu,315152,173072,18401
20/6/2021,W.P. KualaLumpur,2189049,1225033,42159
20/6/2021,W.P. Labuan,18342,10426,557
20/6/2021,W.P. Putrajaya,116979,79499,1376
21/6/2021,Johor,1932909,989463,76011
21/6/2021,Kedah,660036,375151,31698
21/6/2021,Kelantan,268468,156722,20984
21/6/2021,Melaka,457898,243033,19001
21/6/2021,Negeri Sembilan,566682,300119,21734
21/6/2021,Pahang,708081,331584,30790
21/6/2021,Perak,1120791,545791,46159
21/6/2021,Perlis,208360,125431,8888
21/6/2021,Pulau Pinang,1205949,595705,42141
21/6/2021,Sabah,1172401,477765,48731
21/6/2021,Sarawak,1065058,501941,40927
21/6/2021,Selangor,4000032,2078765,128666
21/6/2021,Terengganu,300547,167808,18571
21/6/2021,W.P. KualaLumpur,2799359,1457585,70171
21/6/2021,W.P. Labuan,24834,13985,858
21/6/2021,W.P. Putrajaya,140870,90873,2389
22/6/2021,Johor,1947636,996411,76713
22/6/2021,Kedah,687791,391561,33121
22/6/2021,Kelantan,263887,154282,20867
22/6/2021,Melaka,455014,243776,19119
22/6/2021,Negeri Sembilan,556111,296437,21756
22/6/2021,Pahang,682506,326040,30847
22/6/2021,Perak,1121603,546725,46815
22/6/2021,Perlis,211292,126753,9009
22/6/2021,Pulau Pinang,1242560,607048,42905
22/6/2021,Sabah,1161415,476432,48895
22/6/2021,Sarawak,1062032,502514,41224
22/6/2021,Selangor,3992130,2081522,130514
22/6/2021,Terengganu,299083,167448,18443
22/6/2021,W.P. KualaLumpur,2799161,1460728,70628
22/6/2021,W.P. Labuan,23691,13459,869
22/6/2021,W.P. Putrajaya,136564,88265,2411
23/6/2021,Johor,1975571,1005868,77331
23/6/2021,Kedah,681199,391266,33302
23/6/2021,Kelantan,263702,155059,20975
23/6/2021,Melaka,459732,246236,19366
23/6/2021,Negeri Sembilan,561613,299064,22080
23/6/2021,Pahang,685192,327969,31191
23/6/2021,Perak,1112435,546529,47026
23/6/2021,Perlis,204901,124855,8987
23/6/2021,Pulau Pinang,1240127,606805,42934
23/6/2021,Sabah,1186136,484278,49698
23/6/2021,Sarawak,1058063,503115,41157
23/6/2021,Selangor,4029903,2100326,131473
23/6/2021,Terengganu,298552,167666,18621
23/6/2021,W.P. KualaLumpur,2809754,1466069,71595
23/6/2021,W.P. Labuan,25500,14277,922
23/6/2021,W.P. Putrajaya,136545,88203,2446
24/6/2021,Johor,1863319,973374,77018
24/6/2021,Kedah,676592,389339,33245
24/6/2021,Kelantan,271236,158444,21082
24/6/2021,Melaka,454542,245195,19432
24/6/2021,Negeri Sembilan,550356,296072,22049
24/6/2021,Pahang,668775,323936,31143
24/6/2021,Perak,1107200,543963,47254
24/6/2021,Perlis,207573,125686,8985
24/6/2021,Pulau Pinang,1224103,602334,43084
24/6/2021,Sabah,1172377,481489,49545
24/6/2021,Sarawak,1054789,501955,40873
24/6/2021,Selangor,3967411,2079995,131156
24/6/2021,Terengganu,310289,171272,18865
24/6/2021,W.P. KualaLumpur,2769241,1450768,71039
24/6/2021,W.P. Labuan,25595,14195,939
24/6/2021,W.P. Putrajaya,134198,87377,2418
25/6/2021,Johor,1847833,960767,72343
25/6/2021,Kedah,589014,351138,25323
25/6/2021,Kelantan,191922,118979,12269
25/6/2021,Melaka,457263,243816,19061
25/6/2021,Negeri Sembilan,541396,292907,21642
25/6/2021,Pahang,663470,320130,30013
25/6/2021,Perak,1083855,538259,46488
25/6/2021,Perlis,205743,124239,8744
25/6/2021,Pulau Pinang,1204788,596405,42832
25/6/2021,Sabah,1198445,487125,49354
25/6/2021,Sarawak,1110012,518263,41376
25/6/2021,Selangor,4095860,2127092,130666
25/6/2021,Terengganu,206553,125433,10222
25/6/2021,W.P. KualaLumpur,2853071,1490181,71238
25/6/2021,W.P. Labuan,26265,14361,958
25/6/2021,W.P. Putrajaya,141324,92239,2426
26/6/2021,Johor,1834093,946175,68668
26/6/2021,Kedah,650908,369097,30055
26/6/2021,Kelantan,256341,148113,18717
26/6/2021,Melaka,420385,225949,17013
26/6/2021,Negeri Sembilan,542101,285041,19312
26/6/2021,Pahang,622040,301411,26635
26/6/2021,Perak,1069718,525415,42897
26/6/2021,Perlis,191070,111704,7927
26/6/2021,Pulau Pinang,1161793,567372,37769
26/6/2021,Sabah,1111780,453015,43380
26/6/2021,Sarawak,1055731,489881,35308
26/6/2021,Selangor,3986090,2049223,111051
26/6/2021,Terengganu,289864,160324,15760
26/6/2021,W.P. KualaLumpur,2570708,1384230,58325
26/6/2021,W.P. Labuan,23881,13115,763
26/6/2021,W.P. Putrajaya,128586,87331,1570
27/6/2021,Johor,1720758,890821,59797
27/6/2021,Kedah,648941,369745,30195
27/6/2021,Kelantan,273830,159662,21098
27/6/2021,Melaka,342666,191998,12256
27/6/2021,Negeri Sembilan,453543,247620,14298
27/6/2021,Pahang,515189,265021,20055
27/6/2021,Perak,877927,457345,31100
27/6/2021,Perlis,151985,90327,5812
27/6/2021,Pulau Pinang,944504,484227,27933
27/6/2021,Sabah,892202,381207,31612
27/6/2021,Sarawak,885907,428275,23230
27/6/2021,Selangor,3409896,1798044,79956
27/6/2021,Terengganu,316066,175090,18728
27/6/2021,W.P. KualaLumpur,2236188,1244661,43268
27/6/2021,W.P. Labuan,20207,11141,599
27/6/2021,W.P. Putrajaya,122511,83793,1372
28/6/2021,Johor,1955652,1003201,77061
28/6/2021,Kedah,702452,400447,33309
28/6/2021,Kelantan,273664,159518,21414
28/6/2021,Melaka,476110,249959,19305
28/6/2021,Negeri Sembilan,584336,308601,22101
28/6/2021,Pahang,698064,331776,30782
28/6/2021,Perak,1139692,555134,47103
28/6/2021,Perlis,214123,127773,9106
28/6/2021,Pulau Pinang,1260661,612343,43363
28/6/2021,Sabah,1174662,485754,48914
28/6/2021,Sarawak,1134696,525569,41483
28/6/2021,Selangor,4021325,2100600,130814
28/6/2021,Terengganu,313083,174235,19176
28/6/2021,W.P. KualaLumpur,2799986,1485216,70578
28/6/2021,W.P. Labuan,24751,14028,943
28/6/2021,W.P. Putrajaya,140803,92185,2430
29/6/2021,Johor,1976756,1014161,78312
29/6/2021,Kedah,709642,403707,33786
29/6/2021,Kelantan,280258,163074,21663
29/6/2021,Melaka,473363,251591,19487
29/6/2021,Negeri Sembilan,566466,303725,22108
29/6/2021,Pahang,690886,330536,31153
29/6/2021,Perak,1108537,550047,47507
29/6/2021,Perlis,209221,126171,9152
29/6/2021,Pulau Pinang,1194584,598662,43422
29/6/2021,Sabah,1373114,530075,52129
29/6/2021,Sarawak,1130025,523995,41586
29/6/2021,Selangor,4088265,2131892,132669
29/6/2021,Terengganu,319610,177668,19252
29/6/2021,W.P. KualaLumpur,2911098,1525112,71932
29/6/2021,W.P. Labuan,47519,21912,1325
29/6/2021,W.P. Putrajaya,142134,92778,2470
30/6/2021,Johor,2098641,1052755,80189
30/6/2021,Kedah,757734,423552,34851
30/6/2021,Kelantan,290248,167709,21799
30/6/2021,Melaka,496789,259595,19934
30/6/2021,Negeri Sembilan,607855,317710,22710
30/6/2021,Pahang,717454,338974,31712
30/6/2021,Perak,1219065,584799,49237
30/6/2021,Perlis,220969,130926,9347
30/6/2021,Pulau Pinang,1350146,639309,45086
30/6/2021,Sabah,1309793,519587,51702
30/6/2021,Sarawak,1214823,546969,43000
30/6/2021,Selangor,4366673,2225963,136203
30/6/2021,Terengganu,334181,184208,19686
30/6/2021,W.P. KualaLumpur,3102567,1613387,73628
30/6/2021,W.P. Labuan,49239,22317,1411
30/6/2021,W.P. Putrajaya,150614,98255,2486
1/7/2021,Johor,2093025,1046923,80161
1/7/2021,Kedah,764979,423792,35235
1/7/2021,Kelantan,302379,172269,21977
1/7/2021,Melaka,490636,257934,20042
1/7/2021,Negeri Sembilan,596917,314375,22793
1/7/2021,Pahang,721212,339544,31777
1/7/2021,Perak,1212034,579858,49433
1/7/2021,Perlis,229424,134167,9504
1/7/2021,Pulau Pinang,1345480,637706,45651
1/7/2021,Sabah,1329005,522592,51643
1/7/2021,Sarawak,1227583,549629,42898
1/7/2021,Selangor,4308720,2206036,136145
1/7/2021,Terengganu,346291,187909,19808
1/7/2021,W.P. KualaLumpur,3060205,1597175,73437
1/7/2021,W.P. Labuan,49096,22455,1478
1/7/2021,W.P. Putrajaya,149845,97925,2507
2/7/2021,Johor,2053330,1028701,76268
2/7/2021,Kedah,678070,389417,27167
2/7/2021,Kelantan,221770,134160,12902
2/7/2021,Melaka,498919,261921,20039
2/7/2021,Negeri Sembilan,616315,322210,22862
2/7/2021,Pahang,778743,356392,31586
2/7/2021,Perak,1250862,593605,49592
2/7/2021,Perlis,230897,134091,9257
2/7/2021,Pulau Pinang,1344338,637742,45548
2/7/2021,Sabah,1335478,522304,51853
2/7/2021,Sarawak,1287901,567415,43843
2/7/2021,Selangor,5312835,2510256,139188
2/7/2021,Terengganu,240894,142621,11154
2/7/2021,W.P. KualaLumpur,3607039,1793305,74909
2/7/2021,W.P. Labuan,47642,21945,1478
2/7/2021,W.P. Putrajaya,176477,118686,2531
3/7/2021,Johor,2031731,1003608,72423
3/7/2021,Kedah,708271,392323,31742
3/7/2021,Kelantan,273393,155982,19525
3/7/2021,Melaka,459507,239589,17984
3/7/2021,Negeri Sembilan,559259,288974,19866
3/7/2021,Pahang,596001,290981,26578
3/7/2021,Perak,1142991,551062,44859
3/7/2021,Perlis,204298,116852,8306
3/7/2021,Pulau Pinang,1245776,591694,39952
3/7/2021,Sabah,1355061,508774,46958
3/7/2021,Sarawak,1200016,532671,37275
3/7/2021,Selangor,3245150,1681416,90507
3/7/2021,Terengganu,318128,173119,16848
3/7/2021,W.P. KualaLumpur,2364789,1268388,51335
3/7/2021,W.P. Labuan,43038,20006,1236
3/7/2021,W.P. Putrajaya,116030,74700,1517
4/7/2021,Johor,1918661,955615,63820
4/7/2021,Kedah,741314,406848,32953
4/7/2021,Kelantan,304026,173984,22747
4/7/2021,Melaka,375727,205321,13206
4/7/2021,Negeri Sembilan,471262,254545,14831
4/7/2021,Pahang,519071,265321,20711
4/7/2021,Perak,992283,499321,33784
4/7/2021,Perlis,168461,97705,6277
4/7/2021,Pulau Pinang,1037863,517841,29781
4/7/2021,Sabah,1159614,448976,35263
4/7/2021,Sarawak,1071439,486047,25600
4/7/2021,Selangor,2927017,1565161,72756
4/7/2021,Terengganu,352642,191442,20440
4/7/2021,W.P. KualaLumpur,2161247,1187943,41260
4/7/2021,W.P. Labuan,35899,17480,934
4/7/2021,W.P. Putrajaya,112092,72992,1381
5/7/2021,Johor,2108100,1052515,81211
5/7/2021,Kedah,740053,414604,35113
5/7/2021,Kelantan,313149,177297,23815
5/7/2021,Melaka,444288,243082,19342
5/7/2021,Negeri Sembilan,594949,310145,22643
5/7/2021,Pahang,724019,336926,32611
5/7/2021,Perak,1354501,618121,54350
5/7/2021,Perlis,243549,137935,10013
5/7/2021,Pulau Pinang,1339903,635030,45648
5/7/2021,Sabah,1515636,561121,54279
5/7/2021,Sarawak,1233017,558392,43913
5/7/2021,Selangor,3454783,1812035,105295
5/7/2021,Terengganu,364918,194584,21765
5/7/2021,W.P. KualaLumpur,2618053,1393235,63448
5/7/2021,W.P. Labuan,50703,23090,1599
5/7/2021,W.P. Putrajaya,134885,85173,2410
6/7/2021,Johor,2156810,1067265,82368
6/7/2021,Kedah,689737,396092,33996
6/7/2021,Kelantan,304983,174330,23889
6/7/2021,Melaka,500911,259891,20498
6/7/2021,Negeri Sembilan,602275,312348,22975
6/7/2021,Pahang,725535,339339,33374
6/7/2021,Perak,1327332,615480,55169
6/7/2021,Perlis,212043,128953,9447
6/7/2021,Pulau Pinang,1262656,619520,45282
6/7/2021,Sabah,1508370,559886,54573
6/7/2021,Sarawak,1239911,560173,44235
6/7/2021,Selangor,3600648,1870977,109167
6/7/2021,Terengganu,360377,193592,21846
6/7/2021,W.P. KualaLumpur,2748076,1434420,65470
6/7/2021,W.P. Labuan,50164,23218,1647
6/7/2021,W.P. Putrajaya,135902,85884,2393
7/7/2021,Johor,2185406,1079714,83556
7/7/2021,Kedah,769291,426010,36056
7/7/2021,Kelantan,319951,180478,24318
7/7/2021,Melaka,491618,257521,20683
7/7/2021,Negeri Sembilan,614743,318299,23186
7/7/2021,Pahang,741770,344725,33957
7/7/2021,Perak,1383385,632836,56285
7/7/2021,Perlis,240032,138126,10059
7/7/2021,Pulau Pinang,1310632,619944,44596
7/7/2021,Sabah,1517971,563045,55049
7/7/2021,Sarawak,1210386,556012,44044
7/7/2021,Selangor,3588885,1872156,110473
7/7/2021,Terengganu,370104,197806,22053
7/7/2021,W.P. KualaLumpur,2775071,1452609,66259
7/7/2021,W.P. Labuan,51651,23472,1635
7/7/2021,W.P. Putrajaya,136836,86767,2409
8/7/2021,Johor,2170388,1071355,83194
8/7/2021,Kedah,734976,412193,35969
8/7/2021,Kelantan,317470,178965,24065
8/7/2021,Melaka,490891,258161,20660
8/7/2021,Negeri Sembilan,685072,339957,23327
8/7/2021,Pahang,731367,342088,33985
8/7/2021,Perak,1351476,624290,56475
8/7/2021,Perlis,247173,143830,10420
8/7/2021,Pulau Pinang,1466268,673442,50229
8/7/2021,Sabah,1488775,557384,54908
8/7/2021,Sarawak,1241102,564308,44061
8/7/2021,Selangor,3495833,1853037,109749
8/7/2021,Terengganu,373972,198588,22107
8/7/2021,W.P. KualaLumpur,2601950,1402418,65274
8/7/2021,W.P. Labuan,51722,23821,1605
8/7/2021,W.P. Putrajaya,131114,84125,2406
9/7/2021,Johor,2068093,1030906,77889
9/7/2021,Kedah,618166,364314,26871
9/7/2021,Kelantan,210949,128030,13000
9/7/2021,Melaka,483373,253777,20389
9/7/2021,Negeri Sembilan,506270,270225,19762
9/7/2021,Pahang,730236,342740,33085
9/7/2021,Perak,1346601,627491,55370
9/7/2021,Perlis,235915,140301,9732
9/7/2021,Pulau Pinang,1419118,663462,49428
9/7/2021,Sabah,1484521,560185,54963
9/7/2021,Sarawak,1246917,567574,44118
9/7/2021,Selangor,3713353,1937057,110453
9/7/2021,Terengganu,261428,152611,11689
9/7/2021,W.P. KualaLumpur,2829903,1455829,66382
9/7/2021,W.P. Labuan,52588,23969,1596
9/7/2021,W.P. Putrajaya,137090,88720,2407
10/7/2021,Johor,1905376,973620,72846
10/7/2021,Kedah,658993,376401,31013
10/7/2021,Kelantan,296566,166181,21298
10/7/2021,Melaka,443642,234595,18184
10/7/2021,Negeri Sembilan,482960,259210,17673
10/7/2021,Pahang,648297,311104,29213
10/7/2021,Perak,1235080,583566,49926
10/7/2021,Perlis,193612,110459,8190
10/7/2021,Pulau Pinang,1233065,580967,38766
10/7/2021,Sabah,1410398,531693,49376
10/7/2021,Sarawak,1171501,533180,37491
10/7/2021,Selangor,3416374,1801724,93570
10/7/2021,Terengganu,350179,185490,18749
10/7/2021,W.P. KualaLumpur,2402480,1296954,53524
10/7/2021,W.P. Labuan,46343,21712,1299
10/7/2021,W.P. Putrajaya,121545,80456,1574
11/7/2021,Johor,1774374,915062,63244
11/7/2021,Kedah,645184,371618,31005
11/7/2021,Kelantan,319491,180466,24315
11/7/2021,Melaka,327133,186352,12677
11/7/2021,Negeri Sembilan,404068,226802,13623
11/7/2021,Pahang,513728,267385,21649
11/7/2021,Perak,991792,499750,35351
11/7/2021,Perlis,153218,90927,6298
11/7/2021,Pulau Pinang,881007,469206,29681
11/7/2021,Sabah,1257645,480841,36870
11/7/2021,Sarawak,1000371,472014,24980
11/7/2021,Selangor,3071651,1645553,74268
11/7/2021,Terengganu,360103,194947,21750
11/7/2021,W.P. KualaLumpur,2205901,1199400,41972
11/7/2021,W.P. Labuan,37922,18614,941
11/7/2021,W.P. Putrajaya,115292,77293,1385
12/7/2021,Johor,1955075,1009113,80325
12/7/2021,Kedah,752718,421372,35336
12/7/2021,Kelantan,311343,178426,24297
12/7/2021,Melaka,471901,250069,19977
12/7/2021,Negeri Sembilan,526163,280755,20062
12/7/2021,Pahang,738922,346648,33652
12/7/2021,Perak,1361933,628221,54664
12/7/2021,Perlis,247089,143263,10216
12/7/2021,Pulau Pinang,1492457,680255,49407
12/7/2021,Sabah,1547769,574449,56056
12/7/2021,Sarawak,1127726,537702,42765
12/7/2021,Selangor,3599529,1902823,108778
12/7/2021,Terengganu,363879,196353,22236
12/7/2021,W.P. KualaLumpur,2706687,1422795,65153
12/7/2021,W.P. Labuan,51996,24101,1636
12/7/2021,W.P. Putrajaya,139075,89655,2430
13/7/2021,Johor,1898159,992120,79249
13/7/2021,Kedah,733393,414210,35468
13/7/2021,Kelantan,286141,169150,23720
13/7/2021,Melaka,459428,246997,20185
13/7/2021,Negeri Sembilan,514384,278551,20101
13/7/2021,Pahang,723244,344422,33996
13/7/2021,Perak,1268687,603927,55067
13/7/2021,Perlis,243717,144426,10330
13/7/2021,Pulau Pinang,1431883,672842,50184
13/7/2021,Sabah,1506016,567570,56456
13/7/2021,Sarawak,1188660,554332,44046
13/7/2021,Selangor,3599947,1904927,110899
13/7/2021,Terengganu,337525,187286,21545
13/7/2021,W.P. KualaLumpur,2693561,1408942,65940
13/7/2021,W.P. Labuan,52358,24139,1641
13/7/2021,W.P. Putrajaya,134505,86003,2394
14/7/2021,Johor,2120533,1066647,82457
14/7/2021,Kedah,778711,430942,36019
14/7/2021,Kelantan,324989,184286,24269
14/7/2021,Melaka,480024,254091,20377
14/7/2021,Negeri Sembilan,548458,292534,20506
14/7/2021,Pahang,765848,355914,34428
14/7/2021,Perak,1402158,640610,56477
14/7/2021,Perlis,255871,148800,10478
14/7/2021,Pulau Pinang,1500366,693297,51227
14/7/2021,Sabah,1567342,580323,56765
14/7/2021,Sarawak,1455322,602691,50765
14/7/2021,Selangor,3740545,1961719,111790
14/7/2021,Terengganu,374364,200966,21963
14/7/2021,W.P. KualaLumpur,2811587,1468428,66475
14/7/2021,W.P. Labuan,55699,25259,1661
14/7/2021,W.P. Putrajaya,143678,91025,2403
15/7/2021,Johor,2121228,1067993,83067
15/7/2021,Kedah,771578,429115,35981
15/7/2021,Kelantan,336038,189079,24599
15/7/2021,Melaka,484832,255769,20355
15/7/2021,Negeri Sembilan,544599,292318,20504
15/7/2021,Pahang,751369,352648,34558
15/7/2021,Perak,1376823,634639,56703
15/7/2021,Perlis,252434,148347,10370
15/7/2021,Pulau Pinang,1493394,691289,51294
15/7/2021,Sabah,1549372,573939,55688
15/7/2021,Sarawak,1556883,627814,52300
15/7/2021,Selangor,3738055,1961408,111448
15/7/2021,Terengganu,391185,206858,22402
15/7/2021,W.P. KualaLumpur,2802635,1465727,66232
15/7/2021,W.P. Labuan,54843,24986,1655
15/7/2021,W.P. Putrajaya,143201,91269,2418
16/7/2021,Johor,2075811,1046084,78658
16/7/2021,Kedah,669889,385793,27677
16/7/2021,Kelantan,229304,138998,13519
16/7/2021,Melaka,483085,255585,20343
16/7/2021,Negeri Sembilan,540758,291744,20409
16/7/2021,Pahang,748393,353061,33570
16/7/2021,Perak,1373523,637906,56014
16/7/2021,Perlis,254416,148900,10117
16/7/2021,Pulau Pinang,1485509,686213,50915
16/7/2021,Sabah,1631911,593475,57231
16/7/2021,Sarawak,1701815,660888,53553
16/7/2021,Selangor,3774227,1973991,111781
16/7/2021,Terengganu,261925,153968,11731
16/7/2021,W.P. KualaLumpur,2841850,1473854,66541
16/7/2021,W.P. Labuan,56979,25902,1673
16/7/2021,W.P. Putrajaya,147901,94302,2386
17/7/2021,Johor,2040495,1022550,74170
17/7/2021,Kedah,727186,402238,32334
17/7/2021,Kelantan,306323,171922,21511
17/7/2021,Melaka,450217,239516,18024
17/7/2021,Negeri Sembilan,511398,276154,17988
17/7/2021,Pahang,718168,334071,30438
17/7/2021,Perak,1298546,602855,51363
17/7/2021,Perlis,216010,124536,8875
17/7/2021,Pulau Pinang,1369192,634539,44821
17/7/2021,Sabah,1518071,555585,50420
17/7/2021,Sarawak,1730561,647022,46861
17/7/2021,Selangor,4074797,2050080,104316
17/7/2021,Terengganu,350280,186965,18775
17/7/2021,W.P. KualaLumpur,2745031,1425185,56532
17/7/2021,W.P. Labuan,52097,23893,1378
17/7/2021,W.P. Putrajaya,140291,92023,1603
18/7/2021,Johor,1996550,998867,64733
18/7/2021,Kedah,781682,425565,32901
18/7/2021,Kelantan,355258,199289,24373
18/7/2021,Melaka,369499,205472,13141
18/7/2021,Negeri Sembilan,462629,254132,14251
18/7/2021,Pahang,575738,287824,22613
18/7/2021,Perak,1088705,535797,37355
18/7/2021,Perlis,183829,104800,6827
18/7/2021,Pulau Pinang,1143808,555119,33014
18/7/2021,Sabah,1303163,497068,37644
18/7/2021,Sarawak,1595527,602656,32954
18/7/2021,Selangor,3741223,1912655,82955
18/7/2021,Terengganu,401746,210443,21853
18/7/2021,W.P. KualaLumpur,2472267,1325195,44011
18/7/2021,W.P. Labuan,43689,20594,988
18/7/2021,W.P. Putrajaya,141020,92676,1389
19/7/2021,Johor,2247501,1104225,77949
19/7/2021,Kedah,831000,444714,32546
19/7/2021,Kelantan,357011,198651,22613
19/7/2021,Melaka,508558,260142,19046
19/7/2021,Negeri Sembilan,576421,301757,18754
19/7/2021,Pahang,797283,359992,30376
19/7/2021,Perak,1414831,640933,52379
19/7/2021,Perlis,251390,140678,9368
19/7/2021,Pulau Pinang,1485605,674612,47827
19/7/2021,Sabah,1638066,600168,54460
19/7/2021,Sarawak,1833979,685333,52963
19/7/2021,Selangor,4603959,2262577,121518
19/7/2021,Terengganu,357272,189489,17927
19/7/2021,W.P. KualaLumpur,3081454,1571100,67037
19/7/2021,W.P. Labuan,62097,27434,1689
19/7/2021,W.P. Putrajaya,162464,104719,2290
20/7/2021,Johor,1326980,721878,46851
20/7/2021,Kedah,329151,214565,14360
20/7/2021,Kelantan,42244,34669,4795
20/7/2021,Melaka,277250,164071,10857
20/7/2021,Negeri Sembilan,320272,190235,10721
20/7/2021,Pahang,342854,195139,14960
20/7/2021,Perak,856158,443215,33812
20/7/2021,Perlis,109686,72122,4523
20/7/2021,Pulau Pinang,928253,461770,30924
20/7/2021,Sabah,894798,387583,28984
20/7/2021,Sarawak,1360576,549585,33422
20/7/2021,Selangor,2837397,1559246,68036
20/7/2021,Terengganu,88741,66730,5583
20/7/2021,W.P. KualaLumpur,1996024,1093275,39046
20/7/2021,W.P. Labuan,27416,15326,779
20/7/2021,W.P. Putrajaya,89225,63845,1066
21/7/2021,Johor,2056711,1038095,76221
21/7/2021,Kedah,539861,322944,22485
21/7/2021,Kelantan,166251,105249,9835
21/7/2021,Melaka,455302,242146,18323
21/7/2021,Negeri Sembilan,497719,275812,17776
21/7/2021,Pahang,633866,309025,26639
21/7/2021,Perak,1239317,590435,48775
21/7/2021,Perlis,182881,116255,6881
21/7/2021,Pulau Pinang,1342566,633256,45234
21/7/2021,Sabah,1478588,554586,51780
21/7/2021,Sarawak,1710309,656765,53015
21/7/2021,Selangor,4088796,2096640,117244
21/7/2021,Terengganu,214900,128233,9667
21/7/2021,W.P. KualaLumpur,2815041,1446457,65344
21/7/2021,W.P. Labuan,54351,25326,1655
21/7/2021,W.P. Putrajaya,139924,89838,2260
22/7/2021,Johor,2125776,1068603,81623
22/7/2021,Kedah,708257,399192,30779
22/7/2021,Kelantan,293344,169460,18130
22/7/2021,Melaka,474251,252787,19951
22/7/2021,Negeri Sembilan,531504,293408,19872
22/7/2021,Pahang,718360,340851,31749
22/7/2021,Perak,1327513,625678,54617
22/7/2021,Perlis,237001,142340,9319
22/7/2021,Pulau Pinang,1428269,671835,49516
22/7/2021,Sabah,1517733,570345,55093
22/7/2021,Sarawak,1508194,587694,36871
22/7/2021,Selangor,4231314,2164279,128241
22/7/2021,Terengganu,344873,186316,17362
22/7/2021,W.P. KualaLumpur,2891362,1493507,69504
22/7/2021,W.P. Labuan,52311,24890,1689
22/7/2021,W.P. Putrajaya,148320,94386,2420
23/7/2021,Johor,2043758,1036767,77766
23/7/2021,Kedah,616710,361574,26199
23/7/2021,Kelantan,199147,123355,11968
23/7/2021,Melaka,483729,255517,20137
23/7/2021,Negeri Sembilan,602969,319450,22000
23/7/2021,Pahang,745930,347953,32542
23/7/2021,Perak,1349707,633902,55138
23/7/2021,Perlis,243024,143294,9619
23/7/2021,Pulau Pinang,1457364,677662,50133
23/7/2021,Sabah,1550142,578759,56199
23/7/2021,Sarawak,1735474,667570,54556
23/7/2021,Selangor,4334132,2201705,130539
23/7/2021,Terengganu,229405,138672,10681
23/7/2021,W.P. KualaLumpur,2973196,1524280,70355
23/7/2021,W.P. Labuan,56691,25974,1745
23/7/2021,W.P. Putrajaya,150050,95837,2452
24/7/2021,Johor,1994948,1010198,74574
24/7/2021,Kedah,674817,379002,31435
24/7/2021,Kelantan,286014,163509,20442
24/7/2021,Melaka,437399,233560,18121
24/7/2021,Negeri Sembilan,552017,295943,19767
24/7/2021,Pahang,641900,310932,29010
24/7/2021,Perak,1242914,590313,50979
24/7/2021,Perlis,215030,125956,8966
24/7/2021,Pulau Pinang,1325238,622113,44444
24/7/2021,Sabah,1415507,536658,50010
24/7/2021,Sarawak,1638279,632320,47618
24/7/2021,Selangor,4119203,2088040,112318
24/7/2021,Terengganu,323511,175301,17812
24/7/2021,W.P. KualaLumpur,2663579,1392821,57745
24/7/2021,W.P. Labuan,50960,23789,1452
24/7/2021,W.P. Putrajaya,133701,87088,1630
25/7/2021,Johor,1874711,956050,64314
25/7/2021,Kedah,695591,390068,32174
25/7/2021,Kelantan,319746,183118,23738
25/7/2021,Melaka,350908,196282,13127
25/7/2021,Negeri Sembilan,458171,255937,14753
25/7/2021,Pahang,521324,269644,21829
25/7/2021,Perak,1015453,512661,36693
25/7/2021,Perlis,166197,99326,6533
25/7/2021,Pulau Pinang,1075937,531874,32474
25/7/2021,Sabah,1164461,465998,36507
25/7/2021,Sarawak,1457247,576764,33080
25/7/2021,Selangor,3504139,1835528,83024
25/7/2021,Terengganu,363018,195574,21321
25/7/2021,W.P. KualaLumpur,2302962,1253711,43565
25/7/2021,W.P. Labuan,43680,21104,1011
25/7/2021,W.P. Putrajaya,129378,84688,1431
26/7/2021,Johor,2101393,1066897,82004
26/7/2021,Kedah,725805,409608,34903
26/7/2021,Kelantan,308188,178752,23683
26/7/2021,Melaka,481481,255574,20371
26/7/2021,Negeri Sembilan,584498,317110,22505
26/7/2021,Pahang,737570,348451,33587
26/7/2021,Perak,1317612,621968,55216
26/7/2021,Perlis,244748,144569,10301
26/7/2021,Pulau Pinang,1424757,669576,50202
26/7/2021,Sabah,1528054,574980,56202
26/7/2021,Sarawak,1675682,656224,54030
26/7/2021,Selangor,4152031,2153310,130990
26/7/2021,Terengganu,351251,190626,21209
26/7/2021,W.P. KualaLumpur,2869510,1493177,70521
26/7/2021,W.P. Labuan,58320,26401,1814
26/7/2021,W.P. Putrajaya,147054,94390,2533
27/7/2021,Johor,2140939,1079832,82650
27/7/2021,Kedah,724223,409158,34770
27/7/2021,Kelantan,303321,177118,23523
27/7/2021,Melaka,480982,255136,20299
27/7/2021,Negeri Sembilan,579734,316944,22476
27/7/2021,Pahang,742288,350989,33847
27/7/2021,Perak,1317829,621294,55994
27/7/2021,Perlis,242787,144791,10368
27/7/2021,Pulau Pinang,1428468,671974,50369
27/7/2021,Sabah,1521318,574106,56298
27/7/2021,Sarawak,1673940,654514,54690
27/7/2021,Selangor,4266994,2187712,132707
27/7/2021,Terengganu,349225,190344,21232
27/7/2021,W.P. KualaLumpur,2919408,1514401,71007
27/7/2021,W.P. Labuan,57009,26092,1805
27/7/2021,W.P. Putrajaya,148792,95200,2535
28/7/2021,Johor,2160791,1089712,83320
28/7/2021,Kedah,728981,411292,34980
28/7/2021,Kelantan,305291,178184,23390
28/7/2021,Melaka,495219,260473,20701
28/7/2021,Negeri Sembilan,607745,326219,23111
28/7/2021,Pahang,741120,351981,33913
28/7/2021,Perak,1317727,622880,55931
28/7/2021,Perlis,236630,142274,10290
28/7/2021,Pulau Pinang,1436960,676013,50805
28/7/2021,Sabah,1538934,580053,56539
28/7/2021,Sarawak,1708176,663728,54906
28/7/2021,Selangor,4327708,2216491,133731
28/7/2021,Terengganu,350668,191666,21203
28/7/2021,W.P. KualaLumpur,2933329,1524615,71499
28/7/2021,W.P. Labuan,59147,26788,1827
28/7/2021,W.P. Putrajaya,153095,97831,2575
29/7/2021,Johor,2092225,1065073,82212
29/7/2021,Kedah,703209,400073,34481
29/7/2021,Kelantan,310132,179599,23531
29/7/2021,Melaka,477400,255893,20475
29/7/2021,Negeri Sembilan,600763,324034,22749
29/7/2021,Pahang,732426,350320,33607
29/7/2021,Perak,1278264,611016,55657
29/7/2021,Perlis,232486,140961,10172
29/7/2021,Pulau Pinang,1389212,661197,50418
29/7/2021,Sabah,1487019,565321,55481
29/7/2021,Sarawak,1680353,656318,54470
29/7/2021,Selangor,4266014,2194692,132637
29/7/2021,Terengganu,351881,190859,20709
29/7/2021,W.P. KualaLumpur,2879271,1503451,70588
29/7/2021,W.P. Labuan,57911,26291,1808
29/7/2021,W.P. Putrajaya,149530,96013,2560
30/7/2021,Johor,2050196,1042115,77545
30/7/2021,Kedah,598158,353526,25597
30/7/2021,Kelantan,210238,129285,12665
30/7/2021,Melaka,483175,256929,19975
30/7/2021,Negeri Sembilan,606541,325348,22717
30/7/2021,Pahang,584666,294882,25667
30/7/2021,Perak,1292307,617629,54820
30/7/2021,Perlis,229005,139573,9672
30/7/2021,Pulau Pinang,1381818,660680,49882
30/7/2021,Sabah,1477388,558834,54720
30/7/2021,Sarawak,1752308,674179,54889
30/7/2021,Selangor,4212942,2201881,131040
30/7/2021,Terengganu,238133,142664,10882
30/7/2021,W.P. KualaLumpur,2880821,1523581,70537
30/7/2021,W.P. Labuan,57788,26437,1765
30/7/2021,W.P. Putrajaya,156844,100186,2529
31/7/2021,Johor,2011701,1015801,72718
31/7/2021,Kedah,670175,378195,30115
31/7/2021,Kelantan,277727,159123,20325
31/7/2021,Melaka,456908,239947,17814
31/7/2021,Negeri Sembilan,577467,306966,19939
31/7/2021,Pahang,652502,315265,28695
31/7/2021,Perak,1250125,591105,50430
31/7/2021,Perlis,199150,120252,8549
31/7/2021,Pulau Pinang,1359420,627970,44049
31/7/2021,Sabah,1396643,527247,48461
31/7/2021,Sarawak,1797944,660981,48068
31/7/2021,Selangor,4321028,2175467,112367
31/7/2021,Terengganu,329654,177429,17635
31/7/2021,W.P. KualaLumpur,2783327,1470729,57539
31/7/2021,W.P. Labuan,56136,25202,1473
31/7/2021,W.P. Putrajaya,144664,95626,1632
1/8/2021,Johor,1865661,948598,62567
1/8/2021,Kedah,683520,383022,30978
1/8/2021,Kelantan,309491,178876,23071
1/8/2021,Melaka,372389,203393,12967
1/8/2021,Negeri Sembilan,503573,273823,14800
1/8/2021,Pahang,550986,280234,21684
1/8/2021,Perak,1031428,515103,35955
1/8/2021,Perlis,168454,98520,6387
1/8/2021,Pulau Pinang,1076469,532669,31695
1/8/2021,Sabah,1159619,458535,35183
1/8/2021,Sarawak,1647128,611806,33426
1/8/2021,Selangor,3795026,1951502,83141
1/8/2021,Terengganu,350933,190278,20610
1/8/2021,W.P. KualaLumpur,2471262,1344076,43590
1/8/2021,W.P. Labuan,45946,21714,1049
1/8/2021,W.P. Putrajaya,141399,94417,1418
2/8/2021,Johor,2117255,1071050,81510
2/8/2021,Kedah,748701,418234,34441
2/8/2021,Kelantan,305418,178449,23206
2/8/2021,Melaka,504090,263130,20569
2/8/2021,Negeri Sembilan,623585,331728,22993
2/8/2021,Pahang,772257,360363,34129
2/8/2021,Perak,1329691,623531,55012
2/8/2021,Perlis,241079,144182,10135
2/8/2021,Pulau Pinang,1463904,679416,50316
2/8/2021,Sabah,1495485,562940,54028
2/8/2021,Sarawak,1747499,669299,53995
2/8/2021,Selangor,4345307,2211012,133462
2/8/2021,Terengganu,355278,191792,20796
2/8/2021,W.P. KualaLumpur,2963659,1545949,71882
2/8/2021,W.P. Labuan,60189,26973,1862
2/8/2021,W.P. Putrajaya,154606,100294,2544
3/8/2021,Johor,2175353,1088430,82798
3/8/2021,Kedah,755266,421849,34716
3/8/2021,Kelantan,303229,177827,22986
3/8/2021,Melaka,501919,262995,20723
3/8/2021,Negeri Sembilan,620590,330931,23208
3/8/2021,Pahang,762767,357727,34201
3/8/2021,Perak,1334815,625311,55950
3/8/2021,Perlis,239768,144671,10183
3/8/2021,Pulau Pinang,1456428,680563,50463
3/8/2021,Sabah,1513719,565633,54422
3/8/2021,Sarawak,1798083,678660,55067
3/8/2021,Selangor,4347750,2224522,135417
3/8/2021,Terengganu,348576,188350,20048
3/8/2021,W.P. KualaLumpur,2950335,1549179,72214
3/8/2021,W.P. Labuan,61119,27283,1879
3/8/2021,W.P. Putrajaya,154438,99699,2568
4/8/2021,Johor,2172794,1086120,83046
4/8/2021,Kedah,734760,414908,34540
4/8/2021,Kelantan,307173,178571,22966
4/8/2021,Melaka,491164,260355,20674
4/8/2021,Negeri Sembilan,631711,334985,23315
4/8/2021,Pahang,761640,357370,34226
4/8/2021,Perak,1313514,621515,55678
4/8/2021,Perlis,252759,147427,10578
4/8/2021,Pulau Pinang,1437096,677087,50797
4/8/2021,Sabah,1542824,572308,54972
4/8/2021,Sarawak,1759227,671472,55278
4/8/2021,Selangor,4309744,2216049,135495
4/8/2021,Terengganu,352684,190792,20064
4/8/2021,W.P. KualaLumpur,2925947,1539132,72629
4/8/2021,W.P. Labuan,82768,31915,2182
4/8/2021,W.P. Putrajaya,154903,100277,2572
5/8/2021,Johor,2181350,1086735,83125
5/8/2021,Kedah,760783,423848,34833
5/8/2021,Kelantan,314644,181126,23095
5/8/2021,Melaka,503797,265190,20800
5/8/2021,Negeri Sembilan,633960,336609,23506
5/8/2021,Pahang,762752,357613,34339
5/8/2021,Perak,1327960,624055,56094
5/8/2021,Perlis,258186,148532,10591
5/8/2021,Pulau Pinang,1426072,673841,50659
5/8/2021,Sabah,1544844,573533,54327
5/8/2021,Sarawak,1812157,680702,54995
5/8/2021,Selangor,4255167,2204144,134424
5/8/2021,Terengganu,350106,189003,19945
5/8/2021,W.P. KualaLumpur,2875423,1533729,72038
5/8/2021,W.P. Labuan,85331,32733,2234
5/8/2021,W.P. Putrajaya,155940,100661,2539
6/8/2021,Johor,2104794,1057529,77573
6/8/2021,Kedah,673888,387565,26381
6/8/2021,Kelantan,222571,135508,12594
6/8/2021,Melaka,504000,265581,20545
6/8/2021,Negeri Sembilan,634065,337163,23337
6/8/2021,Pahang,776848,361911,33373
6/8/2021,Perak,1367756,639166,55571
6/8/2021,Perlis,263436,149469,10508
6/8/2021,Pulau Pinang,1467548,681138,50442
6/8/2021,Sabah,1561075,577982,54221
6/8/2021,Sarawak,1847235,692804,55380
6/8/2021,Selangor,4415002,2258286,135185
6/8/2021,Terengganu,246726,146146,10557
6/8/2021,W.P. KualaLumpur,3028297,1583508,72335
6/8/2021,W.P. Labuan,86604,32818,2215
6/8/2021,W.P. Putrajaya,160313,104168,2555
7/8/2021,Johor,2135988,1050833,73151
7/8/2021,Kedah,732358,404511,31001
7/8/2021,Kelantan,295268,168525,20395
7/8/2021,Melaka,465186,245301,17940
7/8/2021,Negeri Sembilan,618483,322015,20353
7/8/2021,Pahang,711520,333234,29828
7/8/2021,Perak,1282361,600259,50557
7/8/2021,Perlis,238736,131957,9639
7/8/2021,Pulau Pinang,1377331,633207,44287
7/8/2021,Sabah,1474286,544830,48002
7/8/2021,Sarawak,1863346,674375,48138
7/8/2021,Selangor,4376713,2196256,114281
7/8/2021,Terengganu,334790,179273,16820
7/8/2021,W.P. KualaLumpur,2830575,1495681,58475
7/8/2021,W.P. Labuan,84612,31903,1938
7/8/2021,W.P. Putrajaya,147171,97342,1610
8/8/2021,Johor,1960979,980397,63675
8/8/2021,Kedah,741468,409396,31492
8/8/2021,Kelantan,322196,184845,23380
8/8/2021,Melaka,372259,207058,13106
8/8/2021,Negeri Sembilan,505054,275690,15074
8/8/2021,Pahang,551601,280039,21691
8/8/2021,Perak,1047360,523204,35958
8/8/2021,Perlis,184253,103689,7003
8/8/2021,Pulau Pinang,1126852,547400,32402
8/8/2021,Sabah,1221553,473946,35096
8/8/2021,Sarawak,1682079,622283,33439
8/8/2021,Selangor,3575494,1882364,83095
8/8/2021,Terengganu,351753,189976,19895
8/8/2021,W.P. KualaLumpur,2346129,1305740,43645
8/8/2021,W.P. Labuan,72642,28653,1451
8/8/2021,W.P. Putrajaya,135099,90723,1372
9/8/2021,Johor,2188980,1086803,82120
9/8/2021,Kedah,753910,424498,34212
9/8/2021,Kelantan,307572,179544,23562
9/8/2021,Melaka,510399,265693,20754
9/8/2021,Negeri Sembilan,634454,337393,23234
9/8/2021,Pahang,769189,357882,33973
9/8/2021,Perak,1317554,625291,54806
9/8/2021,Perlis,253669,144600,10771
9/8/2021,Pulau Pinang,1435142,671839,49819
9/8/2021,Sabah,1560840,578655,53966
9/8/2021,Sarawak,1819867,683295,54190
9/8/2021,Selangor,4334612,2226047,133834
9/8/2021,Terengganu,343091,187483,20228
9/8/2021,W.P. KualaLumpur,2960905,1560403,72108
9/8/2021,W.P. Labuan,87371,33303,2298
9/8/2021,W.P. Putrajaya,156104,101308,2521
10/8/2021,Johor,1938809,990960,71455
10/8/2021,Kedah,639460,367612,29333
10/8/2021,Kelantan,256829,150624,20088
10/8/2021,Melaka,415259,225681,17521
10/8/2021,Negeri Sembilan,544611,297011,19785
10/8/2021,Pahang,644621,310673,29128
10/8/2021,Perak,1190141,574481,49526
10/8/2021,Perlis,213630,125085,9323
10/8/2021,Pulau Pinang,1238655,599629,43233
10/8/2021,Sabah,1197175,472832,38743
10/8/2021,Sarawak,1577864,601846,39103
10/8/2021,Selangor,3846815,2006816,108008
10/8/2021,Terengganu,292728,163355,16386
10/8/2021,W.P. KualaLumpur,2481889,1334026,55271
10/8/2021,W.P. Labuan,67176,27619,1537
10/8/2021,W.P. Putrajaya,127054,83158,1479
11/8/2021,Johor,2140720,1080785,82882
11/8/2021,Kedah,745512,422114,34202
11/8/2021,Kelantan,312237,181753,23784
11/8/2021,Melaka,490356,261882,21001
11/8/2021,Negeri Sembilan,634901,341024,23944
11/8/2021,Pahang,773616,362405,34960
11/8/2021,Perak,1335384,633959,56167
11/8/2021,Perlis,247644,144685,10726
11/8/2021,Pulau Pinang,1421191,671769,50402
11/8/2021,Sabah,1501654,571147,54459
11/8/2021,Sarawak,1746245,671175,55511
11/8/2021,Selangor,4280774,2221953,137223
11/8/2021,Terengganu,356511,193648,20566
11/8/2021,W.P. KualaLumpur,2916567,1537923,73883
11/8/2021,W.P. Labuan,84382,33026,2379
11/8/2021,W.P. Putrajaya,156491,99746,2577
12/8/2021,Johor,2086901,1065039,82048
12/8/2021,Kedah,735725,416194,34189
12/8/2021,Kelantan,324576,186253,24005
12/8/2021,Melaka,480926,257871,20839
12/8/2021,Negeri Sembilan,627123,339245,23755
12/8/2021,Pahang,764007,359732,34798
12/8/2021,Perak,1340235,633351,56321
12/8/2021,Perlis,251661,146762,10798
12/8/2021,Pulau Pinang,1415365,670481,50237
12/8/2021,Sabah,1490484,567782,54362
12/8/2021,Sarawak,1597786,638773,53500
12/8/2021,Selangor,4300010,2230960,136537
12/8/2021,Terengganu,357433,194328,20556
12/8/2021,W.P. KualaLumpur,2872037,1522959,73018
12/8/2021,W.P. Labuan,81475,32586,2363
12/8/2021,W.P. Putrajaya,154827,98919,2579
13/8/2021,Johor,1996577,1028813,76379
13/8/2021,Kedah,596335,357066,25164
13/8/2021,Kelantan,211238,130400,12899
13/8/2021,Melaka,476671,256081,20467
13/8/2021,Negeri Sembilan,625427,338395,23712
13/8/2021,Pahang,761029,359996,33824
13/8/2021,Perak,1286378,619513,54988
13/8/2021,Perlis,233316,138899,10158
13/8/2021,Pulau Pinang,1359375,651566,49538
13/8/2021,Sabah,1423856,555072,53730
13/8/2021,Sarawak,1682879,658335,54825
13/8/2021,Selangor,4322132,2243107,135510
13/8/2021,Terengganu,239726,144814,10775
13/8/2021,W.P. KualaLumpur,2888464,1524050,72935
13/8/2021,W.P. Labuan,80092,32352,2330
13/8/2021,W.P. Putrajaya,157885,100774,2532
14/8/2021,Johor,1914237,989157,71456
14/8/2021,Kedah,675719,384070,30352
14/8/2021,Kelantan,283675,163160,20928
14/8/2021,Melaka,434924,235938,17938
14/8/2021,Negeri Sembilan,580763,315245,20610
14/8/2021,Pahang,685035,328769,30187
14/8/2021,Perak,1260143,598507,51046
14/8/2021,Perlis,217086,124981,9260
14/8/2021,Pulau Pinang,1310846,614565,43674
14/8/2021,Sabah,1331006,519489,48182
14/8/2021,Sarawak,1676494,641059,47953
14/8/2021,Selangor,4163047,2146597,114636
14/8/2021,Terengganu,325363,177994,17404
14/8/2021,W.P. KualaLumpur,2639773,1418612,58927
14/8/2021,W.P. Labuan,74281,30527,1952
14/8/2021,W.P. Putrajaya,135493,89696,1598
15/8/2021,Johor,1853154,950188,61923
15/8/2021,Kedah,656037,376554,30117
15/8/2021,Kelantan,311823,180429,23666
15/8/2021,Melaka,352526,197546,12820
15/8/2021,Negeri Sembilan,486022,271621,15155
15/8/2021,Pahang,545463,282198,21803
15/8/2021,Perak,980665,504139,35488
15/8/2021,Perlis,161284,95664,6407
15/8/2021,Pulau Pinang,1011890,509429,30907
15/8/2021,Sabah,1070718,445131,35366
15/8/2021,Sarawak,1484411,585611,33020
15/8/2021,Selangor,3504650,1871413,82625
15/8/2021,Terengganu,355587,194951,20544
15/8/2021,W.P. KualaLumpur,2242487,1259877,43462
15/8/2021,W.P. Labuan,64865,27456,1405
15/8/2021,W.P. Putrajaya,129044,86178,1400
16/8/2021,Johor,2093647,1066633,81192
16/8/2021,Kedah,677438,394319,33160
16/8/2021,Kelantan,298222,175465,23457
16/8/2021,Melaka,483779,258519,20590
16/8/2021,Negeri Sembilan,644401,345632,24897
16/8/2021,Pahang,759754,360522,34520
16/8/2021,Perak,1265680,610677,54861
16/8/2021,Perlis,232358,138934,10219
16/8/2021,Pulau Pinang,1296845,632496,48579
16/8/2021,Sabah,1464225,568287,54118
16/8/2021,Sarawak,1631084,646452,53363
16/8/2021,Selangor,4258404,2232105,142379
16/8/2021,Terengganu,347517,192265,20716
16/8/2021,W.P. KualaLumpur,2846593,1518318,76673
16/8/2021,W.P. Labuan,79524,32188,2244
16/8/2021,W.P. Putrajaya,157640,100163,2633
17/8/2021,Johor,2045614,1055226,80534
17/8/2021,Kedah,695863,403059,33405
17/8/2021,Kelantan,299421,175122,23156
17/8/2021,Melaka,449418,248724,20202
17/8/2021,Negeri Sembilan,638248,342584,25327
17/8/2021,Pahang,727025,352348,34211
17/8/2021,Perak,1273235,613770,55823
17/8/2021,Perlis,232272,139099,10253
17/8/2021,Pulau Pinang,1330387,644059,49243
17/8/2021,Sabah,1432498,558822,54335
17/8/2021,Sarawak,1602503,637814,53948
17/8/2021,Selangor,4305064,2255317,146077
17/8/2021,Terengganu,329969,187352,19798
17/8/2021,W.P. KualaLumpur,2959760,1550961,79170
17/8/2021,W.P. Labuan,78510,32077,2358
17/8/2021,W.P. Putrajaya,159086,100190,2669
18/8/2021,Johor,2054208,1059324,81170
18/8/2021,Kedah,690294,399443,33299
18/8/2021,Kelantan,311967,180294,23724
18/8/2021,Melaka,471806,256143,20309
18/8/2021,Negeri Sembilan,638611,343345,25480
18/8/2021,Pahang,749291,358045,34988
18/8/2021,Perak,1270387,612830,55921
18/8/2021,Perlis,224056,134473,10156
18/8/2021,Pulau Pinang,1317238,640101,49746
18/8/2021,Sabah,1482789,568830,55339
18/8/2021,Sarawak,1698195,656755,54243
18/8/2021,Selangor,4079969,2206869,145115
18/8/2021,Terengganu,349747,195111,20567
18/8/2021,W.P. KualaLumpur,2768337,1503828,79127
18/8/2021,W.P. Labuan,78581,32235,2367
18/8/2021,W.P. Putrajaya,153325,97575,2671
19/8/2021,Johor,2069826,1060212,80569
19/8/2021,Kedah,755237,424837,33589
19/8/2021,Kelantan,332661,188421,23133
19/8/2021,Melaka,466465,254144,19958
19/8/2021,Negeri Sembilan,692808,359662,26075
19/8/2021,Pahang,790925,369061,35509
19/8/2021,Perak,1383782,642061,57313
19/8/2021,Perlis,245313,142409,10348
19/8/2021,Pulau Pinang,1393089,660471,50319
19/8/2021,Sabah,1505790,574154,54969
19/8/2021,Sarawak,1785869,667735,54416
19/8/2021,Selangor,4689665,2393438,149057
19/8/2021,Terengganu,381257,205375,20718
19/8/2021,W.P. KualaLumpur,3171620,1655762,80495
19/8/2021,W.P. Labuan,79906,32412,2332
19/8/2021,W.P. Putrajaya,175328,108371,2701
20/8/2021,Johor,1920225,1012104,74696
20/8/2021,Kedah,635039,375040,25072
20/8/2021,Kelantan,239893,142770,13123
20/8/2021,Melaka,501380,266282,20587
20/8/2021,Negeri Sembilan,695622,361623,26208
20/8/2021,Pahang,782012,367248,34273
20/8/2021,Perak,1313933,629015,56185
20/8/2021,Perlis,232295,136692,10007
20/8/2021,Pulau Pinang,1357202,652327,49772
20/8/2021,Sabah,1563086,583542,55225
20/8/2021,Sarawak,1878761,688918,54816
20/8/2021,Selangor,4517860,2356708,148478
20/8/2021,Terengganu,262799,156281,11154
20/8/2021,W.P. KualaLumpur,3061943,1616196,80763
20/8/2021,W.P. Labuan,86113,33846,2331
20/8/2021,W.P. Putrajaya,170311,106912,2673
21/8/2021,Johor,2069248,1040712,72712
21/8/2021,Kedah,721952,406563,30599
21/8/2021,Kelantan,322526,179213,21567
21/8/2021,Melaka,463745,247699,18111
21/8/2021,Negeri Sembilan,696097,351480,23510
21/8/2021,Pahang,741550,346600,31066
21/8/2021,Perak,1349721,624060,52643
21/8/2021,Perlis,226124,126948,9220
21/8/2021,Pulau Pinang,1361038,629969,44506
21/8/2021,Sabah,1376679,531715,48584
21/8/2021,Sarawak,1762020,647441,47063
21/8/2021,Selangor,4927313,2423651,130399
21/8/2021,Terengganu,361999,192282,18427
21/8/2021,W.P. KualaLumpur,3160817,1630097,67233
21/8/2021,W.P. Labuan,75695,30996,1964
21/8/2021,W.P. Putrajaya,166421,104950,1792
22/8/2021,Johor,1817591,943331,63108
22/8/2021,Kedah,709067,400329,30771
22/8/2021,Kelantan,345380,194815,24646
22/8/2021,Melaka,348760,199030,13052
22/8/2021,Negeri Sembilan,591009,309535,17573
22/8/2021,Pahang,609213,302869,23160
22/8/2021,Perak,1080352,536200,36994
22/8/2021,Perlis,168129,97267,6554
22/8/2021,Pulau Pinang,1065395,526960,31866
22/8/2021,Sabah,1159239,463497,36103
22/8/2021,Sarawak,1497335,581132,32876
22/8/2021,Selangor,4288216,2157485,96245
22/8/2021,Terengganu,385765,207283,21781
22/8/2021,W.P. KualaLumpur,2826121,1471143,51439
22/8/2021,W.P. Labuan,62956,27340,1430
22/8/2021,W.P. Putrajaya,162994,102502,1579
23/8/2021,Johor,2122345,1083848,83850
23/8/2021,Kedah,748344,427402,34502
23/8/2021,Kelantan,337219,192342,24679
23/8/2021,Melaka,507376,268135,21573
23/8/2021,Negeri Sembilan,715740,370929,26932
23/8/2021,Pahang,814806,375665,35982
23/8/2021,Perak,1397256,650407,57988
23/8/2021,Perlis,241834,141078,10504
23/8/2021,Pulau Pinang,1404537,665609,50623
23/8/2021,Sabah,1499893,575215,54949
23/8/2021,Sarawak,1557015,623153,52829
23/8/2021,Selangor,4764049,2421716,154005
23/8/2021,Terengganu,380642,205715,21792
23/8/2021,W.P. KualaLumpur,3245037,1651197,83584
23/8/2021,W.P. Labuan,78581,31911,2326
23/8/2021,W.P. Putrajaya,172796,107769,2770
24/8/2021,Johor,1958351,1033456,82673
24/8/2021,Kedah,691587,407617,33766
24/8/2021,Kelantan,320988,186098,24019
24/8/2021,Melaka,401628,221253,17187
24/8/2021,Negeri Sembilan,706635,366666,27054
24/8/2021,Pahang,801910,374119,36442
24/8/2021,Perak,1302177,628753,57872
24/8/2021,Perlis,214779,132559,10221
24/8/2021,Pulau Pinang,1286715,639129,49765
24/8/2021,Sabah,1504900,576344,55406
24/8/2021,Sarawak,1553686,623011,53559
24/8/2021,Selangor,4760774,2428139,157663
24/8/2021,Terengganu,378513,205274,21639
24/8/2021,W.P. KualaLumpur,3200743,1637690,84911
24/8/2021,W.P. Labuan,79529,32320,2374
24/8/2021,W.P. Putrajaya,173090,106816,2783
25/8/2021,Johor,2157984,1093684,86502
25/8/2021,Kedah,768578,435514,35385
25/8/2021,Kelantan,345093,195624,24885
25/8/2021,Melaka,523447,275169,22211
25/8/2021,Negeri Sembilan,722340,373331,27711
25/8/2021,Pahang,816786,377551,36787
25/8/2021,Perak,1397725,655058,59461
25/8/2021,Perlis,240467,141445,10549
25/8/2021,Pulau Pinang,1399522,666574,51313
25/8/2021,Sabah,1490427,571691,55115
25/8/2021,Sarawak,1521823,615456,53770
25/8/2021,Selangor,4824441,2456591,159506
25/8/2021,Terengganu,388922,208434,22044
25/8/2021,W.P. KualaLumpur,3247413,1669816,85902
25/8/2021,W.P. Labuan,80615,32784,2369
25/8/2021,W.P. Putrajaya,177425,110073,2807
26/8/2021,Johor,2136331,1088235,87008
26/8/2021,Kedah,769793,435511,35751
26/8/2021,Kelantan,352937,199011,24923
26/8/2021,Melaka,516093,274399,22366
26/8/2021,Negeri Sembilan,745489,381948,28152
26/8/2021,Pahang,816343,377545,36835
26/8/2021,Perak,1385464,651111,59411
26/8/2021,Perlis,237771,140726,10560
26/8/2021,Pulau Pinang,1379465,661079,51492
26/8/2021,Sabah,1508856,574547,55430
26/8/2021,Sarawak,1538773,618809,53523
26/8/2021,Selangor,4900249,2483955,159863
26/8/2021,Terengganu,404462,213908,22071
26/8/2021,W.P. KualaLumpur,3317077,1689140,86285
26/8/2021,W.P. Labuan,82088,33085,2393
26/8/2021,W.P. Putrajaya,177986,110969,2798
27/8/2021,Johor,2127236,1077658,82536
27/8/2021,Kedah,683587,399687,27044
27/8/2021,Kelantan,246554,148525,13666
27/8/2021,Melaka,528206,277679,22176
27/8/2021,Negeri Sembilan,758852,386308,28020
27/8/2021,Pahang,835287,384949,35823
27/8/2021,Perak,1418770,663229,58452
27/8/2021,Perlis,243022,142269,10329
27/8/2021,Pulau Pinang,1412621,666567,51292
27/8/2021,Sabah,1490798,572662,55151
27/8/2021,Sarawak,1598529,631146,53837
27/8/2021,Selangor,5003807,2524758,158977
27/8/2021,Terengganu,279479,163368,11532
27/8/2021,W.P. KualaLumpur,3413453,1726001,86291
27/8/2021,W.P. Labuan,88600,34361,2387
27/8/2021,W.P. Putrajaya,186679,115140,2764
28/8/2021,Johor,2091315,1051080,78406
28/8/2021,Kedah,760141,420889,32349
28/8/2021,Kelantan,340335,188736,22010
28/8/2021,Melaka,503314,263174,19859
28/8/2021,Negeri Sembilan,776614,379974,25335
28/8/2021,Pahang,764447,355895,32079
28/8/2021,Perak,1370155,636782,54356
28/8/2021,Perlis,222149,126627,9476
28/8/2021,Pulau Pinang,1340013,626668,45263
28/8/2021,Sabah,1419364,539880,49338
28/8/2021,Sarawak,1544335,599257,46508
28/8/2021,Selangor,5201604,2523385,138520
28/8/2021,Terengganu,365347,194588,18446
28/8/2021,W.P. KualaLumpur,3386390,1687725,71753
28/8/2021,W.P. Labuan,83047,32907,2025
28/8/2021,W.P. Putrajaya,176396,110388,1892
29/8/2021,Johor,1874470,961807,65925
29/8/2021,Kedah,729657,409185,32431
29/8/2021,Kelantan,357057,201016,24687
29/8/2021,Melaka,401318,220571,14220
29/8/2021,Negeri Sembilan,664318,334467,18797
29/8/2021,Pahang,602122,302867,22577
29/8/2021,Perak,1108196,551088,38120
29/8/2021,Perlis,170266,99135,6665
29/8/2021,Pulau Pinang,1055508,523136,32104
29/8/2021,Sabah,1201691,472776,36637
29/8/2021,Sarawak,1406136,554269,32642
29/8/2021,Selangor,4497221,2220795,100243
29/8/2021,Terengganu,396200,210802,21778
29/8/2021,W.P. KualaLumpur,2949768,1508525,52965
29/8/2021,W.P. Labuan,70573,29289,1490
29/8/2021,W.P. Putrajaya,172090,108206,1632
30/8/2021,Johor,2129578,1082768,84860
30/8/2021,Kedah,802373,446309,35699
30/8/2021,Kelantan,354771,200440,24778
30/8/2021,Melaka,549836,282751,22416
30/8/2021,Negeri Sembilan,812151,399704,28140
30/8/2021,Pahang,822824,378750,35779
30/8/2021,Perak,1406574,655671,58020
30/8/2021,Perlis,245842,141999,10476
30/8/2021,Pulau Pinang,1439065,669724,50455
30/8/2021,Sabah,1548545,581475,55563
30/8/2021,Sarawak,1582233,618292,51938
30/8/2021,Selangor,5211401,2571037,158436
30/8/2021,Terengganu,390206,208906,21839
30/8/2021,W.P. KualaLumpur,3562812,1782466,85958
30/8/2021,W.P. Labuan,90708,34327,2361
30/8/2021,W.P. Putrajaya,191897,118528,2798
31/8/2021,Johor,1754546,899705,58795
31/8/2021,Kedah,612695,352708,24410
31/8/2021,Kelantan,262025,153150,17173
31/8/2021,Melaka,412294,224340,15412
31/8/2021,Negeri Sembilan,655422,330564,19435
31/8/2021,Pahang,616722,306038,24537
31/8/2021,Perak,1105809,544404,40737
31/8/2021,Perlis,175510,101059,7331
31/8/2021,Pulau Pinang,1095253,534580,33195
31/8/2021,Sabah,1188344,466669,37547
31/8/2021,Sarawak,1420613,548233,32703
31/8/2021,Selangor,4467788,2213306,102494
31/8/2021,Terengganu,300710,168926,15163
31/8/2021,W.P. KualaLumpur,2996203,1529037,54942
31/8/2021,W.P. Labuan,68899,29211,1445
31/8/2021,W.P. Putrajaya,174631,109579,1635
1/9/2021,Johor,2261356,1128573,89416
1/9/2021,Kedah,799505,448348,36636
1/9/2021,Kelantan,354489,200575,24710
1/9/2021,Melaka,559360,289516,23229
1/9/2021,Negeri Sembilan,810113,403319,29197
1/9/2021,Pahang,845585,388269,36925
1/9/2021,Perak,1438643,670178,60091
1/9/2021,Perlis,251812,146251,10736
1/9/2021,Pulau Pinang,1394319,667880,51409
1/9/2021,Sabah,1544018,584674,56248
1/9/2021,Sarawak,1570503,616664,53224
1/9/2021,Selangor,5186307,2586845,165640
1/9/2021,Terengganu,405428,215274,22088
1/9/2021,W.P. KualaLumpur,3565163,1793064,90216
1/9/2021,W.P. Labuan,84440,33507,2383
1/9/2021,W.P. Putrajaya,187519,115086,2877
2/9/2021,Johor,2170517,1095200,87824
2/9/2021,Kedah,798331,447880,36722
2/9/2021,Kelantan,344241,196093,24280
2/9/2021,Melaka,552773,289072,23244
2/9/2021,Negeri Sembilan,808236,402900,29440
2/9/2021,Pahang,839581,388100,36985
2/9/2021,Perak,1373518,654550,59539
2/9/2021,Perlis,242854,143480,10591
2/9/2021,Pulau Pinang,1399542,670918,51405
2/9/2021,Sabah,1590237,591900,56579
2/9/2021,Sarawak,1532089,606984,52473
2/9/2021,Selangor,5218906,2598781,166933
2/9/2021,Terengganu,408695,215528,22043
2/9/2021,W.P. KualaLumpur,3570456,1792014,90416
2/9/2021,W.P. Labuan,88881,34672,2366
2/9/2021,W.P. Putrajaya,185241,115547,2855
3/9/2021,Johor,2303786,1136363,88737
3/9/2021,Kedah,751794,424730,30225
3/9/2021,Kelantan,282690,165295,15252
3/9/2021,Melaka,587837,300578,24349
3/9/2021,Negeri Sembilan,820610,409634,30399
3/9/2021,Pahang,899205,403635,38072
3/9/2021,Perak,1520278,693197,61661
3/9/2021,Perlis,263413,149566,10895
3/9/2021,Pulau Pinang,1515041,697496,53289
3/9/2021,Sabah,1511066,578454,58918
3/9/2021,Sarawak,1659270,636218,57455
3/9/2021,Selangor,5492108,2692615,172581
3/9/2021,Terengganu,307692,176511,12798
3/9/2021,W.P. KualaLumpur,3757254,1852714,92935
3/9/2021,W.P. Labuan,95182,35733,2469
3/9/2021,W.P. Putrajaya,199853,121995,3002
4/9/2021,Johor,2224018,1095155,83309
4/9/2021,Kedah,825336,444581,35534
4/9/2021,Kelantan,369699,200513,23754
4/9/2021,Melaka,585787,293347,21978
4/9/2021,Negeri Sembilan,877738,412833,27731
4/9/2021,Pahang,848627,382289,33871
4/9/2021,Perak,1472895,666938,57079
4/9/2021,Perlis,244453,134873,9767
4/9/2021,Pulau Pinang,1445290,656192,46948
4/9/2021,Sabah,1535002,564601,52023
4/9/2021,Sarawak,1661269,616490,49307
4/9/2021,Selangor,5739364,2698375,149078
4/9/2021,Terengganu,414388,212771,20095
4/9/2021,W.P. KualaLumpur,3758465,1828853,76668
4/9/2021,W.P. Labuan,89867,34483,2093
4/9/2021,W.P. Putrajaya,190770,117905,2027
5/9/2021,Johor,2274905,1078796,75461
5/9/2021,Kedah,892442,464515,38241
5/9/2021,Kelantan,409134,219601,27501
5/9/2021,Melaka,518286,263068,17349
5/9/2021,Negeri Sembilan,785488,373786,21855
5/9/2021,Pahang,738983,347247,26641
5/9/2021,Perak,1289287,604368,43295
5/9/2021,Perlis,203542,111047,7483
5/9/2021,Pulau Pinang,1248048,578584,35748
5/9/2021,Sabah,1523869,546721,44525
5/9/2021,Sarawak,1602991,590157,39627
5/9/2021,Selangor,5201382,2450693,113381
5/9/2021,Terengganu,459221,231819,24327
5/9/2021,W.P. KualaLumpur,3449157,1696934,58573
5/9/2021,W.P. Labuan,79167,31737,1645
5/9/2021,W.P. Putrajaya,191438,118926,1778
6/9/2021,Johor,2534268,1193501,95501
6/9/2021,Kedah,922526,488499,40666
6/9/2021,Kelantan,409336,220513,27879
6/9/2021,Melaka,646815,314482,25341
6/9/2021,Negeri Sembilan,952347,440183,31335
6/9/2021,Pahang,974232,419328,39413
6/9/2021,Perak,1640345,711077,63294
6/9/2021,Perlis,285115,156276,11317
6/9/2021,Pulau Pinang,1623223,715588,54413
6/9/2021,Sabah,1838402,643713,62379
6/9/2021,Sarawak,1763583,651977,57783
6/9/2021,Selangor,5792899,2732816,174021
6/9/2021,Terengganu,460542,232277,24414
6/9/2021,W.P. KualaLumpur,3960480,1902472,93308
6/9/2021,W.P. Labuan,99418,36203,2518
6/9/2021,W.P. Putrajaya,201771,120944,3017
7/9/2021,Johor,2620699,1222446,96685
7/9/2021,Kedah,922879,490364,40371
7/9/2021,Kelantan,409300,221431,27478
7/9/2021,Melaka,660410,320486,25707
7/9/2021,Negeri Sembilan,924932,435623,31318
7/9/2021,Pahang,969992,419807,39619
7/9/2021,Perak,1603908,707650,63508
7/9/2021,Perlis,280089,155543,11325
7/9/2021,Pulau Pinang,1587388,713085,54214
7/9/2021,Sabah,1849161,646943,61890
7/9/2021,Sarawak,1734395,644931,57084
7/9/2021,Selangor,5890302,2782688,176674
7/9/2021,Terengganu,467724,235311,24076
7/9/2021,W.P. KualaLumpur,4024135,1944431,94712
7/9/2021,W.P. Labuan,98479,36395,2516
7/9/2021,W.P. Putrajaya,207384,125207,3035
8/9/2021,Johor,2608217,1220792,96492
8/9/2021,Kedah,875067,475195,39458
8/9/2021,Kelantan,398348,216879,26979
8/9/2021,Melaka,633922,314161,25172
8/9/2021,Negeri Sembilan,960684,444814,31757
8/9/2021,Pahang,974440,423325,39641
8/9/2021,Perak,1582052,704321,63138
8/9/2021,Perlis,269651,152406,11296
8/9/2021,Pulau Pinang,1460402,689117,53200
8/9/2021,Sabah,1820878,644245,62067
8/9/2021,Sarawak,1729482,650416,56748
8/9/2021,Selangor,5853276,2778298,176525
8/9/2021,Terengganu,468766,235674,24051
8/9/2021,W.P. KualaLumpur,3973212,1935570,94873
8/9/2021,W.P. Labuan,98413,36465,2511
8/9/2021,W.P. Putrajaya,208112,125500,3045
9/9/2021,Johor,2574812,1219879,96631
9/9/2021,Kedah,911686,486485,39722
9/9/2021,Kelantan,432952,229277,27682
9/9/2021,Melaka,664147,322432,25819
9/9/2021,Negeri Sembilan,967208,448425,31788
9/9/2021,Pahang,977532,426244,39711
9/9/2021,Perak,1630141,714336,63643
9/9/2021,Perlis,267718,154341,10927
9/9/2021,Pulau Pinang,1561008,710513,53507
9/9/2021,Sabah,1837200,645932,61699
9/9/2021,Sarawak,1774224,662415,57126
9/9/2021,Selangor,5928074,2809117,176934
9/9/2021,Terengganu,481128,240398,24117
9/9/2021,W.P. KualaLumpur,4034624,1959958,94753
9/9/2021,W.P. Labuan,97583,36305,2468
9/9/2021,W.P. Putrajaya,211903,127227,3031
10/9/2021,Johor,2471735,1191288,90682
10/9/2021,Kedah,823313,453202,30550
10/9/2021,Kelantan,319739,180402,15648
10/9/2021,Melaka,665970,324569,25525
10/9/2021,Negeri Sembilan,973477,455109,31446
10/9/2021,Pahang,989868,430664,38396
10/9/2021,Perak,1615131,717806,62543
10/9/2021,Perlis,282387,158564,10795
10/9/2021,Pulau Pinang,1590381,720312,53848
10/9/2021,Sabah,1906916,664075,61926
10/9/2021,Sarawak,1745035,663260,56091
10/9/2021,Selangor,6129652,2893573,176754
10/9/2021,Terengganu,340862,190081,12828
10/9/2021,W.P. KualaLumpur,4211398,2017199,95535
10/9/2021,W.P. Labuan,101849,37130,2476
10/9/2021,W.P. Putrajaya,231932,137058,3052
11/9/2021,Johor,2437765,1164698,86413
11/9/2021,Kedah,887808,467861,36652
11/9/2021,Kelantan,399786,212119,24364
11/9/2021,Melaka,643081,309630,23163
11/9/2021,Negeri Sembilan,975282,445057,28279
11/9/2021,Pahang,922699,405648,34505
11/9/2021,Perak,1548679,690338,57538
11/9/2021,Perlis,255540,140832,9946
11/9/2021,Pulau Pinang,1454286,665331,47196
11/9/2021,Sabah,1789174,622651,54964
11/9/2021,Sarawak,1790119,656956,49162
11/9/2021,Selangor,6456114,2939623,154172
11/9/2021,Terengganu,451243,225724,20554
11/9/2021,W.P. KualaLumpur,4254377,2000647,79329
11/9/2021,W.P. Labuan,95709,36381,2097
11/9/2021,W.P. Putrajaya,227319,138003,1992
12/9/2021,Johor,2341849,1114226,73383
12/9/2021,Kedah,905234,474653,37059
12/9/2021,Kelantan,417563,225465,27137
12/9/2021,Melaka,526422,266309,16625
12/9/2021,Negeri Sembilan,844907,398524,20694
12/9/2021,Pahang,753426,355690,25064
12/9/2021,Perak,1262507,604039,40643
12/9/2021,Perlis,200055,112909,7064
12/9/2021,Pulau Pinang,1218193,580447,33963
12/9/2021,Sabah,1542935,557453,41354
12/9/2021,Sarawak,1554710,587940,33911
12/9/2021,Selangor,5771488,2676110,111190
12/9/2021,Terengganu,481188,242784,23905
12/9/2021,W.P. KualaLumpur,3838903,1840094,58701
12/9/2021,W.P. Labuan,79018,32177,1511
12/9/2021,W.P. Putrajaya,227296,139761,1803
13/9/2021,Johor,2177488,1100844,84316
13/9/2021,Kedah,849406,471076,38434
13/9/2021,Kelantan,407931,221936,27198
13/9/2021,Melaka,646369,318896,25451
13/9/2021,Negeri Sembilan,903478,436660,30212
13/9/2021,Pahang,947662,416273,38205
13/9/2021,Perak,1496830,685970,59886
13/9/2021,Perlis,253112,150585,10472
13/9/2021,Pulau Pinang,1484989,696429,52535
13/9/2021,Sabah,1812699,649072,60593
13/9/2021,Sarawak,1650467,636567,54093
13/9/2021,Selangor,5754032,2772438,171185
13/9/2021,Terengganu,458708,234600,23775
13/9/2021,W.P. KualaLumpur,3900210,1894510,93749
13/9/2021,W.P. Labuan,89260,34634,2395
13/9/2021,W.P. Putrajaya,215601,129586,3055
14/9/2021,Johor,2508001,1225058,96446
14/9/2021,Kedah,913737,493358,40578
14/9/2021,Kelantan,410164,222709,27362
14/9/2021,Melaka,650033,320506,26046
14/9/2021,Negeri Sembilan,942370,446908,31486
14/9/2021,Pahang,936236,416798,39159
14/9/2021,Perak,1573418,708772,63090
14/9/2021,Perlis,275317,158261,10977
14/9/2021,Pulau Pinang,1542556,713751,54207
14/9/2021,Sabah,1812491,649069,61228
14/9/2021,Sarawak,1566491,620202,54137
14/9/2021,Selangor,6113767,2890926,179826
14/9/2021,Terengganu,468567,239336,23958
14/9/2021,W.P. KualaLumpur,4210272,1993661,97947
14/9/2021,W.P. Labuan,90987,34781,2448
14/9/2021,W.P. Putrajaya,225888,133141,3122
15/9/2021,Johor,2545222,1232891,97034
15/9/2021,Kedah,920788,494853,41161
15/9/2021,Kelantan,415973,225941,27110
15/9/2021,Melaka,669321,327292,26006
15/9/2021,Negeri Sembilan,961139,453294,31682
15/9/2021,Pahang,940011,417150,39067
15/9/2021,Perak,1591936,713778,63214
15/9/2021,Perlis,274584,157676,11076
15/9/2021,Pulau Pinang,1585030,725628,54737
15/9/2021,Sabah,1670543,625545,59887
15/9/2021,Sarawak,1614723,633611,54426
15/9/2021,Selangor,6118297,2893761,179790
15/9/2021,Terengganu,473111,240423,23941
15/9/2021,W.P. KualaLumpur,4146339,1978778,97809
15/9/2021,W.P. Labuan,93393,35308,2443
15/9/2021,W.P. Putrajaya,226631,134263,3109
16/9/2021,Johor,2077120,1032054,73072
16/9/2021,Kedah,766833,416124,32246
16/9/2021,Kelantan,354727,195305,21711
16/9/2021,Melaka,555796,277123,19908
16/9/2021,Negeri Sembilan,858800,404709,24094
16/9/2021,Pahang,786690,365718,29925
16/9/2021,Perak,1292673,612051,47948
16/9/2021,Perlis,212088,119922,8661
16/9/2021,Pulau Pinang,1280677,604437,40384
16/9/2021,Sabah,1508189,558689,43549
16/9/2021,Sarawak,1502134,576138,36489
16/9/2021,Selangor,5775118,2693613,126899
16/9/2021,Terengganu,402335,212381,18707
16/9/2021,W.P. KualaLumpur,3914166,1846051,67646
16/9/2021,W.P. Labuan,73475,30884,1549
16/9/2021,W.P. Putrajaya,226526,136228,1864
17/9/2021,Johor,2415295,1192655,91423
17/9/2021,Kedah,797247,442657,30970
17/9/2021,Kelantan,308777,179596,15457
17/9/2021,Melaka,675397,328164,26022
17/9/2021,Negeri Sembilan,978963,460852,31282
17/9/2021,Pahang,951212,420812,38127
17/9/2021,Perak,1541702,705153,61382
17/9/2021,Perlis,266042,153615,10680
17/9/2021,Pulau Pinang,1511007,708434,53779
17/9/2021,Sabah,1858790,671162,60952
17/9/2021,Sarawak,1660708,646112,55083
17/9/2021,Selangor,6112815,2906282,177978
17/9/2021,Terengganu,338436,191189,12775
17/9/2021,W.P. KualaLumpur,4239644,1999872,97634
17/9/2021,W.P. Labuan,96469,36177,2432
17/9/2021,W.P. Putrajaya,241686,140996,3037
18/9/2021,Johor,2369939,1161746,87025
18/9/2021,Kedah,845870,452744,36748
18/9/2021,Kelantan,411322,220157,24679
18/9/2021,Melaka,640543,312199,23311
18/9/2021,Negeri Sembilan,937938,440395,27938
18/9/2021,Pahang,870908,393139,33945
18/9/2021,Perak,1418469,661677,56370
18/9/2021,Perlis,234993,135469,9664
18/9/2021,Pulau Pinang,1402747,655681,47540
18/9/2021,Sabah,1707696,620436,54253
18/9/2021,Sarawak,1539569,607086,47174
18/9/2021,Selangor,6110650,2860233,152971
18/9/2021,Terengganu,452612,230087,20475
18/9/2021,W.P. KualaLumpur,4153065,1929426,80580
18/9/2021,W.P. Labuan,86090,33864,2077
18/9/2021,W.P. Putrajaya,215893,130935,2027
19/9/2021,Johor,2140346,1065915,72175
19/9/2021,Kedah,910850,478281,37764
19/9/2021,Kelantan,426236,231008,27303
19/9/2021,Melaka,538309,272981,16803
19/9/2021,Negeri Sembilan,792520,387839,20395
19/9/2021,Pahang,715914,346536,24741
19/9/2021,Perak,1244044,602226,40599
19/9/2021,Perlis,198630,113996,6976
19/9/2021,Pulau Pinang,1267458,595808,34629
19/9/2021,Sabah,1483521,560798,41222
19/9/2021,Sarawak,1425158,566001,33076
19/9/2021,Selangor,5494428,2605509,111339
19/9/2021,Terengganu,473526,240592,23888
19/9/2021,W.P. KualaLumpur,3775520,1792541,60085
19/9/2021,W.P. Labuan,71387,30466,1496
19/9/2021,W.P. Putrajaya,217209,133970,1780
20/9/2021,Johor,2574386,1252677,96606
20/9/2021,Kedah,929679,504176,41176
20/9/2021,Kelantan,427970,232215,27962
20/9/2021,Melaka,672298,327669,25955
20/9/2021,Negeri Sembilan,970057,458002,31288
20/9/2021,Pahang,967213,429109,38860
20/9/2021,Perak,1593849,715908,62371
20/9/2021,Perlis,268682,157356,10804
20/9/2021,Pulau Pinang,1526521,715362,53909
20/9/2021,Sabah,1793778,661810,60938
20/9/2021,Sarawak,1689373,650759,53854
20/9/2021,Selangor,6199008,2920961,177788
20/9/2021,Terengganu,478411,243673,24381
20/9/2021,W.P. KualaLumpur,4275951,2016224,97910
20/9/2021,W.P. Labuan,86761,34066,2413
20/9/2021,W.P. Putrajaya,226021,135885,3112
21/9/2021,Johor,2490265,1236542,96683
21/9/2021,Kedah,934071,505158,41306
21/9/2021,Kelantan,411907,226784,27348
21/9/2021,Melaka,651825,322970,26012
21/9/2021,Negeri Sembilan,943980,449788,31112
21/9/2021,Pahang,932880,421537,38651
21/9/2021,Perak,1520632,699301,61979
21/9/2021,Perlis,262398,155350,11017
21/9/2021,Pulau Pinang,1517533,715781,54266
21/9/2021,Sabah,1505045,590673,55061
21/9/2021,Sarawak,1748714,664057,53899
21/9/2021,Selangor,6131424,2913542,180334
21/9/2021,Terengganu,473239,241268,24213
21/9/2021,W.P. KualaLumpur,4228774,2010544,98987
21/9/2021,W.P. Labuan,83250,33132,2341
21/9/2021,W.P. Putrajaya,225461,134975,3104
22/9/2021,Johor,2503121,1239452,97901
22/9/2021,Kedah,937923,505809,42119
22/9/2021,Kelantan,418107,228538,27279
22/9/2021,Melaka,683158,334434,26458
22/9/2021,Negeri Sembilan,951919,453867,31678
22/9/2021,Pahang,937352,421757,38849
22/9/2021,Perak,1513888,698842,62461
22/9/2021,Perlis,269617,157070,11166
22/9/2021,Pulau Pinang,1542324,720415,55080
22/9/2021,Sabah,1850975,669557,61969
22/9/2021,Sarawak,1696867,652455,55188
22/9/2021,Selangor,6198751,2924831,181933
22/9/2021,Terengganu,486362,246605,24128
22/9/2021,W.P. KualaLumpur,4300665,2014258,100084
22/9/2021,W.P. Labuan,92472,36057,2456
22/9/2021,W.P. Putrajaya,225057,134385,3126
23/9/2021,Johor,2537233,1249813,98076
23/9/2021,Kedah,990685,521856,42244
23/9/2021,Kelantan,466827,246642,27908
23/9/2021,Melaka,696842,338557,26274
23/9/2021,Negeri Sembilan,977528,462503,31760
23/9/2021,Pahang,979332,432197,39090
23/9/2021,Perak,1577648,716589,62832
23/9/2021,Perlis,277080,159986,11169
23/9/2021,Pulau Pinang,1554170,729361,55167
23/9/2021,Sabah,1864753,670666,62143
23/9/2021,Sarawak,1761344,661122,54836
23/9/2021,Selangor,6271898,2976657,181943
23/9/2021,Terengganu,528937,261465,24423
23/9/2021,W.P. KualaLumpur,4369964,2074843,99929
23/9/2021,W.P. Labuan,92023,35760,2428
23/9/2021,W.P. Putrajaya,245016,141989,3114
24/9/2021,Johor,2561585,1253960,93612
24/9/2021,Kedah,875473,475563,31729
24/9/2021,Kelantan,359391,202785,16039
24/9/2021,Melaka,716385,345671,26022
24/9/2021,Negeri Sembilan,1025880,476616,31662
24/9/2021,Pahang,1022854,446268,38301
24/9/2021,Perak,1581319,724207,61942
24/9/2021,Perlis,281972,161924,10780
24/9/2021,Pulau Pinang,1602149,740626,54975
24/9/2021,Sabah,1954746,690146,62372
24/9/2021,Sarawak,1871100,686946,55458
24/9/2021,Selangor,6565853,3072171,180472
24/9/2021,Terengganu,389015,212345,13008
24/9/2021,W.P. KualaLumpur,4586957,2144442,99898
24/9/2021,W.P. Labuan,101303,37871,2443
24/9/2021,W.P. Putrajaya,263281,150921,3093
25/9/2021,Johor,2592546,1239751,89479
25/9/2021,Kedah,960029,498223,38241
25/9/2021,Kelantan,454685,238384,24882
25/9/2021,Melaka,722390,341098,23623
25/9/2021,Negeri Sembilan,1046786,470839,28361
25/9/2021,Pahang,977179,424981,34182
25/9/2021,Perak,1567097,707290,57977
25/9/2021,Perlis,255815,144216,9816
25/9/2021,Pulau Pinang,1564393,704773,48875
25/9/2021,Sabah,1861119,651242,55815
25/9/2021,Sarawak,1871576,678637,48095
25/9/2021,Selangor,6930122,3108472,156855
25/9/2021,Terengganu,511065,250649,20710
25/9/2021,W.P. KualaLumpur,4730289,2151134,82439
25/9/2021,W.P. Labuan,91154,35320,2050
25/9/2021,W.P. Putrajaya,259601,152799,2055
26/9/2021,Johor,2514148,1185127,75664
26/9/2021,Kedah,947221,494149,37795
26/9/2021,Kelantan,467735,248192,28033
26/9/2021,Melaka,612556,298909,16830
26/9/2021,Negeri Sembilan,891031,416393,20762
26/9/2021,Pahang,822739,380107,24936
26/9/2021,Perak,1257337,610169,40086
26/9/2021,Perlis,202905,116269,6975
26/9/2021,Pulau Pinang,1292115,608485,34701
26/9/2021,Sabah,1589375,583315,42241
26/9/2021,Sarawak,1678865,629043,33657
26/9/2021,Selangor,5880971,2739308,111358
26/9/2021,Terengganu,533021,262962,24434
26/9/2021,W.P. KualaLumpur,4165750,1944806,60947
26/9/2021,W.P. Labuan,76264,31883,1466
26/9/2021,W.P. Putrajaya,251727,149875,1766
27/9/2021,Johor,2609175,1282131,98239
27/9/2021,Kedah,993431,527826,41359
27/9/2021,Kelantan,447757,241801,27841
27/9/2021,Melaka,714719,342318,25889
27/9/2021,Negeri Sembilan,985593,464076,31001
27/9/2021,Pahang,986625,437766,38438
27/9/2021,Perak,1557457,716064,61519
27/9/2021,Perlis,274383,160353,11017
27/9/2021,Pulau Pinang,1580847,737955,54582
27/9/2021,Sabah,1907775,682557,61922
27/9/2021,Sarawak,1751312,669788,53535
27/9/2021,Selangor,6399568,2994271,177249
27/9/2021,Terengganu,517099,258192,24474
27/9/2021,W.P. KualaLumpur,4399388,2084189,97934
27/9/2021,W.P. Labuan,88978,34914,2387
27/9/2021,W.P. Putrajaya,245767,143591,3126
28/9/2021,Johor,2699429,1306238,100118
28/9/2021,Kedah,969019,520520,41251
28/9/2021,Kelantan,454348,244272,27903
28/9/2021,Melaka,715171,343492,26257
28/9/2021,Negeri Sembilan,933412,449865,31038
28/9/2021,Pahang,988351,439770,38975
28/9/2021,Perak,1560368,713789,62816
28/9/2021,Perlis,272949,160706,11029
28/9/2021,Pulau Pinang,1599870,743437,55164
28/9/2021,Sabah,1920465,684736,62385
28/9/2021,Sarawak,1795199,679342,54645
28/9/2021,Selangor,6357688,2982693,180523
28/9/2021,Terengganu,521296,260391,24438
28/9/2021,W.P. KualaLumpur,4404900,2088793,99733
28/9/2021,W.P. Labuan,94546,35856,2449
28/9/2021,W.P. Putrajaya,244599,143988,3110
29/9/2021,Johor,2754239,1320902,100548
29/9/2021,Kedah,965987,517762,41055
29/9/2021,Kelantan,452895,244994,27381
29/9/2021,Melaka,741102,351962,26417
29/9/2021,Negeri Sembilan,1012492,472241,31758
29/9/2021,Pahang,1015266,447402,39225
29/9/2021,Perak,1564573,718184,62312
29/9/2021,Perlis,269240,158382,11039
29/9/2021,Pulau Pinang,1526396,726421,54214
29/9/2021,Sabah,1939366,689160,62461
29/9/2021,Sarawak,1849315,696413,54948
29/9/2021,Selangor,6518054,3040902,180626
29/9/2021,Terengganu,541186,267373,24404
29/9/2021,W.P. KualaLumpur,4485475,2131227,99695
29/9/2021,W.P. Labuan,97097,36789,2460
29/9/2021,W.P. Putrajaya,250120,147765,3155
30/9/2021,Johor,2675687,1293125,98395
30/9/2021,Kedah,1043424,543315,42430
30/9/2021,Kelantan,486431,256931,27808
30/9/2021,Melaka,699863,338976,25843
30/9/2021,Negeri Sembilan,1011596,472285,31529
30/9/2021,Pahang,1039068,455644,39338
30/9/2021,Perak,1634479,737423,63539
30/9/2021,Perlis,284825,165324,11222
30/9/2021,Pulau Pinang,1651948,761325,55761
30/9/2021,Sabah,1980468,697805,62602
30/9/2021,Sarawak,1934766,708025,55117
30/9/2021,Selangor,6718110,3103124,182243
30/9/2021,Terengganu,561914,273602,24444
30/9/2021,W.P. KualaLumpur,4700713,2209486,100533
30/9/2021,W.P. Labuan,94536,36377,2436
30/9/2021,W.P. Putrajaya,255483,151272,3124
1/10/2021,Johor,2769190,1321128,96263
1/10/2021,Kedah,988447,517606,32186
1/10/2021,Kelantan,392529,217407,15868
1/10/2021,Melaka,775165,361391,26579
1/10/2021,Negeri Sembilan,1079968,494598,31778
1/10/2021,Pahang,1067261,465055,38528
1/10/2021,Perak,1693974,756927,63122
1/10/2021,Perlis,290110,167080,10899
1/10/2021,Pulau Pinang,1711700,775116,55791
1/10/2021,Sabah,2076150,717616,62814
1/10/2021,Sarawak,1979172,718272,55154
1/10/2021,Selangor,7148795,3226455,182845
1/10/2021,Terengganu,448320,236390,13198
1/10/2021,W.P. KualaLumpur,5071869,2307970,101588
1/10/2021,W.P. Labuan,104570,38453,2465
1/10/2021,W.P. Putrajaya,292859,167185,3118
2/10/2021,Johor,3038675,1358391,93714
2/10/2021,Kedah,1119415,551792,39328
2/10/2021,Kelantan,498388,257017,25128
2/10/2021,Melaka,817066,366614,24290
2/10/2021,Negeri Sembilan,1122993,493521,28513
2/10/2021,Pahang,1065410,453075,34433
2/10/2021,Perak,1720959,750304,58635
2/10/2021,Perlis,277064,153414,9873
2/10/2021,Pulau Pinang,1750501,756795,50006
2/10/2021,Sabah,1949185,659232,48293
2/10/2021,Sarawak,2129664,727455,48581
2/10/2021,Selangor,7674757,3308194,157962
2/10/2021,Terengganu,577541,276038,20978
2/10/2021,W.P. KualaLumpur,5299787,2341713,83534
2/10/2021,W.P. Labuan,96029,36336,1955
2/10/2021,W.P. Putrajaya,290998,171539,2068
3/10/2021,Johor,2955275,1301360,80083
3/10/2021,Kedah,1153043,563308,40508
3/10/2021,Kelantan,510962,266870,28404
3/10/2021,Melaka,729964,333981,18051
3/10/2021,Negeri Sembilan,1032214,462684,21657
3/10/2021,Pahang,936606,418002,25492
3/10/2021,Perak,1494647,682354,41449
3/10/2021,Perlis,232664,128780,7175
3/10/2021,Pulau Pinang,1533354,679536,35953
3/10/2021,Sabah,1773715,625329,42280
3/10/2021,Sarawak,1920930,676241,34672
3/10/2021,Selangor,7134328,3099723,115632
3/10/2021,Terengganu,581879,283148,25084
3/10/2021,W.P. KualaLumpur,4952723,2220397,62859
3/10/2021,W.P. Labuan,87345,34266,1449
3/10/2021,W.P. Putrajaya,296614,176592,1832
4/10/2021,Johor,2964804,1376462,104105
4/10/2021,Kedah,1092197,559595,44004
4/10/2021,Kelantan,468904,249386,28088
4/10/2021,Melaka,769911,358069,26926
4/10/2021,Negeri Sembilan,1027772,477862,31887
4/10/2021,Pahang,1053701,456556,39441
4/10/2021,Perak,1680033,751139,63387
4/10/2021,Perlis,284010,165530,11256
4/10/2021,Pulau Pinang,1682386,767252,56103
4/10/2021,Sabah,2060021,716042,63285
4/10/2021,Sarawak,1927724,708304,55527
4/10/2021,Selangor,6827641,3130924,181820
4/10/2021,Terengganu,547332,271194,25073
4/10/2021,W.P. KualaLumpur,4772669,2210275,100788
4/10/2021,W.P. Labuan,95151,36569,2421
4/10/2021,W.P. Putrajaya,263999,153644,3185
5/10/2021,Johor,3069859,1401148,105901
5/10/2021,Kedah,1060525,547046,43147
5/10/2021,Kelantan,486572,256335,28311
5/10/2021,Melaka,778728,361085,27371
5/10/2021,Negeri Sembilan,1033041,477330,32354
5/10/2021,Pahang,1051776,456107,40010
5/10/2021,Perak,1697966,752913,64374
5/10/2021,Perlis,266796,161103,10898
5/10/2021,Pulau Pinang,1665163,765403,55843
5/10/2021,Sabah,2076282,715459,63742
5/10/2021,Sarawak,1952664,710765,56254
5/10/2021,Selangor,6949631,3163254,185966
5/10/2021,Terengganu,545924,270006,24885
5/10/2021,W.P. KualaLumpur,4873451,2237072,103349
5/10/2021,W.P. Labuan,99795,37657,2446
5/10/2021,W.P. Putrajaya,265776,155765,3205
6/10/2021,Johor,3114382,1413493,107035
6/10/2021,Kedah,1011910,530688,42783
6/10/2021,Kelantan,483191,254210,28141
6/10/2021,Melaka,784656,362511,27596
6/10/2021,Negeri Sembilan,1041325,480457,32731
6/10/2021,Pahang,1078187,462285,40415
6/10/2021,Perak,1641291,741253,64303
6/10/2021,Perlis,257497,155828,10815
6/10/2021,Pulau Pinang,1541166,740709,55043
6/10/2021,Sabah,2052250,712029,63738
6/10/2021,Sarawak,1959054,712432,56407
6/10/2021,Selangor,7019161,3178321,187383
6/10/2021,Terengganu,541774,268460,24958
6/10/2021,W.P. KualaLumpur,4905417,2240360,103661
6/10/2021,W.P. Labuan,97473,37208,2452
6/10/2021,W.P. Putrajaya,266210,155194,3241
7/10/2021,Johor,3122320,1419549,106429
7/10/2021,Kedah,1093198,557904,43501
7/10/2021,Kelantan,512907,265304,28552
7/10/2021,Melaka,774686,361384,27522
7/10/2021,Negeri Sembilan,1035692,481205,32677
7/10/2021,Pahang,1073753,462787,40288
7/10/2021,Perak,1669288,750793,64553
7/10/2021,Perlis,275747,163407,11031
7/10/2021,Pulau Pinang,1710707,777994,56756
7/10/2021,Sabah,2084693,725178,64069
7/10/2021,Sarawak,1939127,710648,56316
7/10/2021,Selangor,6979921,3196148,186894
7/10/2021,Terengganu,560395,275012,24791
7/10/2021,W.P. KualaLumpur,4919584,2269943,103705
7/10/2021,W.P. Labuan,97868,37597,2487
7/10/2021,W.P. Putrajaya,268019,156699,3219
8/10/2021,Johor,3224708,1438421,100868
8/10/2021,Kedah,1071170,542447,33447
8/10/2021,Kelantan,425848,231156,16536
8/10/2021,Melaka,823096,374307,27207
8/10/2021,Negeri Sembilan,1105619,503797,32415
8/10/2021,Pahang,1151320,484743,39488
8/10/2021,Perak,1755700,775380,63924
8/10/2021,Perlis,292412,168610,10923
8/10/2021,Pulau Pinang,1798806,799635,56562
8/10/2021,Sabah,2164472,748585,63956
8/10/2021,Sarawak,2053016,735929,56374
8/10/2021,Selangor,7465747,3338915,185744
8/10/2021,Terengganu,459375,243159,13311
8/10/2021,W.P. KualaLumpur,5307965,2380677,103458
8/10/2021,W.P. Labuan,100838,37924,2450
8/10/2021,W.P. Putrajaya,306942,174467,3218
9/10/2021,Johor,3285163,1424682,96224
9/10/2021,Kedah,1158687,565511,40353
9/10/2021,Kelantan,515136,263406,25512
9/10/2021,Melaka,849984,375578,24650
9/10/2021,Negeri Sembilan,1144285,504070,29039
9/10/2021,Pahang,1130441,471274,34938
9/10/2021,Perak,1793329,772125,59369
9/10/2021,Perlis,277555,154959,9960
9/10/2021,Pulau Pinang,1835242,776616,50728
9/10/2021,Sabah,2128919,721367,57109
9/10/2021,Sarawak,2122098,712708,39879
9/10/2021,Selangor,7952097,3395581,159925
9/10/2021,Terengganu,569976,274818,20811
9/10/2021,W.P. KualaLumpur,5512979,2409084,84864
9/10/2021,W.P. Labuan,98410,37168,2022
9/10/2021,W.P. Putrajaya,302669,177055,2155
10/10/2021,Johor,3159479,1358168,80941
10/10/2021,Kedah,1196425,579912,41322
10/10/2021,Kelantan,521815,271431,28443
10/10/2021,Melaka,732689,337835,17568
10/10/2021,Negeri Sembilan,1017200,462720,21230
10/10/2021,Pahang,1001521,438783,25678
10/10/2021,Perak,1564604,703793,41874
10/10/2021,Perlis,230866,129068,7208
10/10/2021,Pulau Pinang,1625082,705107,36460
10/10/2021,Sabah,1913935,669004,43487
10/10/2021,Sarawak,1931036,681707,34398
10/10/2021,Selangor,7318684,3166864,116166
10/10/2021,Terengganu,574885,282766,24740
10/10/2021,W.P. KualaLumpur,5113875,2284212,63342
10/10/2021,W.P. Labuan,83656,33674,1494
10/10/2021,W.P. Putrajaya,301356,179087,1839
11/10/2021,Johor,3124739,1430604,105502
11/10/2021,Kedah,1128640,580296,44618
11/10/2021,Kelantan,491491,260987,28595
11/10/2021,Melaka,807592,373517,27090
11/10/2021,Negeri Sembilan,1055045,500785,31714
11/10/2021,Pahang,1150652,497685,40132
11/10/2021,Perak,1737771,778822,63723
11/10/2021,Perlis,290047,171596,11186
11/10/2021,Pulau Pinang,1764438,800057,56415
11/10/2021,Sabah,2085578,734560,63443
11/10/2021,Sarawak,1860312,699678,54926
11/10/2021,Selangor,6976002,3194694,181876
11/10/2021,Terengganu,544093,274231,24760
11/10/2021,W.P. KualaLumpur,4875397,2255243,101375
11/10/2021,W.P. Labuan,93459,36503,2391
11/10/2021,W.P. Putrajaya,267168,157027,3207
12/10/2021,Johor,3117664,1437040,107041
12/10/2021,Kedah,1128258,583634,44558
12/10/2021,Kelantan,497326,263004,28587
12/10/2021,Melaka,797542,374004,27577
12/10/2021,Negeri Sembilan,1040377,496481,31910
12/10/2021,Pahang,1155003,501590,40794
12/10/2021,Perak,1737657,782953,64885
12/10/2021,Perlis,289041,171502,11260
12/10/2021,Pulau Pinang,1769511,802782,56727
12/10/2021,Sabah,1888373,688575,60850
12/10/2021,Sarawak,1878515,703327,55770
12/10/2021,Selangor,7007988,3214834,185987
12/10/2021,Terengganu,540418,273356,24556
12/10/2021,W.P. KualaLumpur,4907337,2252759,103626
12/10/2021,W.P. Labuan,89386,35895,2441
12/10/2021,W.P. Putrajaya,269238,158603,3200
13/10/2021,Johor,3195019,1451401,107687
13/10/2021,Kedah,1145046,587232,45023
13/10/2021,Kelantan,508814,269098,28768
13/10/2021,Melaka,826211,383328,27704
13/10/2021,Negeri Sembilan,1059595,502766,32164
13/10/2021,Pahang,1180797,508437,40806
13/10/2021,Perak,1780023,794439,65069
13/10/2021,Perlis,291057,172138,11355
13/10/2021,Pulau Pinang,1797502,814573,57196
13/10/2021,Sabah,2062570,728862,63780
13/10/2021,Sarawak,1915115,707985,55851
13/10/2021,Selangor,6983295,3197886,184641
13/10/2021,Terengganu,555947,280444,24871
13/10/2021,W.P. KualaLumpur,4958602,2252854,103040
13/10/2021,W.P. Labuan,93906,37096,2429
13/10/2021,W.P. Putrajaya,266779,155878,3249
14/10/2021,Johor,3165982,1452416,107374
14/10/2021,Kedah,1146183,588377,45004
14/10/2021,Kelantan,534506,281268,28991
14/10/2021,Melaka,822163,384610,27861
14/10/2021,Negeri Sembilan,1056644,511150,32437
14/10/2021,Pahang,1200678,522932,40803
14/10/2021,Perak,1776946,804571,65211
14/10/2021,Perlis,292867,174162,11368
14/10/2021,Pulau Pinang,1781308,816296,56974
14/10/2021,Sabah,2027995,727844,63687
14/10/2021,Sarawak,1827162,695800,55378
14/10/2021,Selangor,6880510,3187595,182581
14/10/2021,Terengganu,577983,290494,24763
14/10/2021,W.P. KualaLumpur,4866293,2241938,101635
14/10/2021,W.P. Labuan,92308,36730,2448
14/10/2021,W.P. Putrajaya,266986,155992,3189
15/10/2021,Johor,3236860,1464368,101327
15/10/2021,Kedah,1086684,564089,33418
15/10/2021,Kelantan,453981,254747,16686
15/10/2021,Melaka,897921,413013,27726
15/10/2021,Negeri Sembilan,1134156,541931,31937
15/10/2021,Pahang,1330705,567057,39849
15/10/2021,Perak,1884470,847246,64608
15/10/2021,Perlis,318003,184259,11023
15/10/2021,Pulau Pinang,1894404,847720,57510
15/10/2021,Sabah,2132315,751078,63613
15/10/2021,Sarawak,1969883,728687,55931
15/10/2021,Selangor,7292567,3313889,181104
15/10/2021,Terengganu,465514,255549,13349
15/10/2021,W.P. KualaLumpur,5211472,2354734,101383
15/10/2021,W.P. Labuan,99242,38557,2415
15/10/2021,W.P. Putrajaya,294833,170452,3139
16/10/2021,Johor,3345209,1475718,96587
16/10/2021,Kedah,1162954,589627,39943
16/10/2021,Kelantan,573505,293810,25951
16/10/2021,Melaka,945924,428832,24898
16/10/2021,Negeri Sembilan,1199899,569043,28591
16/10/2021,Pahang,1342746,566491,34718
16/10/2021,Perak,1962594,864616,59340
16/10/2021,Perlis,294144,168321,9812
16/10/2021,Pulau Pinang,1874203,812006,51000
16/10/2021,Sabah,2093927,723893,56593
16/10/2021,Sarawak,2034870,722741,47919
16/10/2021,Selangor,7478370,3292678,154853
16/10/2021,Terengganu,577884,292746,20423
16/10/2021,W.P. KualaLumpur,5275644,2328098,83128
16/10/2021,W.P. Labuan,93370,36534,2005
16/10/2021,W.P. Putrajaya,261388,158368,2039
17/10/2021,Johor,3222185,1409884,81169
17/10/2021,Kedah,1217809,611333,40785
17/10/2021,Kelantan,566795,295874,28899
17/10/2021,Melaka,822621,388599,18076
17/10/2021,Negeri Sembilan,1079249,530570,21073
17/10/2021,Pahang,1195123,527186,25385
17/10/2021,Perak,1674605,777226,41773
17/10/2021,Perlis,249269,143565,6988
17/10/2021,Pulau Pinang,1648072,729701,36461
17/10/2021,Sabah,1898309,673065,43275
17/10/2021,Sarawak,1997323,710375,34437
17/10/2021,Selangor,6684131,3020168,112191
17/10/2021,Terengganu,603115,302591,24472
17/10/2021,W.P. KualaLumpur,4819394,2174248,62095
17/10/2021,W.P. Labuan,83083,33999,1491
17/10/2021,W.P. Putrajaya,256180,157698,1791
18/10/2021,Johor,3241684,1473837,105611
18/10/2021,Kedah,1224846,618937,45044
18/10/2021,Kelantan,571726,297704,29590
18/10/2021,Melaka,847483,396673,27099
18/10/2021,Negeri Sembilan,1051049,511631,31041
18/10/2021,Pahang,1277565,542633,39427
18/10/2021,Perak,1920513,845702,64013
18/10/2021,Perlis,307455,178205,11075
18/10/2021,Pulau Pinang,1866367,830537,57192
18/10/2021,Sabah,2072907,732330,62740
18/10/2021,Sarawak,1936702,723581,54527
18/10/2021,Selangor,6855046,3164918,177532
18/10/2021,Terengganu,583036,293974,24892
18/10/2021,W.P. KualaLumpur,4888154,2252850,99553
18/10/2021,W.P. Labuan,91135,36380,2358
18/10/2021,W.P. Putrajaya,254631,151653,3066
19/10/2021,Johor,3100158,1414833,92839
19/10/2021,Kedah,1056999,549900,37737
19/10/2021,Kelantan,503129,266307,24522
19/10/2021,Melaka,838955,389435,23524
19/10/2021,Negeri Sembilan,1030043,503916,26148
19/10/2021,Pahang,1214717,525461,32851
19/10/2021,Perak,1701214,783030,56183
19/10/2021,Perlis,276978,163816,9401
19/10/2021,Pulau Pinang,1680498,769527,48813
19/10/2021,Sabah,1744407,638286,45281
19/10/2021,Sarawak,1700683,643296,37797
19/10/2021,Selangor,6770425,3069726,140429
19/10/2021,Terengganu,503272,264494,19163
19/10/2021,W.P. KualaLumpur,4612143,2120700,76069
19/10/2021,W.P. Labuan,68649,29771,1489
19/10/2021,W.P. Putrajaya,252972,152444,1868
20/10/2021,Johor,3097920,1432515,106673
20/10/2021,Kedah,1088849,570884,44127
20/10/2021,Kelantan,534531,281803,28915
20/10/2021,Melaka,697273,353754,26187
20/10/2021,Negeri Sembilan,893705,460781,30626
20/10/2021,Pahang,1187860,514275,40046
20/10/2021,Perak,1666825,767833,63676
20/10/2021,Perlis,279648,169003,11122
20/10/2021,Pulau Pinang,1735100,800439,57728
20/10/2021,Sabah,1937785,710894,62629
20/10/2021,Sarawak,1916209,721049,55666
20/10/2021,Selangor,6006795,2957819,178090
20/10/2021,Terengganu,552872,281657,24380
20/10/2021,W.P. KualaLumpur,4363169,2093385,101255
20/10/2021,W.P. Labuan,85808,35446,2449
20/10/2021,W.P. Putrajaya,231595,141780,3144
21/10/2021,Johor,3178580,1463731,107807
21/10/2021,Kedah,1201421,609555,44816
21/10/2021,Kelantan,533642,285451,28155
21/10/2021,Melaka,800168,380882,26575
21/10/2021,Negeri Sembilan,1034476,501642,31850
21/10/2021,Pahang,1217296,525931,40503
21/10/2021,Perak,1851956,820868,65344
21/10/2021,Perlis,301668,178515,11285
21/10/2021,Pulau Pinang,1853323,835456,58601
21/10/2021,Sabah,1987368,718039,63224
21/10/2021,Sarawak,1841122,708627,55417
21/10/2021,Selangor,6918229,3216603,184819
21/10/2021,Terengganu,557685,284626,24014
21/10/2021,W.P. KualaLumpur,4859530,2263930,103363
21/10/2021,W.P. Labuan,86140,35394,2424
21/10/2021,W.P. Putrajaya,253233,153018,3170
22/10/2021,Johor,3236593,1468949,101772
22/10/2021,Kedah,1098126,568453,33332
22/10/2021,Kelantan,472815,263546,16569
22/10/2021,Melaka,877677,406197,27474
22/10/2021,Negeri Sembilan,1078086,521386,31841
22/10/2021,Pahang,1305643,555524,39270
22/10/2021,Perak,1894722,848926,64962
22/10/2021,Perlis,321477,187596,10960
22/10/2021,Pulau Pinang,1956669,864358,58779
22/10/2021,Sabah,2055340,737119,63142
22/10/2021,Sarawak,1897869,719897,55206
22/10/2021,Selangor,7255055,3324398,184078
22/10/2021,Terengganu,445600,248315,13012
22/10/2021,W.P. KualaLumpur,5208905,2356922,103021
22/10/2021,W.P. Labuan,92192,36700,2380
22/10/2021,W.P. Putrajaya,285465,167651,3130
23/10/2021,Johor,3376926,1488229,96997
23/10/2021,Kedah,1182274,594369,40164
23/10/2021,Kelantan,545736,285174,25253
23/10/2021,Melaka,961016,426465,25010
23/10/2021,Negeri Sembilan,1140443,544428,28482
23/10/2021,Pahang,1335130,560099,34827
23/10/2021,Perak,1976913,863009,59948
23/10/2021,Perlis,309229,175759,9753
23/10/2021,Pulau Pinang,1967673,840631,51711
23/10/2021,Sabah,1995202,705298,55600
23/10/2021,Sarawak,1986857,715256,47878
23/10/2021,Selangor,7187230,3226630,155378
23/10/2021,Terengganu,552592,281466,20270
23/10/2021,W.P. KualaLumpur,5022705,2270221,83434
23/10/2021,W.P. Labuan,85003,34260,1985
23/10/2021,W.P. Putrajaya,251330,152617,2050
24/10/2021,Johor,3349416,1447055,83026
24/10/2021,Kedah,1232957,616540,41032
24/10/2021,Kelantan,567593,297554,28783
24/10/2021,Melaka,836400,386199,18196
24/10/2021,Negeri Sembilan,1039982,511937,20858
24/10/2021,Pahang,1220999,536177,25715
24/10/2021,Perak,1764349,800970,42280
24/10/2021,Perlis,256305,146716,6953
24/10/2021,Pulau Pinang,1713847,757189,37125
24/10/2021,Sabah,1874783,672593,42704
24/10/2021,Sarawak,1948850,703163,34413
24/10/2021,Selangor,6796264,3074087,113175
24/10/2021,Terengganu,585400,295899,24330
24/10/2021,W.P. KualaLumpur,4868170,2210242,62458
24/10/2021,W.P. Labuan,76333,31984,1480
24/10/2021,W.P. Putrajaya,259361,160829,1800
25/10/2021,Johor,3287666,1482819,106706
25/10/2021,Kedah,1199598,605879,44341
25/10/2021,Kelantan,549353,288270,28622
25/10/2021,Melaka,854731,389592,27203
25/10/2021,Negeri Sembilan,1043289,504001,31077
25/10/2021,Pahang,1256137,529861,39562
25/10/2021,Perak,1845813,819318,63576
25/10/2021,Perlis,304651,178586,11015
25/10/2021,Pulau Pinang,1878710,837055,57368
25/10/2021,Sabah,2125006,742880,62406
25/10/2021,Sarawak,1928245,718883,54352
25/10/2021,Selangor,6888367,3202357,179571
25/10/2021,Terengganu,573691,287672,24228
25/10/2021,W.P. KualaLumpur,4879033,2287084,100529
25/10/2021,W.P. Labuan,93070,36202,2359
25/10/2021,W.P. Putrajaya,264813,157123,3188
26/10/2021,Johor,3367765,1498811,109106
26/10/2021,Kedah,1167829,592514,44383
26/10/2021,Kelantan,554196,288132,28549
26/10/2021,Melaka,846336,387487,27715
26/10/2021,Negeri Sembilan,1046584,498937,31695
26/10/2021,Pahang,1234392,521294,40254
26/10/2021,Perak,1838081,809285,65053
26/10/2021,Perlis,304736,179045,11265
26/10/2021,Pulau Pinang,1869308,836065,58384
26/10/2021,Sabah,2049517,726484,62711
26/10/2021,Sarawak,1938879,719685,55121
26/10/2021,Selangor,7011185,3227934,184326
26/10/2021,Terengganu,564096,283531,24218
26/10/2021,W.P. KualaLumpur,4987807,2296856,103345
26/10/2021,W.P. Labuan,91897,36057,2410
26/10/2021,W.P. Putrajaya,272263,160480,3207
27/10/2021,Johor,3342012,1484348,109096
27/10/2021,Kedah,1190078,597913,44822
27/10/2021,Kelantan,529851,279111,28253
27/10/2021,Melaka,849073,385971,27600
27/10/2021,Negeri Sembilan,1034019,494016,31763
27/10/2021,Pahang,1236462,520991,40349
27/10/2021,Perak,1825184,806121,64742
27/10/2021,Perlis,297710,176022,11246
27/10/2021,Pulau Pinang,1885259,837082,58786
27/10/2021,Sabah,1999519,706431,62510
27/10/2021,Sarawak,1953731,718197,55584
27/10/2021,Selangor,7008382,3215881,183901
27/10/2021,Terengganu,561457,281937,24051
27/10/2021,W.P. KualaLumpur,5019460,2302260,103314
27/10/2021,W.P. Labuan,89277,35034,2367
27/10/2021,W.P. Putrajaya,262342,157767,3194
28/10/2021,Johor,3329656,1493461,108882
28/10/2021,Kedah,1174005,592740,44618
28/10/2021,Kelantan,566907,296073,28418
28/10/2021,Melaka,852339,389209,27947
28/10/2021,Negeri Sembilan,1043574,504067,31972
28/10/2021,Pahang,1237201,529524,40151
28/10/2021,Perak,1827845,814712,65217
28/10/2021,Perlis,300688,178935,11217
28/10/2021,Pulau Pinang,1881397,841440,58817
28/10/2021,Sabah,2021964,718878,62637
28/10/2021,Sarawak,1826589,699778,54173
28/10/2021,Selangor,7048624,3247275,184656
28/10/2021,Terengganu,571019,287980,23857
28/10/2021,W.P. KualaLumpur,4992298,2311082,103200
28/10/2021,W.P. Labuan,86697,34975,2349
28/10/2021,W.P. Putrajaya,271437,162567,3218
29/10/2021,Johor,3510622,1524406,102579
29/10/2021,Kedah,1179556,589987,33304
29/10/2021,Kelantan,506353,275798,16411
29/10/2021,Melaka,944701,422391,27811
29/10/2021,Negeri Sembilan,1125420,537722,31660
29/10/2021,Pahang,1379408,577053,39488
29/10/2021,Perak,1951770,861133,64601
29/10/2021,Perlis,335521,193005,10820
29/10/2021,Pulau Pinang,2041478,883381,58502
29/10/2021,Sabah,2160465,750025,63056
29/10/2021,Sarawak,2064784,750996,55551
29/10/2021,Selangor,7554395,3399509,183209
29/10/2021,Terengganu,475221,259551,12966
29/10/2021,W.P. KualaLumpur,5483682,2462426,102769
29/10/2021,W.P. Labuan,96059,36916,2365
29/10/2021,W.P. Putrajaya,302263,178788,3133
30/10/2021,Johor,3616160,1523816,97342
30/10/2021,Kedah,1161782,585488,38292
30/10/2021,Kelantan,577714,298695,24710
30/10/2021,Melaka,1025381,444721,24839
30/10/2021,Negeri Sembilan,1189133,560054,28181
30/10/2021,Pahang,1422604,585359,34569
30/10/2021,Perak,1991832,867397,58645
30/10/2021,Perlis,306155,174004,9461
30/10/2021,Pulau Pinang,1939368,829929,50425
30/10/2021,Sabah,2202476,739472,55935
30/10/2021,Sarawak,2234566,760714,47940
30/10/2021,Selangor,7741411,3379375,154862
30/10/2021,Terengganu,593001,294156,19962
30/10/2021,W.P. KualaLumpur,5542990,2435908,83318
30/10/2021,W.P. Labuan,96680,36221,1961
30/10/2021,W.P. Putrajaya,285889,170812,2049
31/10/2021,Johor,3551533,1482418,82831
31/10/2021,Kedah,1367345,658059,40837
31/10/2021,Kelantan,597913,310843,28696
31/10/2021,Melaka,935834,418759,18368
31/10/2021,Negeri Sembilan,1154988,545578,21014
31/10/2021,Pahang,1313411,562255,25482
31/10/2021,Perak,2013017,868910,42965
31/10/2021,Perlis,286008,158662,6959
31/10/2021,Pulau Pinang,1969189,819917,37293
31/10/2021,Sabah,1984525,693229,42507
31/10/2021,Sarawak,2136544,736842,34393
31/10/2021,Selangor,7562788,3268227,114079
31/10/2021,Terengganu,606741,303116,24066
31/10/2021,W.P. KualaLumpur,5382644,2394356,62517
31/10/2021,W.P. Labuan,86295,33516,1433
31/10/2021,W.P. Putrajaya,297542,181770,1834
1/11/2021,Johor,3371716,1490638,107192
1/11/2021,Kedah,1230452,612751,44808
1/11/2021,Kelantan,562678,295382,28952
1/11/2021,Melaka,804417,377011,26446
1/11/2021,Negeri Sembilan,1018681,492592,30604
1/11/2021,Pahang,1273108,534776,39288
1/11/2021,Perak,1949894,840785,64604
1/11/2021,Perlis,308934,181990,10977
1/11/2021,Pulau Pinang,1987402,859551,58287
1/11/2021,Sabah,2097437,741473,62370
1/11/2021,Sarawak,2027626,744360,54463
1/11/2021,Selangor,6760105,3160646,177902
1/11/2021,Terengganu,574146,288199,24051
1/11/2021,W.P. KualaLumpur,4881900,2281541,99804
1/11/2021,W.P. Labuan,91238,35808,2288
1/11/2021,W.P. Putrajaya,258328,156711,3119
2/11/2021,Johor,3375493,1491627,108420
2/11/2021,Kedah,1246998,616743,44574
2/11/2021,Kelantan,549122,292644,27897
2/11/2021,Melaka,877851,396805,27551
2/11/2021,Negeri Sembilan,1104354,512423,31411
2/11/2021,Pahang,1249548,530430,39487
2/11/2021,Perak,2004336,851606,65815
2/11/2021,Perlis,313027,182191,11165
2/11/2021,Pulau Pinang,1973002,858146,58674
2/11/2021,Sabah,2125234,742237,63138
2/11/2021,Sarawak,2031953,740571,55002
2/11/2021,Selangor,7487277,3332015,184474
2/11/2021,Terengganu,546589,279264,23300
2/11/2021,W.P. KualaLumpur,5355776,2405887,103162
2/11/2021,W.P. Labuan,88220,34742,2350
2/11/2021,W.P. Putrajaya,271547,163898,3168
3/11/2021,Johor,3737524,1567671,108992
3/11/2021,Kedah,1311908,637186,44272
3/11/2021,Kelantan,587165,309494,27801
3/11/2021,Melaka,961219,422654,27626
3/11/2021,Negeri Sembilan,1165059,533791,30934
3/11/2021,Pahang,1369230,569696,39499
3/11/2021,Perak,2139747,897604,64612
3/11/2021,Perlis,326014,186107,11048
3/11/2021,Pulau Pinang,2077492,884924,58566
3/11/2021,Sabah,2255252,759536,62814
3/11/2021,Sarawak,2072225,747664,55679
3/11/2021,Selangor,7639936,3373240,180425
3/11/2021,Terengganu,594274,298933,23197
3/11/2021,W.P. KualaLumpur,5502422,2466121,101603
3/11/2021,W.P. Labuan,95849,36094,2326
3/11/2021,W.P. Putrajaya,277533,166914,3114
4/11/2021,Johor,3409000,1435235,83574
4/11/2021,Kedah,1167385,580657,34160
4/11/2021,Kelantan,626746,323595,25039
4/11/2021,Melaka,938769,420204,21449
4/11/2021,Negeri Sembilan,1030381,508043,21736
4/11/2021,Pahang,1374909,582020,30675
4/11/2021,Perak,1913901,853067,48916
4/11/2021,Perlis,306809,169307,8415
4/11/2021,Pulau Pinang,1844411,796105,41863
4/11/2021,Sabah,2064215,702726,47656
4/11/2021,Sarawak,2006774,741644,54603
4/11/2021,Selangor,6844191,3078683,116286
4/11/2021,Terengganu,607154,307945,19787
4/11/2021,W.P. KualaLumpur,5013442,2286130,65493
4/11/2021,W.P. Labuan,80384,32032,1522
4/11/2021,W.P. Putrajaya,275198,165307,1812
5/11/2021,Johor,3433523,1498347,98355
5/11/2021,Kedah,1201395,598609,31361
5/11/2021,Kelantan,572360,308655,16705
5/11/2021,Melaka,1025310,450403,26679
5/11/2021,Negeri Sembilan,1104498,532497,28178
5/11/2021,Pahang,1451254,599567,36818
5/11/2021,Perak,1834575,821512,44335
5/11/2021,Perlis,352378,196544,10179
5/11/2021,Pulau Pinang,2072463,886165,55577
5/11/2021,Sabah,2279208,767088,62218
5/11/2021,Sarawak,2169906,771374,55139
5/11/2021,Selangor,7111872,3241734,166405
5/11/2021,Terengganu,515241,278708,12692
5/11/2021,W.P. KualaLumpur,5307230,2400016,95554
5/11/2021,W.P. Labuan,93088,35291,2269
5/11/2021,W.P. Putrajaya,288889,168360,2901
6/11/2021,Johor,3757821,1565239,95636
6/11/2021,Kedah,1278308,629050,38175
6/11/2021,Kelantan,652451,334454,25348
6/11/2021,Melaka,1071268,472386,24555
6/11/2021,Negeri Sembilan,1183583,570143,26421
6/11/2021,Pahang,1490680,622393,33398
6/11/2021,Perak,2148471,926925,54666
6/11/2021,Perlis,327827,184090,9433
6/11/2021,Pulau Pinang,2072744,871387,50025
6/11/2021,Sabah,2250684,752750,55550
6/11/2021,Sarawak,2248006,766165,47834
6/11/2021,Selangor,7593797,3341925,147588
6/11/2021,Terengganu,649249,323154,20034
6/11/2021,W.P. KualaLumpur,5509501,2435677,80482
6/11/2021,W.P. Labuan,86726,33677,1902
6/11/2021,W.P. Putrajaya,267933,162929,1951
7/11/2021,Johor,3699370,1521626,81210
7/11/2021,Kedah,1301325,641267,39393
7/11/2021,Kelantan,610563,321148,28216
7/11/2021,Melaka,917504,420625,18192
7/11/2021,Negeri Sembilan,1047834,526704,19959
7/11/2021,Pahang,1313897,575284,24864
7/11/2021,Perak,1948074,880566,41438
7/11/2021,Perlis,272982,155223,6718
7/11/2021,Pulau Pinang,1882457,805893,36583
7/11/2021,Sabah,2155349,730767,43288
7/11/2021,Sarawak,2092891,731635,34005
7/11/2021,Selangor,7005050,3147017,110052
7/11/2021,Terengganu,640768,319248,23359
7/11/2021,W.P. KualaLumpur,4999557,2297443,60951
7/11/2021,W.P. Labuan,76425,31482,1386
7/11/2021,W.P. Putrajaya,264469,164122,1741
8/11/2021,Johor,2475537,1121118,97930
8/11/2021,Kedah,844971,439852,38558
8/11/2021,Kelantan,394896,216516,24182
8/11/2021,Melaka,665416,306695,24793
8/11/2021,Negeri Sembilan,744816,373553,27124
8/11/2021,Pahang,919551,418326,34421
8/11/2021,Perak,1382459,641535,56618
8/11/2021,Perlis,206032,122555,9579
8/11/2021,Pulau Pinang,1362147,623353,52055
8/11/2021,Sabah,1460857,557916,55037
8/11/2021,Sarawak,1450394,552137,48674
8/11/2021,Selangor,5109272,2475244,161208
8/11/2021,Terengganu,398897,214586,20366
8/11/2021,W.P. KualaLumpur,3731657,1808430,92622
8/11/2021,W.P. Labuan,60656,26015,2021
8/11/2021,W.P. Putrajaya,189777,116355,2831
9/11/2021,Johor,3066664,1350080,107403
9/11/2021,Kedah,1056250,536436,42564
9/11/2021,Kelantan,504628,264082,27436
9/11/2021,Melaka,789245,356328,27150
9/11/2021,Negeri Sembilan,898532,439574,29875
9/11/2021,Pahang,1144598,485958,38815
9/11/2021,Perak,1702948,753244,63116
9/11/2021,Perlis,254078,153342,10517
9/11/2021,Pulau Pinang,1744184,774967,57313
9/11/2021,Sabah,1848076,669962,60337
9/11/2021,Sarawak,1868901,690695,54005
9/11/2021,Selangor,6394825,2980824,179450
9/11/2021,Terengganu,510559,257391,23031
9/11/2021,W.P. KualaLumpur,4658183,2169041,101162
9/11/2021,W.P. Labuan,78723,31591,2269
9/11/2021,W.P. Putrajaya,231539,141951,3068
10/11/2021,Johor,3240954,1465502,108251
10/11/2021,Kedah,1186345,600266,43778
10/11/2021,Kelantan,405830,230759,22770
10/11/2021,Melaka,844510,388063,27324
10/11/2021,Negeri Sembilan,997347,485205,30920
10/11/2021,Pahang,1240902,523990,40073
10/11/2021,Perak,1943999,838449,65549
10/11/2021,Perlis,300240,178602,10865
10/11/2021,Pulau Pinang,1980526,863160,59035
10/11/2021,Sabah,2213779,761116,63939
10/11/2021,Sarawak,1993409,735872,55160
10/11/2021,Selangor,7008996,3229027,183064
10/11/2021,Terengganu,483473,254288,21723
10/11/2021,W.P. KualaLumpur,5002548,2297875,102161
10/11/2021,W.P. Labuan,90787,35680,2372
10/11/2021,W.P. Putrajaya,246936,151180,3156
11/11/2021,Johor,3417334,1517851,109837
11/11/2021,Kedah,1200383,607181,44744
11/11/2021,Kelantan,447538,243969,19097
11/11/2021,Melaka,863803,397501,27772
11/11/2021,Negeri Sembilan,995605,491617,31167
11/11/2021,Pahang,1220882,526541,40021
11/11/2021,Perak,1863060,827102,65470
11/11/2021,Perlis,301728,181054,11086
11/11/2021,Pulau Pinang,1945996,862778,59415
11/11/2021,Sabah,2076200,736181,63319
11/11/2021,Sarawak,1906898,725833,54648
11/11/2021,Selangor,6989000,3273190,183847
11/11/2021,Terengganu,553582,282808,22814
11/11/2021,W.P. KualaLumpur,5045627,2336057,102502
11/11/2021,W.P. Labuan,84225,34137,2354
11/11/2021,W.P. Putrajaya,254503,154364,3138
12/11/2021,Johor,3521331,1534700,103089
12/11/2021,Kedah,1128437,573825,32840
12/11/2021,Kelantan,423887,240466,14958
12/11/2021,Melaka,912189,420211,27539
12/11/2021,Negeri Sembilan,1075246,526055,31179
12/11/2021,Pahang,1345213,565925,39454
12/11/2021,Perak,1897042,851396,64316
12/11/2021,Perlis,319544,186850,10654
12/11/2021,Pulau Pinang,1904968,859047,57340
12/11/2021,Sabah,2030555,733483,62264
12/11/2021,Sarawak,1954573,738918,54858
12/11/2021,Selangor,7387579,3397192,182327
12/11/2021,Terengganu,436148,240693,12243
12/11/2021,W.P. KualaLumpur,5413790,2436671,102471
12/11/2021,W.P. Labuan,87241,35030,2267
12/11/2021,W.P. Putrajaya,285128,170165,3063
13/11/2021,Johor,3683492,1554412,98433
13/11/2021,Kedah,1159613,581940,38279
13/11/2021,Kelantan,501612,268420,23064
13/11/2021,Melaka,1020129,446936,25199
13/11/2021,Negeri Sembilan,1151864,555372,28199
13/11/2021,Pahang,1376120,571155,34451
13/11/2021,Perak,1990341,871535,58974
13/11/2021,Perlis,286586,166536,9209
13/11/2021,Pulau Pinang,1908905,828562,50275
13/11/2021,Sabah,2171865,736769,55599
13/11/2021,Sarawak,2095461,744414,47467
13/11/2021,Selangor,7816434,3436507,156890
13/11/2021,Terengganu,546550,276403,19147
13/11/2021,W.P. KualaLumpur,5519358,2431437,83476
13/11/2021,W.P. Labuan,87018,34118,1893
13/11/2021,W.P. Putrajaya,269488,163630,2123
14/11/2021,Johor,3589985,1502097,84481
14/11/2021,Kedah,1275801,632839,40639
14/11/2021,Kelantan,534996,284960,27304
14/11/2021,Melaka,910762,410268,18586
14/11/2021,Negeri Sembilan,1063251,525844,20827
14/11/2021,Pahang,1264450,546633,25360
14/11/2021,Perak,1908267,844337,42640
14/11/2021,Perlis,261880,149739,6770
14/11/2021,Pulau Pinang,1925466,813296,37260
14/11/2021,Sabah,2037169,706968,42692
14/11/2021,Sarawak,1997109,721480,33959
14/11/2021,Selangor,7318800,3252304,114208
14/11/2021,Terengganu,572974,289046,23313
14/11/2021,W.P. KualaLumpur,5186176,2337584,62348
14/11/2021,W.P. Labuan,76164,31597,1404
14/11/2021,W.P. Putrajaya,269984,167296,1807
15/11/2021,Johor,3213463,1469225,106858
15/11/2021,Kedah,1146802,590082,43897
15/11/2021,Kelantan,470621,258827,27012
15/11/2021,Melaka,836397,387337,26880
15/11/2021,Negeri Sembilan,972576,483366,30386
15/11/2021,Pahang,1193453,514862,39051
15/11/2021,Perak,1804290,811138,63797
15/11/2021,Perlis,292758,176047,10926
15/11/2021,Pulau Pinang,1891759,842439,57772
15/11/2021,Sabah,2018414,729438,61680
15/11/2021,Sarawak,1833371,711960,53495
15/11/2021,Selangor,6810318,3202526,178922
15/11/2021,Terengganu,504809,263203,23071
15/11/2021,W.P. KualaLumpur,4875734,2269604,99935
15/11/2021,W.P. Labuan,81406,33664,2211
15/11/2021,W.P. Putrajaya,238525,147396,3160
16/11/2021,Johor,3262367,1482856,109146
16/11/2021,Kedah,1112730,576894,43641
16/11/2021,Kelantan,482308,261246,27713
16/11/2021,Melaka,831198,388621,27573
16/11/2021,Negeri Sembilan,936981,470275,30705
16/11/2021,Pahang,1162886,502667,39639
16/11/2021,Perak,1712005,782246,64354
16/11/2021,Perlis,290010,176029,11021
16/11/2021,Pulau Pinang,1866787,837240,58743
16/11/2021,Sabah,1991693,718591,62157
16/11/2021,Sarawak,1846170,715849,54242
16/11/2021,Selangor,6642241,3172322,181476
16/11/2021,Terengganu,501518,260329,23226
16/11/2021,W.P. KualaLumpur,4766390,2235915,101407
16/11/2021,W.P. Labuan,81926,33832,2330
16/11/2021,W.P. Putrajaya,239422,147534,3153
17/11/2021,Johor,3329886,1492606,109976
17/11/2021,Kedah,1092495,573335,43787
17/11/2021,Kelantan,481443,260830,27544
17/11/2021,Melaka,842375,389729,27811
17/11/2021,Negeri Sembilan,993456,485058,31345
17/11/2021,Pahang,1198498,510644,39897
17/11/2021,Perak,1830920,807049,65078
17/11/2021,Perlis,275012,170064,10888
17/11/2021,Pulau Pinang,1850516,833471,58602
17/11/2021,Sabah,2028194,728305,62888
17/11/2021,Sarawak,1926172,727096,54983
17/11/2021,Selangor,6901896,3217122,183105
17/11/2021,Terengganu,509612,264029,23236
17/11/2021,W.P. KualaLumpur,4964347,2277112,102224
17/11/2021,W.P. Labuan,82740,34083,2280
17/11/2021,W.P. Putrajaya,245318,150720,3185
18/11/2021,Johor,3153119,1462503,108777
18/11/2021,Kedah,1046917,558933,42753
18/11/2021,Kelantan,478824,262975,26972
18/11/2021,Melaka,824556,388012,27822
18/11/2021,Negeri Sembilan,945616,475158,31179
18/11/2021,Pahang,1168226,509495,39801
18/11/2021,Perak,1768454,798913,65190
18/11/2021,Perlis,271425,169300,10741
18/11/2021,Pulau Pinang,1797207,825626,58326
18/11/2021,Sabah,1978751,722538,62650
18/11/2021,Sarawak,1823174,711898,54385
18/11/2021,Selangor,6730606,3191172,184143
18/11/2021,Terengganu,503541,263932,23048
18/11/2021,W.P. KualaLumpur,4879197,2265359,102611
18/11/2021,W.P. Labuan,80637,33803,2309
18/11/2021,W.P. Putrajaya,242587,149653,3118
19/11/2021,Johor,3448769,1524185,103673
19/11/2021,Kedah,1160901,588402,33019
19/11/2021,Kelantan,456412,256049,15713
19/11/2021,Melaka,941464,428537,28002
19/11/2021,Negeri Sembilan,1028826,511667,30994
19/11/2021,Pahang,1297457,552344,39284
19/11/2021,Perak,1927500,858192,65486
19/11/2021,Perlis,327653,191746,10763
19/11/2021,Pulau Pinang,2071306,897233,59037
19/11/2021,Sabah,2113931,751198,63057
19/11/2021,Sarawak,1920550,735078,54790
19/11/2021,Selangor,7319603,3381485,183086
19/11/2021,Terengganu,430942,238700,12473
19/11/2021,W.P. KualaLumpur,5356572,2414758,102239
19/11/2021,W.P. Labuan,87206,35343,2286
19/11/2021,W.P. Putrajaya,281416,168404,3080
20/11/2021,Johor,3465954,1506541,96767
20/11/2021,Kedah,1194762,600006,39061
20/11/2021,Kelantan,505541,270601,23922
20/11/2021,Melaka,1145686,489128,22102
20/11/2021,Negeri Sembilan,1104543,538923,27618
20/11/2021,Pahang,1317508,555439,34129
20/11/2021,Perak,1979398,870623,59286
20/11/2021,Perlis,289266,168320,9367
20/11/2021,Pulau Pinang,2040550,861617,51682
20/11/2021,Sabah,2084019,728880,55168
20/11/2021,Sarawak,2026667,733497,46952
20/11/2021,Selangor,7355451,3315036,154889
20/11/2021,Terengganu,530101,269861,19365
20/11/2021,W.P. KualaLumpur,5213117,2333571,82106
20/11/2021,W.P. Labuan,81979,33085,1868
20/11/2021,W.P. Putrajaya,252330,154621,2015
21/11/2021,Johor,3420978,1467645,83083
21/11/2021,Kedah,1228999,619467,40500
21/11/2021,Kelantan,511086,275429,27330
21/11/2021,Melaka,830345,389932,17618
21/11/2021,Negeri Sembilan,985725,501423,20181
21/11/2021,Pahang,1203230,528520,25143
21/11/2021,Perak,1829927,831393,42050
21/11/2021,Perlis,260617,149573,6761
21/11/2021,Pulau Pinang,1859231,798800,37204
21/11/2021,Sabah,1969109,702456,42205
21/11/2021,Sarawak,1986952,720341,33857
21/11/2021,Selangor,6881839,3138823,112431
21/11/2021,Terengganu,546682,281130,23109
21/11/2021,W.P. KualaLumpur,4974101,2257271,61564
21/11/2021,W.P. Labuan,71982,30732,1371
21/11/2021,W.P. Putrajaya,257838,160706,1797
22/11/2021,Johor,3250425,1480084,107141
22/11/2021,Kedah,1108246,576172,43318
22/11/2021,Kelantan,478940,260191,27283
22/11/2021,Melaka,809451,378634,26410
22/11/2021,Negeri Sembilan,958351,478916,29940
22/11/2021,Pahang,1178568,509884,38667
22/11/2021,Perak,1767128,804478,63119
22/11/2021,Perlis,284688,172697,10739
22/11/2021,Pulau Pinang,1829607,832654,57138
22/11/2021,Sabah,1902897,711729,61287
22/11/2021,Sarawak,1807793,708849,53055
22/11/2021,Selangor,6658548,3149214,177635
22/11/2021,Terengganu,513056,268189,22909
22/11/2021,W.P. KualaLumpur,4734450,2221312,99136
22/11/2021,W.P. Labuan,82134,34040,2274
22/11/2021,W.P. Putrajaya,243267,149576,3084
23/11/2021,Johor,3115854,1455017,107840
23/11/2021,Kedah,1065567,564018,42706
23/11/2021,Kelantan,457569,252010,26611
23/11/2021,Melaka,767633,366980,26757
23/11/2021,Negeri Sembilan,949755,473977,30565
23/11/2021,Pahang,1157733,502013,39314
23/11/2021,Perak,1763744,795989,64843
23/11/2021,Perlis,270755,168319,10730
23/11/2021,Pulau Pinang,1842779,836072,58183
23/11/2021,Sabah,1851322,698237,61658
23/11/2021,Sarawak,1760862,698051,53582
23/11/2021,Selangor,6870679,3219483,183333
23/11/2021,Terengganu,490985,258839,22726
23/11/2021,W.P. KualaLumpur,4976950,2281089,102334
23/11/2021,W.P. Labuan,80194,33710,2308
23/11/2021,W.P. Putrajaya,249272,152958,3106
24/11/2021,Johor,3219437,1468635,108070
24/11/2021,Kedah,1149176,590682,44218
24/11/2021,Kelantan,449785,248137,25935
24/11/2021,Melaka,789100,370802,26857
24/11/2021,Negeri Sembilan,960031,475054,30832
24/11/2021,Pahang,1133798,493482,39122
24/11/2021,Perak,1832571,811570,65356
24/11/2021,Perlis,286350,173718,10939
24/11/2021,Pulau Pinang,1921489,854753,58868
24/11/2021,Sabah,1944920,715098,62229
24/11/2021,Sarawak,1869800,714325,54305
24/11/2021,Selangor,6782343,3184986,182670
24/11/2021,Terengganu,473348,252348,21811
24/11/2021,W.P. KualaLumpur,4840589,2244621,101442
24/11/2021,W.P. Labuan,85085,34559,2327
24/11/2021,W.P. Putrajaya,242208,149359,3096
25/11/2021,Johor,3371142,1504755,109519
25/11/2021,Kedah,1151592,589697,43831
25/11/2021,Kelantan,493784,265931,25899
25/11/2021,Melaka,841074,387823,27506
25/11/2021,Negeri Sembilan,1010656,492794,31097
25/11/2021,Pahang,1229405,519945,39667
25/11/2021,Perak,1779051,806374,64398
25/11/2021,Perlis,295684,176946,10924
25/11/2021,Pulau Pinang,1886481,849691,58676
25/11/2021,Sabah,1945401,718381,61490
25/11/2021,Sarawak,1949984,731401,54067
25/11/2021,Selangor,7076087,3291965,183378
25/11/2021,Terengganu,528090,271501,22511
25/11/2021,W.P. KualaLumpur,5192802,2384575,102079
25/11/2021,W.P. Labuan,91404,35846,2307
25/11/2021,W.P. Putrajaya,269558,160790,3092
26/11/2021,Johor,3587094,1549007,102707
26/11/2021,Kedah,1188562,591094,32730
26/11/2021,Kelantan,453807,252222,14545
26/11/2021,Melaka,945305,421517,27275
26/11/2021,Negeri Sembilan,1084788,525058,30809
26/11/2021,Pahang,1356480,564767,38831
26/11/2021,Perak,2020826,884934,65070
26/11/2021,Perlis,334990,194142,10585
26/11/2021,Pulau Pinang,2143323,915738,58930
26/11/2021,Sabah,2164887,759059,62563
26/11/2021,Sarawak,2067988,760542,54607
26/11/2021,Selangor,7664568,3462654,181689
26/11/2021,Terengganu,396542,222252,11258
26/11/2021,W.P. KualaLumpur,5685853,2526571,101580
26/11/2021,W.P. Labuan,97532,37269,2291
26/11/2021,W.P. Putrajaya,300710,177922,3045
27/11/2021,Johor,3658863,1551800,97721
27/11/2021,Kedah,1258523,616321,39104
27/11/2021,Kelantan,533481,279565,23190
27/11/2021,Melaka,1025247,445135,24569
27/11/2021,Negeri Sembilan,1146643,552888,27793
27/11/2021,Pahang,1414014,575006,34369
27/11/2021,Perak,2041821,886114,59234
27/11/2021,Perlis,312759,176807,9382
27/11/2021,Pulau Pinang,2107867,881120,51621
27/11/2021,Sabah,2236060,750185,55053
27/11/2021,Sarawak,2256963,770682,47211
27/11/2021,Selangor,7778686,3431911,155358
27/11/2021,Terengganu,553529,277551,18973
27/11/2021,W.P. KualaLumpur,5488137,2457445,82213
27/11/2021,W.P. Labuan,89923,34358,1883
27/11/2021,W.P. Putrajaya,279583,170078,2045
28/11/2021,Johor,3581392,1501357,83183
28/11/2021,Kedah,1234482,617176,39823
28/11/2021,Kelantan,452596,251783,24261
28/11/2021,Melaka,894344,404303,17865
28/11/2021,Negeri Sembilan,1065602,523949,20369
28/11/2021,Pahang,1201568,523171,24773
28/11/2021,Perak,1834518,826874,41680
28/11/2021,Perlis,250419,144722,6526
28/11/2021,Pulau Pinang,1896069,804306,36949
28/11/2021,Sabah,2036002,708739,42164
28/11/2021,Sarawak,2072164,731535,33940
28/11/2021,Selangor,7398500,3268406,113799
28/11/2021,Terengganu,535492,277675,22015
28/11/2021,W.P. KualaLumpur,5317105,2381478,62034
28/11/2021,W.P. Labuan,80349,32474,1407
28/11/2021,W.P. Putrajaya,282812,175796,1748
29/11/2021,Johor,3311799,1488580,106786
29/11/2021,Kedah,1139712,585972,43102
29/11/2021,Kelantan,483710,261909,26215
29/11/2021,Melaka,841819,386835,26642
29/11/2021,Negeri Sembilan,1002889,489190,30163
29/11/2021,Pahang,1202446,512306,38562
29/11/2021,Perak,1838064,817747,62978
29/11/2021,Perlis,290027,174178,10632
29/11/2021,Pulau Pinang,1830339,835264,56442
29/11/2021,Sabah,1966450,715161,60792
29/11/2021,Sarawak,1924507,727916,53332
29/11/2021,Selangor,7019428,3251373,178075
29/11/2021,Terengganu,503841,263368,22394
29/11/2021,W.P. KualaLumpur,5063254,2330321,99415
29/11/2021,W.P. Labuan,86913,34654,2271
29/11/2021,W.P. Putrajaya,257829,156682,3083
30/11/2021,Johor,3376379,1500063,108348
30/11/2021,Kedah,1165032,595408,43443
30/11/2021,Kelantan,479954,259887,26737
30/11/2021,Melaka,837645,384447,27099
30/11/2021,Negeri Sembilan,1004540,485810,30697
30/11/2021,Pahang,1191950,507329,39320
30/11/2021,Perak,1876263,817184,65001
30/11/2021,Perlis,294674,176794,10858
30/11/2021,Pulau Pinang,1978871,862575,58109
30/11/2021,Sabah,2004373,719771,61585
30/11/2021,Sarawak,2014310,742755,54247
30/11/2021,Selangor,7259612,3313205,183419
30/11/2021,Terengganu,506656,263549,22599
30/11/2021,W.P. KualaLumpur,5283357,2396090,101932
30/11/2021,W.P. Labuan,85720,34582,2284
30/11/2021,W.P. Putrajaya,264051,161144,3098
1/12/2021,Johor,3450612,1511004,109184
1/12/2021,Kedah,1132969,585592,43743
1/12/2021,Kelantan,468721,255366,26345
1/12/2021,Melaka,851576,386524,27100
1/12/2021,Negeri Sembilan,1022479,491042,31244
1/12/2021,Pahang,1201085,507916,39511
1/12/2021,Perak,1877627,818383,65637
1/12/2021,Perlis,283411,172019,10820
1/12/2021,Pulau Pinang,1964058,860924,58995
1/12/2021,Sabah,2073911,734507,62125
1/12/2021,Sarawak,2049985,751347,54613
1/12/2021,Selangor,7394303,3350697,184722
1/12/2021,Terengganu,483982,254453,22160
1/12/2021,W.P. KualaLumpur,5357314,2416883,102461
1/12/2021,W.P. Labuan,90510,35582,2329
1/12/2021,W.P. Putrajaya,264406,161072,3121
2/12/2021,Johor,3275366,1476367,106964
2/12/2021,Kedah,1164554,594840,43449
2/12/2021,Kelantan,427359,240905,24508
2/12/2021,Melaka,799184,374650,26672
2/12/2021,Negeri Sembilan,962005,476954,30090
2/12/2021,Pahang,1108951,487764,37122
2/12/2021,Perak,1787936,802082,64530
2/12/2021,Perlis,289710,176429,10745
2/12/2021,Pulau Pinang,1914232,856590,58678
2/12/2021,Sabah,2082368,736312,62402
2/12/2021,Sarawak,2014330,747271,54403
2/12/2021,Selangor,7119677,3295783,182843
2/12/2021,Terengganu,456572,246829,20702
2/12/2021,W.P. KualaLumpur,5106644,2359304,101076
2/12/2021,W.P. Labuan,90817,35933,2328
2/12/2021,W.P. Putrajaya,258438,159023,3061
3/12/2021,Johor,3713384,1576587,103528
3/12/2021,Kedah,1180263,589385,32818
3/12/2021,Kelantan,426868,240444,14094
3/12/2021,Melaka,960708,426884,27478
3/12/2021,Negeri Sembilan,1127385,540010,31019
3/12/2021,Pahang,1330880,557720,38076
3/12/2021,Perak,1972001,869636,64757
3/12/2021,Perlis,325097,190095,10652
3/12/2021,Pulau Pinang,2118822,912797,58873
3/12/2021,Sabah,2191842,761831,62385
3/12/2021,Sarawak,2108526,770909,54399
3/12/2021,Selangor,8066931,3560464,182910
3/12/2021,Terengganu,405586,224028,11231
3/12/2021,W.P. KualaLumpur,5344959,2422078,89345
3/12/2021,W.P. Labuan,86991,34072,1668
3/12/2021,W.P. Putrajaya,243739,151671,2006
4/12/2021,Johor,3827745,1585989,98208
4/12/2021,Kedah,1272525,624208,39599
4/12/2021,Kelantan,518894,271617,23141
4/12/2021,Melaka,1035007,448689,24726
4/12/2021,Negeri Sembilan,1161697,559157,27747
4/12/2021,Pahang,1403239,568699,34088
4/12/2021,Perak,2148479,905079,59985
4/12/2021,Perlis,316157,179738,9493
4/12/2021,Pulau Pinang,2215225,902261,51971
4/12/2021,Sabah,2245994,747770,54515
4/12/2021,Sarawak,2254275,775167,46921
4/12/2021,Selangor,8096308,3512147,156656
4/12/2021,Terengganu,530645,267358,18198
4/12/2021,W.P. KualaLumpur,5706602,2507616,82268
4/12/2021,W.P. Labuan,87930,34225,1882
4/12/2021,W.P. Putrajaya,274287,169139,1977
5/12/2021,Johor,3766450,1538284,83712
5/12/2021,Kedah,1305188,642095,40712
5/12/2021,Kelantan,507240,272157,26520
5/12/2021,Melaka,923620,411945,18108
5/12/2021,Negeri Sembilan,1074369,527209,20604
5/12/2021,Pahang,1259651,534887,25160
5/12/2021,Perak,1920387,844887,42463
5/12/2021,Perlis,267556,151665,6717
5/12/2021,Pulau Pinang,2010212,834710,37374
5/12/2021,Sabah,2129174,721094,41787
5/12/2021,Sarawak,2131391,746413,33973
5/12/2021,Selangor,7544155,3313515,114033
5/12/2021,Terengganu,547441,280713,22528
5/12/2021,W.P. KualaLumpur,5367420,2409292,61656
5/12/2021,W.P. Labuan,79915,32448,1406
5/12/2021,W.P. Putrajaya,279294,175348,1738
6/12/2021,Johor,3418568,1511297,106864
6/12/2021,Kedah,1172590,596873,43492
6/12/2021,Kelantan,473182,256616,26780
6/12/2021,Melaka,837834,385186,26649
6/12/2021,Negeri Sembilan,991804,487245,30098
6/12/2021,Pahang,1226123,516904,38682
6/12/2021,Perak,1914230,835743,63958
6/12/2021,Perlis,297374,177069,10709
6/12/2021,Pulau Pinang,1976839,865802,57465
6/12/2021,Sabah,2005805,721733,60355
6/12/2021,Sarawak,1874530,720735,52176
6/12/2021,Selangor,7036022,3258782,178175
6/12/2021,Terengganu,512532,265969,22581
6/12/2021,W.P. KualaLumpur,5071324,2339650,99100
6/12/2021,W.P. Labuan,84888,33849,2249
6/12/2021,W.P. Putrajaya,252127,155976,3046
7/12/2021,Johor,3532732,1532885,109209
7/12/2021,Kedah,1167946,594133,43651
7/12/2021,Kelantan,476762,258534,26577
7/12/2021,Melaka,842076,385729,27284
7/12/2021,Negeri Sembilan,1012259,487532,30814
7/12/2021,Pahang,1221781,513242,39555
7/12/2021,Perak,1884568,822651,65453
7/12/2021,Perlis,292765,175210,10921
7/12/2021,Pulau Pinang,1994540,867636,58470
7/12/2021,Sabah,2100528,736608,61709
7/12/2021,Sarawak,2003706,743148,53921
7/12/2021,Selangor,7268925,3319935,183961
7/12/2021,Terengganu,519009,267044,22641
7/12/2021,W.P. KualaLumpur,5290066,2393637,101880
7/12/2021,W.P. Labuan,91418,35784,2321
7/12/2021,W.P. Putrajaya,260959,160064,3121
8/12/2021,Johor,3572827,1543676,110146
8/12/2021,Kedah,1170133,596682,44193
8/12/2021,Kelantan,477199,259256,26497
8/12/2021,Melaka,850910,389622,27351
8/12/2021,Negeri Sembilan,1020264,491807,31029
8/12/2021,Pahang,1227786,516378,39555
8/12/2021,Perak,1902954,828240,65571
8/12/2021,Perlis,289605,174388,10826
8/12/2021,Pulau Pinang,1995598,869149,58992
8/12/2021,Sabah,2134228,746087,62138
8/12/2021,Sarawak,1986606,742478,54359
8/12/2021,Selangor,7399243,3358055,184608
8/12/2021,Terengganu,516735,267097,22610
8/12/2021,W.P. KualaLumpur,5344836,2406037,102400
8/12/2021,W.P. Labuan,91588,35712,2318
8/12/2021,W.P. Putrajaya,258630,160232,3089
9/12/2021,Johor,3196600,1467532,108082
9/12/2021,Kedah,1066164,565025,43206
9/12/2021,Kelantan,443315,247117,26043
9/12/2021,Melaka,758165,365337,27061
9/12/2021,Negeri Sembilan,907310,462337,30497
9/12/2021,Pahang,1119164,495383,39128
9/12/2021,Perak,1712361,789533,64524
9/12/2021,Perlis,269779,166835,10672
9/12/2021,Pulau Pinang,1798932,825939,58285
9/12/2021,Sabah,1926984,707784,60713
9/12/2021,Sarawak,1845941,717899,53546
9/12/2021,Selangor,6458121,3106877,181060
9/12/2021,Terengganu,469889,254010,21915
9/12/2021,W.P. KualaLumpur,4649375,2206240,100419
9/12/2021,W.P. Labuan,82790,34299,2281
9/12/2021,W.P. Putrajaya,241107,149908,3076
10/12/2021,Johor,3471914,1530469,101525
10/12/2021,Kedah,1138994,580789,32373
10/12/2021,Kelantan,446450,252003,15125
10/12/2021,Melaka,904108,416349,26972
10/12/2021,Negeri Sembilan,1034565,522692,30385
10/12/2021,Pahang,1314439,566259,38453
10/12/2021,Perak,1965702,886003,64541
10/12/2021,Perlis,313350,185675,10411
10/12/2021,Pulau Pinang,2088246,906547,58398
10/12/2021,Sabah,2135900,758906,61702
10/12/2021,Sarawak,1985143,753835,53994
10/12/2021,Selangor,7553077,3436880,180634
10/12/2021,Terengganu,419013,235605,11887
10/12/2021,W.P. KualaLumpur,5381682,2447860,99972
10/12/2021,W.P. Labuan,89627,35358,2272
10/12/2021,W.P. Putrajaya,289059,173342,3029
11/12/2021,Johor,3685698,1566989,95868
11/12/2021,Kedah,1246913,624530,38786
11/12/2021,Kelantan,514120,275344,23368
11/12/2021,Melaka,1045266,462062,24550
11/12/2021,Negeri Sembilan,1174507,573268,27514
11/12/2021,Pahang,1396831,586914,33686
11/12/2021,Perak,2204513,946540,59632
11/12/2021,Perlis,306257,176772,9326
11/12/2021,Pulau Pinang,2186687,899579,51276
11/12/2021,Sabah,2026876,712252,52375
11/12/2021,Sarawak,2161309,761106,47055
11/12/2021,Selangor,7626946,3344511,133090
11/12/2021,Terengganu,538950,275805,18663
11/12/2021,W.P. KualaLumpur,5690116,2484806,79677
11/12/2021,W.P. Labuan,83923,33208,1824
11/12/2021,W.P. Putrajaya,271727,167826,1920
12/12/2021,Johor,3791951,1549218,81417
12/12/2021,Kedah,1281022,643433,39200
12/12/2021,Kelantan,529428,286875,26516
12/12/2021,Melaka,950587,431155,18041
12/12/2021,Negeri Sembilan,1069289,537964,20504
12/12/2021,Pahang,1263093,553431,24831
12/12/2021,Perak,1981709,881873,42127
12/12/2021,Perlis,275525,157585,6628
12/12/2021,Pulau Pinang,2021483,842233,37042
12/12/2021,Sabah,2135329,732066,42014
12/12/2021,Sarawak,2136913,750975,34346
12/12/2021,Selangor,7422877,3297836,112825
12/12/2021,Terengganu,558032,286950,22036
12/12/2021,W.P. KualaLumpur,5355480,2396140,61373
12/12/2021,W.P. Labuan,75848,31529,1371
12/12/2021,W.P. Putrajaya,270629,169352,1714
13/12/2021,Johor,3439852,1516445,104548
13/12/2021,Kedah,1172391,602467,42085
13/12/2021,Kelantan,481814,264295,26121
13/12/2021,Melaka,883204,402503,26251
13/12/2021,Negeri Sembilan,1004278,494255,29447
13/12/2021,Pahang,1227083,526203,37469
13/12/2021,Perak,1926697,858587,62392
13/12/2021,Perlis,303326,180564,10402
13/12/2021,Pulau Pinang,1957930,868066,56358
13/12/2021,Sabah,2080605,728851,59332
13/12/2021,Sarawak,1942325,734071,52095
13/12/2021,Selangor,6887251,3210382,174046
13/12/2021,Terengganu,502722,262706,21880
13/12/2021,W.P. KualaLumpur,5042437,2314587,97456
13/12/2021,W.P. Labuan,78403,32533,2164
13/12/2021,W.P. Putrajaya,258194,156627,3012
14/12/2021,Johor,3459758,1519381,107201
14/12/2021,Kedah,1173371,600342,42648
14/12/2021,Kelantan,498702,271138,26207
14/12/2021,Melaka,852448,391563,26908
14/12/2021,Negeri Sembilan,982010,483288,29877
14/12/2021,Pahang,1235047,524706,38522
14/12/2021,Perak,1924693,844709,64177
14/12/2021,Perlis,302612,180305,10591
14/12/2021,Pulau Pinang,2032305,883180,58011
14/12/2021,Sabah,2103522,731828,60296
14/12/2021,Sarawak,1971931,742134,53104
14/12/2021,Selangor,7154290,3286279,180261
14/12/2021,Terengganu,506924,263808,22019
14/12/2021,W.P. KualaLumpur,5227509,2355697,100317
14/12/2021,W.P. Labuan,83012,33175,2233
14/12/2021,W.P. Putrajaya,265316,159642,3086
15/12/2021,Johor,3462271,1515754,107740
15/12/2021,Kedah,1186588,606854,43273
15/12/2021,Kelantan,494960,269376,25925
15/12/2021,Melaka,861409,393050,26777
15/12/2021,Negeri Sembilan,986255,483339,30217
15/12/2021,Pahang,1229352,522905,38481
15/12/2021,Perak,1921038,844882,64581
15/12/2021,Perlis,296759,177480,10676
15/12/2021,Pulau Pinang,2041945,884383,58419
15/12/2021,Sabah,2133657,738101,60442
15/12/2021,Sarawak,2071807,761011,53672
15/12/2021,Selangor,7273377,3333324,180854
15/12/2021,Terengganu,491549,258877,21699
15/12/2021,W.P. KualaLumpur,5260509,2392062,100527
15/12/2021,W.P. Labuan,82928,33323,2193
15/12/2021,W.P. Putrajaya,259230,158082,3062
16/12/2021,Johor,3435398,1513909,107191
16/12/2021,Kedah,1155060,596307,42501
16/12/2021,Kelantan,455907,257072,24311
16/12/2021,Melaka,831500,387819,26416
16/12/2021,Negeri Sembilan,970395,484023,29984
16/12/2021,Pahang,1156050,509802,37613
16/12/2021,Perak,1905468,848116,64217
16/12/2021,Perlis,298644,180360,10697
16/12/2021,Pulau Pinang,1977138,876006,58247
16/12/2021,Sabah,2141417,740507,60450
16/12/2021,Sarawak,2005959,753923,53126
16/12/2021,Selangor,7217390,3337894,180421
16/12/2021,Terengganu,439814,241251,20064
16/12/2021,W.P. KualaLumpur,5212192,2392674,100064
16/12/2021,W.P. Labuan,79864,32701,2171
16/12/2021,W.P. Putrajaya,267262,161586,3038
17/12/2021,Johor,3415251,1509502,100553
17/12/2021,Kedah,1045235,546788,30180
17/12/2021,Kelantan,411463,238915,13846
17/12/2021,Melaka,833819,395311,25940
17/12/2021,Negeri Sembilan,953206,485062,29360
17/12/2021,Pahang,1152806,515500,33959
17/12/2021,Perak,1907094,860277,61506
17/12/2021,Perlis,289904,175029,9875
17/12/2021,Pulau Pinang,1968512,872150,55784
17/12/2021,Sabah,2185851,752706,60116
17/12/2021,Sarawak,2008370,756755,53379
17/12/2021,Selangor,6871361,3254814,171816
17/12/2021,Terengganu,400265,227919,11109
17/12/2021,W.P. KualaLumpur,5087355,2358002,97008
17/12/2021,W.P. Labuan,83532,33520,2158
17/12/2021,W.P. Putrajaya,278291,166284,2976
18/12/2021,Johor,3520566,1514970,95327
18/12/2021,Kedah,1171863,598408,36779
18/12/2021,Kelantan,480219,264338,21348
18/12/2021,Melaka,916261,415937,23291
18/12/2021,Negeri Sembilan,946794,483642,25439
18/12/2021,Pahang,1041801,472249,29304
18/12/2021,Perak,2031351,893627,57261
18/12/2021,Perlis,292662,169773,8997
18/12/2021,Pulau Pinang,2057581,865433,49480
18/12/2021,Sabah,2196438,746297,53515
18/12/2021,Sarawak,2252184,819022,43614
18/12/2021,Selangor,5795982,2842330,126144
18/12/2021,Terengganu,479399,253537,17149
18/12/2021,W.P. KualaLumpur,4526304,2125015,75668
18/12/2021,W.P. Labuan,76932,31258,1813
18/12/2021,W.P. Putrajaya,236159,143900,1855
19/12/2021,Johor,3591113,1492261,80232
19/12/2021,Kedah,1198455,611942,37339
19/12/2021,Kelantan,468338,261712,23986
19/12/2021,Melaka,879029,398380,17320
19/12/2021,Negeri Sembilan,978693,484952,19034
19/12/2021,Pahang,851801,395191,18839
19/12/2021,Perak,1772936,820005,39319
19/12/2021,Perlis,251976,146157,6353
19/12/2021,Pulau Pinang,1945640,817835,36153
19/12/2021,Sabah,2078573,713429,41177
19/12/2021,Sarawak,2084890,741330,32906
19/12/2021,Selangor,6379846,2960788,92561
19/12/2021,Terengganu,465894,250196,19752
19/12/2021,W.P. KualaLumpur,5001559,2244588,57817
19/12/2021,W.P. Labuan,67276,28349,1335
19/12/2021,W.P. Putrajaya,257589,158817,1618
20/12/2021,Johor,3509197,1530034,104429
20/12/2021,Kedah,1229758,622319,42018
20/12/2021,Kelantan,528883,282536,25518
20/12/2021,Melaka,911801,407304,26067
20/12/2021,Negeri Sembilan,1039551,503173,28401
20/12/2021,Pahang,988346,438751,30068
20/12/2021,Perak,2065392,888948,62381
20/12/2021,Perlis,315628,184371,10358
20/12/2021,Pulau Pinang,2069679,892413,56574
20/12/2021,Sabah,2262418,762039,58819
20/12/2021,Sarawak,2181518,776196,51128
20/12/2021,Selangor,6854519,3162184,155266
20/12/2021,Terengganu,527419,270771,21537
20/12/2021,W.P. KualaLumpur,5211483,2383525,93979
20/12/2021,W.P. Labuan,78217,31163,2072
20/12/2021,W.P. Putrajaya,274139,163050,2837
21/12/2021,Johor,3410435,1508388,105056
21/12/2021,Kedah,1151009,598699,40989
21/12/2021,Kelantan,512578,277289,25469
21/12/2021,Melaka,861750,393684,26412
21/12/2021,Negeri Sembilan,987040,485395,28590
21/12/2021,Pahang,936703,424288,29926
21/12/2021,Perak,1903648,842335,61954
21/12/2021,Perlis,291587,174074,10196
21/12/2021,Pulau Pinang,1938441,862621,56295
21/12/2021,Sabah,2233984,759080,58983
21/12/2021,Sarawak,2182957,778591,51378
21/12/2021,Selangor,6951905,3221224,164700
21/12/2021,Terengganu,511457,263959,21573
21/12/2021,W.P. KualaLumpur,5128411,2367076,96099
21/12/2021,W.P. Labuan,78240,31204,2116
21/12/2021,W.P. Putrajaya,274414,164392,2927
22/12/2021,Johor,3490085,1517461,106221
22/12/2021,Kedah,1222734,619430,42825
22/12/2021,Kelantan,525684,281289,25656
22/12/2021,Melaka,885564,396306,26451
22/12/2021,Negeri Sembilan,1010919,489086,29297
22/12/2021,Pahang,995943,437265,31093
22/12/2021,Perak,2002863,863421,63627
22/12/2021,Perlis,307884,180611,10566
22/12/2021,Pulau Pinang,2081657,891371,57940
22/12/2021,Sabah,2314926,768130,59596
22/12/2021,Sarawak,2259769,781493,52297
22/12/2021,Selangor,7126497,3269055,167737
22/12/2021,Terengganu,511284,264476,21319
22/12/2021,W.P. KualaLumpur,5255986,2385118,97429
22/12/2021,W.P. Labuan,80044,31658,2114
22/12/2021,W.P. Putrajaya,269936,162751,2927
23/12/2021,Johor,3456331,1516060,105873
23/12/2021,Kedah,1208216,616122,42739
23/12/2021,Kelantan,536933,288447,25782
23/12/2021,Melaka,881467,397877,26625
23/12/2021,Negeri Sembilan,1004897,492321,29402
23/12/2021,Pahang,1021028,451324,32003
23/12/2021,Perak,1996337,869474,64033
23/12/2021,Perlis,310299,183978,10555
23/12/2021,Pulau Pinang,2077200,894367,58056
23/12/2021,Sabah,2336092,775439,59122
23/12/2021,Sarawak,2281141,793929,51889
23/12/2021,Selangor,7195693,3299399,169869
23/12/2021,Terengganu,521884,269326,21420
23/12/2021,W.P. KualaLumpur,5348913,2417000,98115
23/12/2021,W.P. Labuan,77856,30926,2113
23/12/2021,W.P. Putrajaya,275508,165831,2898
24/12/2021,Johor,3605729,1552503,99369
24/12/2021,Kedah,1181419,604126,32113
24/12/2021,Kelantan,469676,268569,14785
24/12/2021,Melaka,980218,434005,26393
24/12/2021,Negeri Sembilan,1088104,526565,29347
24/12/2021,Pahang,1157864,501003,32153
24/12/2021,Perak,2146431,926899,63452
24/12/2021,Perlis,331658,190884,10136
24/12/2021,Pulau Pinang,2242132,930616,56945
24/12/2021,Sabah,2293048,770529,46327
24/12/2021,Sarawak,2388162,815045,49941
24/12/2021,Selangor,7792725,3467531,167543
24/12/2021,Terengganu,424967,239254,11719
24/12/2021,W.P. KualaLumpur,5791365,2548305,96027
24/12/2021,W.P. Labuan,84469,32547,1994
24/12/2021,W.P. Putrajaya,305446,180501,2840
25/12/2021,Johor,3603159,1506124,79482
25/12/2021,Kedah,1182090,605241,33543
25/12/2021,Kelantan,515071,278161,21403
25/12/2021,Melaka,1006421,448363,20193
25/12/2021,Negeri Sembilan,1076182,532469,22316
25/12/2021,Pahang,1179164,506086,26322
25/12/2021,Perak,2093567,915909,50016
25/12/2021,Perlis,294913,165846,7754
25/12/2021,Pulau Pinang,2047684,848744,40309
25/12/2021,Sabah,2003826,713618,38177
25/12/2021,Sarawak,1937920,681583,30139
25/12/2021,Selangor,7272213,3243895,116141
25/12/2021,Terengganu,496077,260964,16498
25/12/2021,W.P. KualaLumpur,5404399,2379561,63345
25/12/2021,W.P. Labuan,71513,28947,1273
25/12/2021,W.P. Putrajaya,279119,168436,1662
26/12/2021,Johor,3529466,1487735,77494
26/12/2021,Kedah,1221419,621172,37420
26/12/2021,Kelantan,491939,268768,22787
26/12/2021,Melaka,935533,426910,17413
26/12/2021,Negeri Sembilan,996273,507460,19346
26/12/2021,Pahang,1082481,484336,21981
26/12/2021,Perak,1926412,875677,40852
26/12/2021,Perlis,273276,155218,6332
26/12/2021,Pulau Pinang,1932022,820730,35678
26/12/2021,Sabah,1905855,686344,38170
26/12/2021,Sarawak,1885121,681645,30587
26/12/2021,Selangor,6977016,3149472,105020
26/12/2021,Terengganu,480970,255932,18595
26/12/2021,W.P. KualaLumpur,5129929,2310735,58491
26/12/2021,W.P. Labuan,64245,27483,1222
26/12/2021,W.P. Putrajaya,270162,166856,1626
27/12/2021,Johor,3425969,1503639,102430
27/12/2021,Kedah,1180905,603467,41226
27/12/2021,Kelantan,512333,277652,25469
27/12/2021,Melaka,897691,406856,25415
27/12/2021,Negeri Sembilan,978004,485525,28403
27/12/2021,Pahang,1167890,501882,34267
27/12/2021,Perak,2000973,881111,61303
27/12/2021,Perlis,307546,179222,10142
27/12/2021,Pulau Pinang,2041671,873078,55156
27/12/2021,Sabah,2024012,714073,55834
27/12/2021,Sarawak,1945502,719273,48862
27/12/2021,Selangor,6859799,3178776,165169
27/12/2021,Terengganu,510202,265341,21278
27/12/2021,W.P. KualaLumpur,4975494,2307869,93929
27/12/2021,W.P. Labuan,71747,29294,2011
27/12/2021,W.P. Putrajaya,262401,157338,2807
28/12/2021,Johor,3466218,1509737,106087
28/12/2021,Kedah,1161968,595099,42143
28/12/2021,Kelantan,501286,272262,25669
28/12/2021,Melaka,902500,405782,26509
28/12/2021,Negeri Sembilan,993250,484924,29357
28/12/2021,Pahang,1170005,501703,35571
28/12/2021,Perak,1974806,857466,63248
28/12/2021,Perlis,303174,179756,10432
28/12/2021,Pulau Pinang,2045652,880523,57256
28/12/2021,Sabah,2042488,715490,58077
28/12/2021,Sarawak,1979686,726395,51296
28/12/2021,Selangor,7156238,3259551,173109
28/12/2021,Terengganu,496344,259448,21397
28/12/2021,W.P. KualaLumpur,5226776,2357631,97719
28/12/2021,W.P. Labuan,72060,29408,2055
28/12/2021,W.P. Putrajaya,270687,161773,2868
29/12/2021,Johor,3434216,1506090,106698
29/12/2021,Kedah,1158147,593807,42490
29/12/2021,Kelantan,481040,263183,24852
29/12/2021,Melaka,893421,401357,26535
29/12/2021,Negeri Sembilan,989294,484962,29709
29/12/2021,Pahang,1162626,499344,35763
29/12/2021,Perak,1934420,847208,63803
29/12/2021,Perlis,294213,175501,10494
29/12/2021,Pulau Pinang,2016861,875354,57465
29/12/2021,Sabah,2065709,718520,58278
29/12/2021,Sarawak,2015575,737454,51826
29/12/2021,Selangor,7193879,3274893,174356
29/12/2021,Terengganu,488469,256747,21100
29/12/2021,W.P. KualaLumpur,5249012,2370808,98361
29/12/2021,W.P. Labuan,74755,30313,2106
29/12/2021,W.P. Putrajaya,269356,162019,2908
30/12/2021,Johor,3361222,1491176,105627
30/12/2021,Kedah,1174293,600536,42097
30/12/2021,Kelantan,454737,253731,23273
30/12/2021,Melaka,884338,400233,26487
30/12/2021,Negeri Sembilan,990309,489064,29649
30/12/2021,Pahang,1042064,471396,33852
30/12/2021,Perak,1931456,851734,63762
30/12/2021,Perlis,303095,180388,10489
30/12/2021,Pulau Pinang,2037760,881425,57479
30/12/2021,Sabah,2068586,719437,57426
30/12/2021,Sarawak,1999275,738115,51040
30/12/2021,Selangor,7211452,3289105,173697
30/12/2021,Terengganu,457554,245631,19683
30/12/2021,W.P. KualaLumpur,5256447,2392231,97547
30/12/2021,W.P. Labuan,74161,30490,2069
30/12/2021,W.P. Putrajaya,273178,163975,2896
31/12/2021,Johor,3230940,1461697,96182
31/12/2021,Kedah,1165068,595357,31636
31/12/2021,Kelantan,428862,244928,13739
31/12/2021,Melaka,894224,409172,25429
31/12/2021,Negeri Sembilan,1031445,508277,28479
31/12/2021,Pahang,1180944,511029,33137
31/12/2021,Perak,1970791,875217,61348
31/12/2021,Perlis,320557,186117,9935
31/12/2021,Pulau Pinang,2241978,930325,56395
31/12/2021,Sabah,2216517,763416,56048
31/12/2021,Sarawak,2226538,792882,49556
31/12/2021,Selangor,7491474,3391314,167630
31/12/2021,Terengganu,388359,221010,10686
31/12/2021,W.P. KualaLumpur,5616080,2527246,94346
31/12/2021,W.P. Labuan,85376,33977,1993
31/12/2021,W.P. Putrajaya,300656,180697,2784
1/1/2022,Johor,3479298,1495916,88526
1/1/2022,Kedah,1184674,606226,34459
1/1/2022,Kelantan,468616,255936,20471
1/1/2022,Melaka,949617,429606,18135
1/1/2022,Negeri Sembilan,1033970,513144,19525
1/1/2022,Pahang,1156015,497760,23175
1/1/2022,Perak,1993767,873429,43343
1/1/2022,Perlis,290469,162133,7410
1/1/2022,Pulau Pinang,2037695,837637,36889
1/1/2022,Sabah,1747858,632080,34325
1/1/2022,Sarawak,1884412,660140,28723
1/1/2022,Selangor,7172826,3208360,105564
1/1/2022,Terengganu,474641,250014,16449
1/1/2022,W.P. KualaLumpur,5416964,2424548,58864
1/1/2022,W.P. Labuan,68732,29014,1222
1/1/2022,W.P. Putrajaya,289718,177175,1630
2/1/2022,Johor,2990573,1325087,73667
2/1/2022,Kedah,1215321,614612,38361
2/1/2022,Kelantan,486781,266183,24466
2/1/2022,Melaka,708555,349303,15413
2/1/2022,Negeri Sembilan,894700,460295,18038
2/1/2022,Pahang,940006,437847,20472
2/1/2022,Perak,1839987,831055,40150
2/1/2022,Perlis,257205,145254,6281
2/1/2022,Pulau Pinang,1910690,803396,35659
2/1/2022,Sabah,1818757,652667,37292
2/1/2022,Sarawak,1975039,709973,31238
2/1/2022,Selangor,6960476,3118134,104286
2/1/2022,Terengganu,485506,255392,20314
2/1/2022,W.P. KualaLumpur,5059203,2318697,58584
2/1/2022,W.P. Labuan,68937,29829,1277
2/1/2022,W.P. Putrajaya,278206,171848,1646
3/1/2022,Johor,3306378,1470888,103040
3/1/2022,Kedah,1127741,587484,41692
3/1/2022,Kelantan,459011,253465,24706
3/1/2022,Melaka,794966,369686,25115
3/1/2022,Negeri Sembilan,938495,465367,28301
3/1/2022,Pahang,1014390,454272,33405
3/1/2022,Perak,1853443,819629,62008
3/1/2022,Perlis,286312,169339,10332
3/1/2022,Pulau Pinang,1965699,846785,55918
3/1/2022,Sabah,1974892,704841,57531
3/1/2022,Sarawak,1914285,726026,50601
3/1/2022,Selangor,6859219,3209704,170499
3/1/2022,Terengganu,463120,245759,20613
3/1/2022,W.P. KualaLumpur,4933628,2325953,95849
3/1/2022,W.P. Labuan,79320,32428,2118
3/1/2022,W.P. Putrajaya,260274,159170,2903
4/1/2022,Johor,3225983,1459087,105290
4/1/2022,Kedah,1087269,571992,41689
4/1/2022,Kelantan,454523,251505,24644
4/1/2022,Melaka,757974,358419,26011
4/1/2022,Negeri Sembilan,919226,457019,29328
4/1/2022,Pahang,1052266,461519,35512
4/1/2022,Perak,1809998,797930,63479
4/1/2022,Perlis,278318,170908,10422
4/1/2022,Pulau Pinang,1876416,840410,57413
4/1/2022,Sabah,1981816,705597,58691
4/1/2022,Sarawak,1883097,718772,51690
4/1/2022,Selangor,6726011,3178070,175415
4/1/2022,Terengganu,463482,246077,20700
4/1/2022,W.P. KualaLumpur,4844120,2290948,98474
4/1/2022,W.P. Labuan,82915,33625,2137
4/1/2022,W.P. Putrajaya,254835,157850,2936
5/1/2022,Johor,3373343,1490703,106892
5/1/2022,Kedah,1100834,577525,42086
5/1/2022,Kelantan,460693,254355,24876
5/1/2022,Melaka,797454,370252,26368
5/1/2022,Negeri Sembilan,921479,459261,29538
5/1/2022,Pahang,1079543,469332,36027
5/1/2022,Perak,1839108,803309,63870
5/1/2022,Perlis,270888,166873,10379
5/1/2022,Pulau Pinang,1919141,850778,57691
5/1/2022,Sabah,1998692,709315,59308
5/1/2022,Sarawak,1912682,722130,52152
5/1/2022,Selangor,6940096,3232564,176097
5/1/2022,Terengganu,472032,249660,21002
5/1/2022,W.P. KualaLumpur,5013262,2331783,98975
5/1/2022,W.P. Labuan,84592,34289,2169
5/1/2022,W.P. Putrajaya,261655,161376,2982
6/1/2022,Johor,3361775,1494907,106779
6/1/2022,Kedah,1105043,579872,42176
6/1/2022,Kelantan,486542,265128,25035
6/1/2022,Melaka,800639,374200,26585
6/1/2022,Negeri Sembilan,957159,474009,29809
6/1/2022,Pahang,1099674,481485,36444
6/1/2022,Perak,1786726,799438,63867
6/1/2022,Perlis,278723,172643,10519
6/1/2022,Pulau Pinang,1893789,850133,57759
6/1/2022,Sabah,1968582,705535,58926
6/1/2022,Sarawak,1899820,722998,52088
6/1/2022,Selangor,6969359,3263178,177506
6/1/2022,Terengganu,487543,257691,20935
6/1/2022,W.P. KualaLumpur,5034952,2352089,99230
6/1/2022,W.P. Labuan,82540,33545,2178
6/1/2022,W.P. Putrajaya,262766,162496,2946
7/1/2022,Johor,3511838,1538748,101060
7/1/2022,Kedah,1089771,567620,31291
7/1/2022,Kelantan,439977,248708,14156
7/1/2022,Melaka,875316,399224,26596
7/1/2022,Negeri Sembilan,1027450,503929,29749
7/1/2022,Pahang,1204240,516663,35639
7/1/2022,Perak,1890392,839453,63643
7/1/2022,Perlis,303993,182524,10213
7/1/2022,Pulau Pinang,2044475,889976,57784
7/1/2022,Sabah,2063360,729699,59387
7/1/2022,Sarawak,1974709,742125,52355
7/1/2022,Selangor,7306015,3379230,175695
7/1/2022,Terengganu,391888,224069,11076
7/1/2022,W.P. KualaLumpur,5296987,2444874,98686
7/1/2022,W.P. Labuan,86364,34707,2185
7/1/2022,W.P. Putrajaya,290770,176278,2904
8/1/2022,Johor,3739948,1571437,95900
8/1/2022,Kedah,1166918,598687,37293
8/1/2022,Kelantan,500257,270836,21852
8/1/2022,Melaka,938692,415737,23749
8/1/2022,Negeri Sembilan,1098378,530668,26898
8/1/2022,Pahang,1212020,513545,31293
8/1/2022,Perak,2010371,864393,58178
8/1/2022,Perlis,287068,168575,9050
8/1/2022,Pulau Pinang,2094790,868248,50609
8/1/2022,Sabah,2107230,726271,53168
8/1/2022,Sarawak,2196451,764683,45800
8/1/2022,Selangor,7917546,3463226,150874
8/1/2022,Terengganu,490365,258037,17581
8/1/2022,W.P. KualaLumpur,5564260,2488171,80624
8/1/2022,W.P. Labuan,82250,33472,1825
8/1/2022,W.P. Putrajaya,285934,178791,1908
9/1/2022,Johor,3678852,1503152,82437
9/1/2022,Kedah,1158864,597418,38674
9/1/2022,Kelantan,450531,253496,24765
9/1/2022,Melaka,864332,387854,17608
9/1/2022,Negeri Sembilan,1039423,507607,20066
9/1/2022,Pahang,1121444,491893,23304
9/1/2022,Perak,1890278,825640,41906
9/1/2022,Perlis,246298,142591,6473
9/1/2022,Pulau Pinang,1957203,811818,36818
9/1/2022,Sabah,2049367,711725,41068
9/1/2022,Sarawak,2144725,753661,33325
9/1/2022,Selangor,7655500,3324784,111791
9/1/2022,Terengganu,474851,255766,21162
9/1/2022,W.P. KualaLumpur,5392014,2422983,61007
9/1/2022,W.P. Labuan,74417,31773,1369
9/1/2022,W.P. Putrajaya,298344,187652,1711
10/1/2022,Johor,3225844,1462511,104736
10/1/2022,Kedah,1028608,554517,41223
10/1/2022,Kelantan,411474,234944,24726
10/1/2022,Melaka,767948,362233,25943
10/1/2022,Negeri Sembilan,924584,462494,29220
10/1/2022,Pahang,1064330,471828,36374
10/1/2022,Perak,1776144,791032,62623
10/1/2022,Perlis,266539,166312,10368
10/1/2022,Pulau Pinang,1849788,831775,56322
10/1/2022,Sabah,1905840,701941,59309
10/1/2022,Sarawak,1780829,701534,51522
10/1/2022,Selangor,6745493,3183178,173895
10/1/2022,Terengganu,436643,238933,20869
10/1/2022,W.P. KualaLumpur,4842206,2282042,97063
10/1/2022,W.P. Labuan,79964,33568,2188
10/1/2022,W.P. Putrajaya,251811,158067,3001
11/1/2022,Johor,3214620,1457894,106352
11/1/2022,Kedah,1007114,545541,41166
11/1/2022,Kelantan,403594,231217,24646
11/1/2022,Melaka,750599,356740,26384
11/1/2022,Negeri Sembilan,900979,452901,29626
11/1/2022,Pahang,1033911,462634,36787
11/1/2022,Perak,1735980,776521,63730
11/1/2022,Perlis,260342,163673,10428
11/1/2022,Pulau Pinang,1836600,829118,57198
11/1/2022,Sabah,1796236,680235,59800
11/1/2022,Sarawak,1615520,662526,51285
11/1/2022,Selangor,6785830,3198940,178434
11/1/2022,Terengganu,431065,235703,21044
11/1/2022,W.P. KualaLumpur,4886018,2283161,99398
11/1/2022,W.P. Labuan,80398,33926,2257
11/1/2022,W.P. Putrajaya,253383,158309,3007
12/1/2022,Johor,3240344,1460137,106840
12/1/2022,Kedah,1003119,544162,41519
12/1/2022,Kelantan,399390,229642,24379
12/1/2022,Melaka,759131,360049,26417
12/1/2022,Negeri Sembilan,907788,456223,29909
12/1/2022,Pahang,1039631,462360,36969
12/1/2022,Perak,1740967,775717,64010
12/1/2022,Perlis,255375,161675,10429
12/1/2022,Pulau Pinang,1840539,829297,57472
12/1/2022,Sabah,1840391,685051,60050
12/1/2022,Sarawak,1686902,673925,51617
12/1/2022,Selangor,6826739,3199497,178552
12/1/2022,Terengganu,429810,235596,20907
12/1/2022,W.P. KualaLumpur,4920646,2280367,99755
12/1/2022,W.P. Labuan,80967,34039,2237
12/1/2022,W.P. Putrajaya,242826,154117,3010
13/1/2022,Johor,2784676,1310002,100729
13/1/2022,Kedah,890929,493577,39897
13/1/2022,Kelantan,375293,219960,23344
13/1/2022,Melaka,654964,323142,25224
13/1/2022,Negeri Sembilan,806769,420646,28451
13/1/2022,Pahang,925342,431011,35130
13/1/2022,Perak,1513390,707453,61034
13/1/2022,Perlis,222883,143165,9817
13/1/2022,Pulau Pinang,1585885,744982,54572
13/1/2022,Sabah,1593003,625150,56556
13/1/2022,Sarawak,1418651,607496,47504
13/1/2022,Selangor,5940188,2907423,168417
13/1/2022,Terengganu,394922,222383,19782
13/1/2022,W.P. KualaLumpur,4304816,2102573,95197
13/1/2022,W.P. Labuan,67035,30489,2054
13/1/2022,W.P. Putrajaya,217721,141124,2825
14/1/2022,Johor,3355817,1495515,100092
14/1/2022,Kedah,996073,532274,30631
14/1/2022,Kelantan,380894,223126,13898
14/1/2022,Melaka,835463,386786,26419
14/1/2022,Negeri Sembilan,825336,424313,22174
14/1/2022,Pahang,1154678,506589,36408
14/1/2022,Perak,1801456,813164,63237
14/1/2022,Perlis,282238,173408,10110
14/1/2022,Pulau Pinang,1960681,867765,57107
14/1/2022,Sabah,1867372,697537,59718
14/1/2022,Sarawak,1772265,700760,52054
14/1/2022,Selangor,7169961,3338889,175675
14/1/2022,Terengganu,357637,208489,11143
14/1/2022,W.P. KualaLumpur,5247799,2409144,98661
14/1/2022,W.P. Labuan,83373,34824,2214
14/1/2022,W.P. Putrajaya,284239,174207,2917
15/1/2022,Johor,3551311,1519806,95346
15/1/2022,Kedah,1086830,565901,36850
15/1/2022,Kelantan,442622,244977,21624
15/1/2022,Melaka,899149,401773,23686
15/1/2022,Negeri Sembilan,1007542,498870,26153
15/1/2022,Pahang,1199289,511296,31733
15/1/2022,Perak,1962734,847986,58565
15/1/2022,Perlis,269230,160803,8979
15/1/2022,Pulau Pinang,2078048,857356,50482
15/1/2022,Sabah,1969837,690133,52750
15/1/2022,Sarawak,2024554,720098,44889
15/1/2022,Selangor,7672594,3378162,150818
15/1/2022,Terengganu,459207,243658,17658
15/1/2022,W.P. KualaLumpur,5425452,2415060,80483
15/1/2022,W.P. Labuan,76912,32542,1841
15/1/2022,W.P. Putrajaya,269454,168888,1919
16/1/2022,Johor,3537645,1468734,82203
16/1/2022,Kedah,1117552,579411,38448
16/1/2022,Kelantan,432526,245270,24584
16/1/2022,Melaka,833109,374089,17606
16/1/2022,Negeri Sembilan,949940,476486,19770
16/1/2022,Pahang,1095946,482750,23701
16/1/2022,Perak,1788728,791165,41901
16/1/2022,Perlis,237676,138109,6372
16/1/2022,Pulau Pinang,1950250,800280,36895
16/1/2022,Sabah,1877394,666146,40387
16/1/2022,Sarawak,1987414,707532,32859
16/1/2022,Selangor,7261931,3185927,111847
16/1/2022,Terengganu,468574,253111,21004
16/1/2022,W.P. KualaLumpur,5208842,2328524,60825
16/1/2022,W.P. Labuan,69911,30475,1361
16/1/2022,W.P. Putrajaya,278570,175793,1682
17/1/2022,Johor,3188013,1450381,104326
17/1/2022,Kedah,1024949,551862,40998
17/1/2022,Kelantan,401856,230894,24263
17/1/2022,Melaka,773240,364668,25923
17/1/2022,Negeri Sembilan,915562,459729,29057
17/1/2022,Pahang,1067387,477145,36613
17/1/2022,Perak,1744580,785136,62167
17/1/2022,Perlis,267225,165395,10238
17/1/2022,Pulau Pinang,1886963,831735,55820
17/1/2022,Sabah,1756145,668927,58335
17/1/2022,Sarawak,1675487,674031,50867
17/1/2022,Selangor,6725584,3147335,173134
17/1/2022,Terengganu,427128,236119,20548
17/1/2022,W.P. KualaLumpur,4804381,2254389,96339
17/1/2022,W.P. Labuan,77509,33259,2193
17/1/2022,W.P. Putrajaya,241430,151312,2917
18/1/2022,Johor,3147153,1410414,94036
18/1/2022,Kedah,929423,506894,35225
18/1/2022,Kelantan,398311,230832,24082
18/1/2022,Melaka,789912,373760,26399
18/1/2022,Negeri Sembilan,882640,445601,24745
18/1/2022,Pahang,1088299,487995,37050
18/1/2022,Perak,1673799,753085,54161
18/1/2022,Perlis,267087,159106,9744
18/1/2022,Pulau Pinang,1780398,777105,46495
18/1/2022,Sabah,1718214,658403,58721
18/1/2022,Sarawak,1694835,675879,51466
18/1/2022,Selangor,6873057,3082294,137966
18/1/2022,Terengganu,429975,236030,20833
18/1/2022,W.P. KualaLumpur,4827260,2200889,74218
18/1/2022,W.P. Labuan,78379,33710,2254
18/1/2022,W.P. Putrajaya,254043,155664,1829
19/1/2022,Johor,3217757,1450077,106460
19/1/2022,Kedah,984768,536680,41198
19/1/2022,Kelantan,386404,222988,23973
19/1/2022,Melaka,737239,349922,26279
19/1/2022,Negeri Sembilan,884297,446867,29837
19/1/2022,Pahang,1022734,456986,37143
19/1/2022,Perak,1709244,767175,63211
19/1/2022,Perlis,250302,159361,10400
19/1/2022,Pulau Pinang,1854417,830426,57360
19/1/2022,Sabah,1762764,667194,59116
19/1/2022,Sarawak,1723689,678834,51972
19/1/2022,Selangor,6560600,3114704,177282
19/1/2022,Terengganu,421877,231986,20752
19/1/2022,W.P. KualaLumpur,4720338,2218530,98616
19/1/2022,W.P. Labuan,78159,33695,2259
19/1/2022,W.P. Putrajaya,235860,149087,2979
20/1/2022,Johor,3179520,1446678,106137
20/1/2022,Kedah,990292,537651,41325
20/1/2022,Kelantan,401002,231232,24111
20/1/2022,Melaka,742758,352824,26318
20/1/2022,Negeri Sembilan,894223,452341,29739
20/1/2022,Pahang,1033508,465823,37126
20/1/2022,Perak,1728341,772897,63526
20/1/2022,Perlis,257832,163405,10349
20/1/2022,Pulau Pinang,1840645,828591,57406
20/1/2022,Sabah,1687065,650502,57966
20/1/2022,Sarawak,1605682,657498,50811
20/1/2022,Selangor,6655501,3159369,177747
20/1/2022,Terengganu,433347,238102,20822
20/1/2022,W.P. KualaLumpur,4797715,2268269,98759
20/1/2022,W.P. Labuan,77126,33364,2236
20/1/2022,W.P. Putrajaya,245670,154160,2988
21/1/2022,Johor,3369491,1493959,100073
21/1/2022,Kedah,980843,524929,30474
21/1/2022,Kelantan,369695,216198,13629
21/1/2022,Melaka,807607,375331,26250
21/1/2022,Negeri Sembilan,957126,481878,29669
21/1/2022,Pahang,1130231,499963,36499
21/1/2022,Perak,1807925,810258,63050
21/1/2022,Perlis,280830,173328,10063
21/1/2022,Pulau Pinang,1975453,867628,57388
21/1/2022,Sabah,1796442,678875,58686
21/1/2022,Sarawak,1819521,705766,52032
21/1/2022,Selangor,7113868,3309446,176317
21/1/2022,Terengganu,343831,202649,11112
21/1/2022,W.P. KualaLumpur,5180657,2397611,98384
21/1/2022,W.P. Labuan,79017,33906,2142
21/1/2022,W.P. Putrajaya,274519,170830,2957
22/1/2022,Johor,3533403,1512416,94588
22/1/2022,Kedah,1021752,545850,36616
22/1/2022,Kelantan,416439,234041,21098
22/1/2022,Melaka,882697,394475,23593
22/1/2022,Negeri Sembilan,1015946,505149,26495
22/1/2022,Pahang,1176627,503998,31696
22/1/2022,Perak,1935281,834507,57961
22/1/2022,Perlis,261407,157374,8884
22/1/2022,Pulau Pinang,2049570,850102,50275
22/1/2022,Sabah,1907902,679206,52021
22/1/2022,Sarawak,2009439,714537,44990
22/1/2022,Selangor,7416866,3292379,148464
22/1/2022,Terengganu,428861,232616,17236
22/1/2022,W.P. KualaLumpur,5164329,2344667,78419
22/1/2022,W.P. Labuan,75371,32358,1813
22/1/2022,W.P. Putrajaya,260303,167877,1941
23/1/2022,Johor,3514978,1451035,81915
23/1/2022,Kedah,1060430,556865,37608
23/1/2022,Kelantan,402244,231136,23777
23/1/2022,Melaka,805029,361887,17386
23/1/2022,Negeri Sembilan,945897,471643,19962
23/1/2022,Pahang,1045624,464785,23473
23/1/2022,Perak,1751732,771854,41334
23/1/2022,Perlis,225506,132406,6241
23/1/2022,Pulau Pinang,1933760,794136,36707
23/1/2022,Sabah,1800385,643889,40009
23/1/2022,Sarawak,1969160,698661,32945
23/1/2022,Selangor,7079833,3125855,111216
23/1/2022,Terengganu,443794,242259,20503
23/1/2022,W.P. KualaLumpur,5153465,2299139,60704
23/1/2022,W.P. Labuan,65226,28995,1329
23/1/2022,W.P. Putrajaya,278337,177133,1686
24/1/2022,Johor,3164516,1435031,103343
24/1/2022,Kedah,960939,525155,40169
24/1/2022,Kelantan,379437,220300,23454
24/1/2022,Melaka,741479,349271,25843
24/1/2022,Negeri Sembilan,877878,445506,28815
24/1/2022,Pahang,1012298,455590,36279
24/1/2022,Perak,1671374,757534,61515
24/1/2022,Perlis,252190,160051,10109
24/1/2022,Pulau Pinang,1832182,821100,55799
24/1/2022,Sabah,1738841,660747,57894
24/1/2022,Sarawak,1684001,667665,50023
24/1/2022,Selangor,6479487,3088613,171501
24/1/2022,Terengganu,419140,231492,20427
24/1/2022,W.P. KualaLumpur,4668026,2211116,95566
24/1/2022,W.P. Labuan,74434,32632,2144
24/1/2022,W.P. Putrajaya,239960,153327,2943
25/1/2022,Johor,3340148,1472113,105283
25/1/2022,Kedah,1023420,545197,40407
25/1/2022,Kelantan,407784,231511,23690
25/1/2022,Melaka,745406,353548,25962
25/1/2022,Negeri Sembilan,922154,456007,29179
25/1/2022,Pahang,1085338,471373,36926
25/1/2022,Perak,1771676,778150,62556
25/1/2022,Perlis,260569,162975,10198
25/1/2022,Pulau Pinang,1905205,837443,56743
25/1/2022,Sabah,1861748,683100,58504
25/1/2022,Sarawak,1855416,701127,50995
25/1/2022,Selangor,6740255,3169995,174899
25/1/2022,Terengganu,449296,240841,20504
25/1/2022,W.P. KualaLumpur,5031702,2330388,97955
25/1/2022,W.P. Labuan,88907,35693,2234
25/1/2022,W.P. Putrajaya,263689,163238,2942
26/1/2022,Johor,3380762,1482299,105401
26/1/2022,Kedah,1014383,543471,40763
26/1/2022,Kelantan,401086,229855,23552
26/1/2022,Melaka,794325,364643,26115
26/1/2022,Negeri Sembilan,950570,464532,29643
26/1/2022,Pahang,1079932,472988,36856
26/1/2022,Perak,1820381,791171,63206
26/1/2022,Perlis,256400,160580,10152
26/1/2022,Pulau Pinang,1927484,845357,57218
26/1/2022,Sabah,1822667,676997,58060
26/1/2022,Sarawak,1862362,703510,51063
26/1/2022,Selangor,7024095,3237543,176385
26/1/2022,Terengganu,447105,242801,20369
26/1/2022,W.P. KualaLumpur,5156237,2357647,98567
26/1/2022,W.P. Labuan,82151,33940,2184
26/1/2022,W.P. Putrajaya,268458,167240,2991
27/1/2022,Johor,3375234,1485726,104561
27/1/2022,Kedah,1015787,545264,40739
27/1/2022,Kelantan,414021,238003,23587
27/1/2022,Melaka,789973,363956,26260
27/1/2022,Negeri Sembilan,946286,468084,29547
27/1/2022,Pahang,1090128,482191,36778
27/1/2022,Perak,1773979,789593,62594
27/1/2022,Perlis,264562,166922,10204
27/1/2022,Pulau Pinang,1927541,846571,57036
27/1/2022,Sabah,1824080,679910,58152
27/1/2022,Sarawak,1908918,716633,50857
27/1/2022,Selangor,6895062,3219578,175290
27/1/2022,Terengganu,453446,246924,20314
27/1/2022,W.P. KualaLumpur,5082017,2348615,97653
27/1/2022,W.P. Labuan,82886,34447,2160
27/1/2022,W.P. Putrajaya,270467,169231,2947
28/1/2022,Johor,3616664,1533967,98086
28/1/2022,Kedah,1042615,546338,30669
28/1/2022,Kelantan,389084,226970,13526
28/1/2022,Melaka,871934,392529,26071
28/1/2022,Negeri Sembilan,1024869,502707,29195
28/1/2022,Pahang,1205593,528152,36046
28/1/2022,Perak,1995851,867496,62606
28/1/2022,Perlis,290465,176243,9811
28/1/2022,Pulau Pinang,2125434,900846,56463
28/1/2022,Sabah,1978626,715316,58201
28/1/2022,Sarawak,2093535,759992,50721
28/1/2022,Selangor,7399995,3368972,172073
28/1/2022,Terengganu,366646,215206,10968
28/1/2022,W.P. KualaLumpur,5406193,2469038,95771
28/1/2022,W.P. Labuan,88028,35893,2142
28/1/2022,W.P. Putrajaya,293664,185616,2865
29/1/2022,Johor,3843870,1565010,89695
29/1/2022,Kedah,1146395,585775,35956
29/1/2022,Kelantan,470358,261984,21094
29/1/2022,Melaka,973935,424091,22962
29/1/2022,Negeri Sembilan,1084430,527950,25785
29/1/2022,Pahang,1265935,548096,31364
29/1/2022,Perak,2212280,940994,56717
29/1/2022,Perlis,279551,162453,8641
29/1/2022,Pulau Pinang,2195585,881865,47772
29/1/2022,Sabah,2077974,713637,50669
29/1/2022,Sarawak,2337345,775662,41989
29/1/2022,Selangor,7684926,3315460,142650
29/1/2022,Terengganu,466781,253842,17139
29/1/2022,W.P. KualaLumpur,5498858,2418633,75721
29/1/2022,W.P. Labuan,84073,33696,1734
29/1/2022,W.P. Putrajaya,287108,183690,1869
30/1/2022,Johor,3807111,1509942,76233
30/1/2022,Kedah,1241132,618102,36527
30/1/2022,Kelantan,542193,295373,24318
30/1/2022,Melaka,948452,413555,17328
30/1/2022,Negeri Sembilan,1085264,516907,19884
30/1/2022,Pahang,1279113,549103,23927
30/1/2022,Perak,2210805,932483,42434
30/1/2022,Perlis,260585,147450,6249
30/1/2022,Pulau Pinang,2080360,830158,35307
30/1/2022,Sabah,2004981,684959,39668
30/1/2022,Sarawak,2248059,746077,31022
30/1/2022,Selangor,7095439,3062187,105885
30/1/2022,Terengganu,539292,285223,20510
30/1/2022,W.P. KualaLumpur,5305894,2313615,57609
30/1/2022,W.P. Labuan,71591,30178,1289
30/1/2022,W.P. Putrajaya,283165,182848,1590
31/1/2022,Johor,3000354,1361239,70370
31/1/2022,Kedah,1105823,572179,33558
31/1/2022,Kelantan,536134,296531,23560
31/1/2022,Melaka,805867,382674,19284
31/1/2022,Negeri Sembilan,1003186,500180,23286
31/1/2022,Pahang,1225989,542190,29547
31/1/2022,Perak,2006512,908731,48590
31/1/2022,Perlis,245992,144371,7549
31/1/2022,Pulau Pinang,1667897,763095,36502
31/1/2022,Sabah,1933084,688475,47639
31/1/2022,Sarawak,1793275,677060,33841
31/1/2022,Selangor,6035470,2859173,121079
31/1/2022,Terengganu,527708,282806,19754
31/1/2022,W.P. KualaLumpur,4578767,2187296,66542
31/1/2022,W.P. Labuan,76408,31223,1732
31/1/2022,W.P. Putrajaya,274368,172321,2531
1/2/2022,Johor,2366228,1159245,45552
1/2/2022,Kedah,860948,479145,22159
1/2/2022,Kelantan,455339,264334,17501
1/2/2022,Melaka,715459,362446,13583
1/2/2022,Negeri Sembilan,829995,456945,15207
1/2/2022,Pahang,1133041,533515,20141
1/2/2022,Perak,1632232,829039,31177
1/2/2022,Perlis,204714,124478,4983
1/2/2022,Pulau Pinang,1265314,634109,22830
1/2/2022,Sabah,1443655,572589,30272
1/2/2022,Sarawak,1104890,476812,17235
1/2/2022,Selangor,4923031,2491084,77563
1/2/2022,Terengganu,432860,247550,14291
1/2/2022,W.P. KualaLumpur,3670740,1810679,39349
1/2/2022,W.P. Labuan,56918,26022,1029
1/2/2022,W.P. Putrajaya,232029,145734,1448
2/2/2022,Johor,2544114,1223171,48778
2/2/2022,Kedah,896891,501898,23367
2/2/2022,Kelantan,463537,269474,18206
2/2/2022,Melaka,769812,385384,14274
2/2/2022,Negeri Sembilan,870537,476063,16155
2/2/2022,Pahang,1166013,546347,21146
2/2/2022,Perak,1798635,890688,33542
2/2/2022,Perlis,200426,124279,5051
2/2/2022,Pulau Pinang,1422415,683634,25450
2/2/2022,Sabah,1503861,589683,31872
2/2/2022,Sarawak,1355869,553691,19123
2/2/2022,Selangor,5251774,2614032,82148
2/2/2022,Terengganu,442423,251461,14983
2/2/2022,W.P. KualaLumpur,3795517,1857010,42214
2/2/2022,W.P. Labuan,58209,26269,1092
2/2/2022,W.P. Putrajaya,231328,144910,1520
3/2/2022,Johor,2799522,1329628,63611
3/2/2022,Kedah,1023562,549036,29681
3/2/2022,Kelantan,485251,276615,21374
3/2/2022,Melaka,793979,384168,18218
3/2/2022,Negeri Sembilan,927932,489657,21229
3/2/2022,Pahang,1272118,565603,27746
3/2/2022,Perak,2011031,941257,43501
3/2/2022,Perlis,248243,152061,6978
3/2/2022,Pulau Pinang,1772148,808226,35020
3/2/2022,Sabah,1789529,661406,43235
3/2/2022,Sarawak,1599668,640893,29954
3/2/2022,Selangor,5954523,2896617,118122
3/2/2022,Terengganu,472275,257264,17885
3/2/2022,W.P. KualaLumpur,4089278,2015950,57204
3/2/2022,W.P. Labuan,65081,28157,1410
3/2/2022,W.P. Putrajaya,259479,160929,2642
4/2/2022,Johor,3045243,1407864,72421
4/2/2022,Kedah,982309,532279,26768
4/2/2022,Kelantan,402471,243518,13493
4/2/2022,Melaka,884490,405260,21459
4/2/2022,Negeri Sembilan,988893,504897,24095
4/2/2022,Pahang,1298945,567329,30160
4/2/2022,Perak,2037124,932088,51291
4/2/2022,Perlis,263345,160938,8073
4/2/2022,Pulau Pinang,1923421,851571,43862
4/2/2022,Sabah,1882937,683063,51259
4/2/2022,Sarawak,1798762,695252,39842
4/2/2022,Selangor,6411438,3066125,137038
4/2/2022,Terengganu,365763,217622,10759
4/2/2022,W.P. KualaLumpur,4700959,2215311,73296
4/2/2022,W.P. Labuan,79052,32008,1862
4/2/2022,W.P. Putrajaya,268053,165024,2728
5/2/2022,Johor,3014750,1392231,72786
5/2/2022,Kedah,1034935,553112,32174
5/2/2022,Kelantan,437704,252053,19825
5/2/2022,Melaka,848317,396145,19848
5/2/2022,Negeri Sembilan,978218,503597,22314
5/2/2022,Pahang,1180827,527562,27152
5/2/2022,Perak,1959888,897000,48851
5/2/2022,Perlis,233376,144331,7507
5/2/2022,Pulau Pinang,1794956,800994,40396
5/2/2022,Sabah,1797157,657146,46816
5/2/2022,Sarawak,1864172,693341,36615
5/2/2022,Selangor,6447748,3045656,123289
5/2/2022,Terengganu,437233,242597,16244
5/2/2022,W.P. KualaLumpur,4543179,2130420,63056
5/2/2022,W.P. Labuan,72038,30940,1583
5/2/2022,W.P. Putrajaya,242192,151772,1817
6/2/2022,Johor,2924071,1328246,71333
6/2/2022,Kedah,1027597,550385,35524
6/2/2022,Kelantan,408236,238747,22831
6/2/2022,Melaka,714631,345758,15939
6/2/2022,Negeri Sembilan,882443,459959,18232
6/2/2022,Pahang,1003864,465094,21805
6/2/2022,Perak,1692463,794163,38432
6/2/2022,Perlis,196905,121630,5869
6/2/2022,Pulau Pinang,1673933,749281,33215
6/2/2022,Sabah,1624609,608369,36954
6/2/2022,Sarawak,1726864,667075,29486
6/2/2022,Selangor,6306468,2957121,101204
6/2/2022,Terengganu,436416,241054,19641
6/2/2022,W.P. KualaLumpur,4345550,2076170,53967
6/2/2022,W.P. Labuan,64423,28675,1294
6/2/2022,W.P. Putrajaya,241613,155049,1620
7/2/2022,Johor,3008992,1394063,95309
7/2/2022,Kedah,948578,520791,38336
7/2/2022,Kelantan,363374,215143,22131
7/2/2022,Melaka,709217,342505,24297
7/2/2022,Negeri Sembilan,875279,447558,27540
7/2/2022,Pahang,986365,453853,34009
7/2/2022,Perak,1709414,783764,58703
7/2/2022,Perlis,246408,155301,9723
7/2/2022,Pulau Pinang,1760239,805240,52951
7/2/2022,Sabah,1769524,662766,55981
7/2/2022,Sarawak,1714846,686655,48616
7/2/2022,Selangor,6372236,3052229,166070
7/2/2022,Terengganu,396345,222753,19309
7/2/2022,W.P. KualaLumpur,4494510,2154421,91256
7/2/2022,W.P. Labuan,78845,33081,2108
7/2/2022,W.P. Putrajaya,226881,145670,2902
8/2/2022,Johor,3068205,1403535,100525
8/2/2022,Kedah,944103,516877,39261
8/2/2022,Kelantan,339906,203754,21629
8/2/2022,Melaka,720085,344780,25275
8/2/2022,Negeri Sembilan,886687,445495,28429
8/2/2022,Pahang,955757,442225,34431
8/2/2022,Perak,1693873,763326,60793
8/2/2022,Perlis,246029,154118,10037
8/2/2022,Pulau Pinang,1690355,785921,53525
8/2/2022,Sabah,1720965,647124,57272
8/2/2022,Sarawak,1737862,686746,51283
8/2/2022,Selangor,6428186,3059294,172908
8/2/2022,Terengganu,363771,206979,18712
8/2/2022,W.P. KualaLumpur,4498997,2139853,95077
8/2/2022,W.P. Labuan,77349,33012,2180
8/2/2022,W.P. Putrajaya,231529,147867,2933
9/2/2022,Johor,2833195,1347058,98646
9/2/2022,Kedah,908063,504648,38692
9/2/2022,Kelantan,370581,217272,22483
9/2/2022,Melaka,677911,332561,24817
9/2/2022,Negeri Sembilan,857481,438182,28296
9/2/2022,Pahang,991885,449584,35263
9/2/2022,Perak,1663549,756380,59146
9/2/2022,Perlis,226581,144330,9490
9/2/2022,Pulau Pinang,1598515,755718,48656
9/2/2022,Sabah,1681089,637143,57058
9/2/2022,Sarawak,1729529,685035,51767
9/2/2022,Selangor,6244453,3002876,169037
9/2/2022,Terengganu,402379,222913,19653
9/2/2022,W.P. KualaLumpur,4402545,2102399,93467
9/2/2022,W.P. Labuan,77839,32995,2195
9/2/2022,W.P. Putrajaya,227443,145154,2934
10/2/2022,Johor,2721276,1312149,98478
10/2/2022,Kedah,926424,509515,39962
10/2/2022,Kelantan,370631,218050,22931
10/2/2022,Melaka,626511,317554,24678
10/2/2022,Negeri Sembilan,800183,422682,28205
10/2/2022,Pahang,921514,433999,35331
10/2/2022,Perak,1603862,744579,60998
10/2/2022,Perlis,243215,155850,10057
10/2/2022,Pulau Pinang,1664004,781606,55091
10/2/2022,Sabah,1570745,612946,56236
10/2/2022,Sarawak,1619107,665343,51429
10/2/2022,Selangor,5907593,2924370,171479
10/2/2022,Terengganu,380139,216636,19519
10/2/2022,W.P. KualaLumpur,4123467,2029711,94901
10/2/2022,W.P. Labuan,71673,31367,2138
10/2/2022,W.P. Putrajaya,216961,139236,2888
11/2/2022,Johor,3016681,1391972,96709
11/2/2022,Kedah,895479,495863,29854
11/2/2022,Kelantan,330879,201193,12936
11/2/2022,Melaka,722616,349417,25552
11/2/2022,Negeri Sembilan,898458,462399,28685
11/2/2022,Pahang,1015515,468321,34239
11/2/2022,Perak,1671969,779893,60405
11/2/2022,Perlis,260332,162806,9714
11/2/2022,Pulau Pinang,1749070,809770,55197
11/2/2022,Sabah,1624693,625579,56111
11/2/2022,Sarawak,1720778,692698,51942
11/2/2022,Selangor,6567885,3137422,172303
11/2/2022,Terengganu,310347,186510,10348
11/2/2022,W.P. KualaLumpur,4544269,2162353,94952
11/2/2022,W.P. Labuan,76227,32732,2130
11/2/2022,W.P. Putrajaya,245028,154083,2859
12/2/2022,Johor,3090163,1392028,91796
12/2/2022,Kedah,962711,518920,35882
12/2/2022,Kelantan,378478,217418,19549
12/2/2022,Melaka,754190,357597,22884
12/2/2022,Negeri Sembilan,925001,472478,25886
12/2/2022,Pahang,1078672,478166,31213
12/2/2022,Perak,1794404,800882,56527
12/2/2022,Perlis,235002,144259,8733
12/2/2022,Pulau Pinang,1760156,783003,48651
12/2/2022,Sabah,1513780,583800,48731
12/2/2022,Sarawak,1869644,697564,45295
12/2/2022,Selangor,6683657,3088795,147788
12/2/2022,Terengganu,401718,220292,16435
12/2/2022,W.P. KualaLumpur,4533554,2117059,77487
12/2/2022,W.P. Labuan,68484,29891,1703
12/2/2022,W.P. Putrajaya,228756,146600,1887
13/2/2022,Johor,3032528,1342286,77743
13/2/2022,Kedah,970587,523470,36288
13/2/2022,Kelantan,371899,218501,22405
13/2/2022,Melaka,674824,325069,16533
13/2/2022,Negeri Sembilan,851856,440569,19146
13/2/2022,Pahang,954928,442862,22777
13/2/2022,Perak,1573486,734073,39607
13/2/2022,Perlis,188441,116154,6142
13/2/2022,Pulau Pinang,1575149,712532,34772
13/2/2022,Sabah,1500063,567866,37677
13/2/2022,Sarawak,1821885,683873,32556
13/2/2022,Selangor,6232556,2893321,107460
13/2/2022,Terengganu,408574,227955,19684
13/2/2022,W.P. KualaLumpur,4223051,2016414,57259
13/2/2022,W.P. Labuan,61297,27444,1276
13/2/2022,W.P. Putrajaya,234717,150336,1635
14/2/2022,Johor,2921910,1364221,99699
14/2/2022,Kedah,892496,497036,38440
14/2/2022,Kelantan,328635,197354,21358
14/2/2022,Melaka,680884,330430,24744
14/2/2022,Negeri Sembilan,837666,431993,27929
14/2/2022,Pahang,974059,446624,35198
14/2/2022,Perak,1637438,749324,59616
14/2/2022,Perlis,229122,147964,9694
14/2/2022,Pulau Pinang,1662523,774108,53844
14/2/2022,Sabah,1589158,609575,55140
14/2/2022,Sarawak,1665377,673365,50359
14/2/2022,Selangor,6176773,2975080,168725
14/2/2022,Terengganu,370693,210401,19021
14/2/2022,W.P. KualaLumpur,4279503,2069423,92932
14/2/2022,W.P. Labuan,71216,31090,2092
14/2/2022,W.P. Putrajaya,219222,139886,2796
15/2/2022,Johor,2806989,1336879,99721
15/2/2022,Kedah,865639,485970,38120
15/2/2022,Kelantan,319829,192214,20758
15/2/2022,Melaka,650208,321730,24738
15/2/2022,Negeri Sembilan,824996,424471,27903
15/2/2022,Pahang,921062,428469,34742
15/2/2022,Perak,1589625,731174,60162
15/2/2022,Perlis,227066,146762,9797
15/2/2022,Pulau Pinang,1596505,754125,53697
15/2/2022,Sabah,1471729,581554,53943
15/2/2022,Sarawak,1634504,665173,48714
15/2/2022,Selangor,6169532,2974010,171932
15/2/2022,Terengganu,362181,206378,18662
15/2/2022,W.P. KualaLumpur,4301866,2059567,94625
15/2/2022,W.P. Labuan,69558,30608,2098
15/2/2022,W.P. Putrajaya,217778,139644,2843
16/2/2022,Johor,2815423,1335917,100501
16/2/2022,Kedah,901251,500181,39056
16/2/2022,Kelantan,348335,204784,21906
16/2/2022,Melaka,660348,324883,25044
16/2/2022,Negeri Sembilan,839161,430788,28650
16/2/2022,Pahang,965206,439626,35750
16/2/2022,Perak,1618994,740262,60991
16/2/2022,Perlis,226906,146393,9917
16/2/2022,Pulau Pinang,1609210,759234,54899
16/2/2022,Sabah,1492595,584469,55089
16/2/2022,Sarawak,1663469,669580,51616
16/2/2022,Selangor,6196360,2978310,173371
16/2/2022,Terengganu,384799,216123,19505
16/2/2022,W.P. KualaLumpur,4288188,2050367,95371
16/2/2022,W.P. Labuan,71122,30998,2090
16/2/2022,W.P. Putrajaya,212300,137010,2827
17/2/2022,Johor,2801933,1340499,101007
17/2/2022,Kedah,889321,493697,38972
17/2/2022,Kelantan,354218,209318,21936
17/2/2022,Melaka,637964,318347,24978
17/2/2022,Negeri Sembilan,821621,428545,28490
17/2/2022,Pahang,935390,430491,35188
17/2/2022,Perak,1589137,734071,61027
17/2/2022,Perlis,230832,149355,9818
17/2/2022,Pulau Pinang,1563358,749531,54692
17/2/2022,Sabah,1459427,579757,54987
17/2/2022,Sarawak,1598776,661123,51428
17/2/2022,Selangor,6049870,2956043,172863
17/2/2022,Terengganu,380247,214385,19144
17/2/2022,W.P. KualaLumpur,4147663,2025522,95048
17/2/2022,W.P. Labuan,66824,29763,2100
17/2/2022,W.P. Putrajaya,211042,135610,2835
18/2/2022,Johor,2860628,1348585,95424
18/2/2022,Kedah,856928,475722,29053
18/2/2022,Kelantan,310864,189902,12271
18/2/2022,Melaka,677190,333181,25025
18/2/2022,Negeri Sembilan,871675,450166,28493
18/2/2022,Pahang,1027051,466086,34949
18/2/2022,Perak,1646285,764027,60596
18/2/2022,Perlis,244259,154898,9568
18/2/2022,Pulau Pinang,1665640,779076,54761
18/2/2022,Sabah,1496861,591263,54787
18/2/2022,Sarawak,1686400,683528,51993
18/2/2022,Selangor,6418966,3080346,171331
18/2/2022,Terengganu,305105,183285,10364
18/2/2022,W.P. KualaLumpur,4440003,2125942,94436
18/2/2022,W.P. Labuan,69547,30539,2053
18/2/2022,W.P. Putrajaya,229131,145461,2759
19/2/2022,Johor,2936315,1346444,90388
19/2/2022,Kedah,904215,492671,34444
19/2/2022,Kelantan,355821,205124,19099
19/2/2022,Melaka,722850,343788,22368
19/2/2022,Negeri Sembilan,907235,463619,25550
19/2/2022,Pahang,1032942,462522,30645
19/2/2022,Perak,1731578,778109,55835
19/2/2022,Perlis,221423,138059,8525
19/2/2022,Pulau Pinang,1666197,749163,47779
19/2/2022,Sabah,1466006,565967,48313
19/2/2022,Sarawak,1773628,676389,44559
19/2/2022,Selangor,6608811,3054590,147157
19/2/2022,Terengganu,380709,210676,16238
19/2/2022,W.P. KualaLumpur,4474871,2095495,76957
19/2/2022,W.P. Labuan,64528,28487,1706
19/2/2022,W.P. Putrajaya,214746,140010,1868
20/2/2022,Johor,2885977,1305903,76278
20/2/2022,Kedah,927040,505165,35337
20/2/2022,Kelantan,359705,210488,21736
20/2/2022,Melaka,618980,308673,16210
20/2/2022,Negeri Sembilan,797066,420983,18597
20/2/2022,Pahang,909053,428234,22187
20/2/2022,Perak,1489698,708868,39004
20/2/2022,Perlis,181511,113368,5962
20/2/2022,Pulau Pinang,1495382,688908,34134
20/2/2022,Sabah,1292236,518929,36525
20/2/2022,Sarawak,1697364,657240,32002
20/2/2022,Selangor,5935366,2809561,106479
20/2/2022,Terengganu,395967,220872,19284
20/2/2022,W.P. KualaLumpur,4024283,1946471,56752
20/2/2022,W.P. Labuan,55181,25701,1253
20/2/2022,W.P. Putrajaya,213474,139845,1603
21/2/2022,Johor,2782239,1328283,98755
21/2/2022,Kedah,875848,488356,37578
21/2/2022,Kelantan,340744,200564,21442
21/2/2022,Melaka,613462,310652,24139
21/2/2022,Negeri Sembilan,801787,420727,27528
21/2/2022,Pahang,949699,435926,34928
21/2/2022,Perak,1598095,737078,59379
21/2/2022,Perlis,230397,147970,9635
21/2/2022,Pulau Pinang,1549265,740836,53397
21/2/2022,Sabah,1456911,581127,54557
21/2/2022,Sarawak,1554046,649253,50107
21/2/2022,Selangor,5824921,2878942,167036
21/2/2022,Terengganu,371508,210572,18896
21/2/2022,W.P. KualaLumpur,4027463,1987371,92065
21/2/2022,W.P. Labuan,67126,29582,2045
21/2/2022,W.P. Putrajaya,209530,135579,2819
22/2/2022,Johor,2809434,1338794,100120
22/2/2022,Kedah,853003,478169,37284
22/2/2022,Kelantan,338528,199855,21237
22/2/2022,Melaka,614551,310416,24539
22/2/2022,Negeri Sembilan,820324,422375,27639
22/2/2022,Pahang,936304,430660,34930
22/2/2022,Perak,1562685,724457,60317
22/2/2022,Perlis,226022,145572,9712
22/2/2022,Pulau Pinang,1533576,739276,53671
22/2/2022,Sabah,1485264,589915,55410
22/2/2022,Sarawak,1569424,652764,50858
22/2/2022,Selangor,5869913,2897474,170508
22/2/2022,Terengganu,370188,208025,18965
22/2/2022,W.P. KualaLumpur,4039078,1993675,93758
22/2/2022,W.P. Labuan,65250,29093,2049
22/2/2022,W.P. Putrajaya,215537,138251,2809
23/2/2022,Johor,2820606,1333473,100533
23/2/2022,Kedah,856739,477411,38099
23/2/2022,Kelantan,326746,194084,20705
23/2/2022,Melaka,645619,318854,24810
23/2/2022,Negeri Sembilan,817559,420802,28239
23/2/2022,Pahang,886752,415632,34465
23/2/2022,Perak,1519694,709155,60133
23/2/2022,Perlis,217493,140573,9649
23/2/2022,Pulau Pinang,1515512,729499,53742
23/2/2022,Sabah,1485593,590167,55775
23/2/2022,Sarawak,1571432,644646,50823
23/2/2022,Selangor,5919932,2890721,170737
23/2/2022,Terengganu,348767,199529,18229
23/2/2022,W.P. KualaLumpur,4054115,1975078,93970
23/2/2022,W.P. Labuan,65784,28926,2054
23/2/2022,W.P. Putrajaya,206901,133032,2816
24/2/2022,Johor,2571798,1269496,97447
24/2/2022,Kedah,824670,465981,37688
24/2/2022,Kelantan,323182,193627,20490
24/2/2022,Melaka,613537,310847,24735
24/2/2022,Negeri Sembilan,787742,414647,28043
24/2/2022,Pahang,797219,391287,32655
24/2/2022,Perak,1503945,711256,59916
24/2/2022,Perlis,218235,142765,9518
24/2/2022,Pulau Pinang,1472854,722181,53598
24/2/2022,Sabah,1465271,590242,55813
24/2/2022,Sarawak,1544296,645569,50873
24/2/2022,Selangor,5761072,2865017,168479
24/2/2022,Terengganu,343159,197110,17898
24/2/2022,W.P. KualaLumpur,3823012,1935423,91922
24/2/2022,W.P. Labuan,62918,28382,2049
24/2/2022,W.P. Putrajaya,206216,131692,2805
25/2/2022,Johor,2863445,1346349,94809
25/2/2022,Kedah,796832,445245,27000
25/2/2022,Kelantan,265017,163927,10312
25/2/2022,Melaka,699003,339354,24756
25/2/2022,Negeri Sembilan,859447,442923,28065
25/2/2022,Pahang,996978,455286,33400
25/2/2022,Perak,1657301,764563,60295
25/2/2022,Perlis,228351,146375,9003
25/2/2022,Pulau Pinang,1610924,762712,53527
25/2/2022,Sabah,1603018,626053,55650
25/2/2022,Sarawak,1806490,703477,51521
25/2/2022,Selangor,6128441,2998245,167462
25/2/2022,Terengganu,252389,155012,8616
25/2/2022,W.P. KualaLumpur,4277914,2092874,92472
25/2/2022,W.P. Labuan,77005,31796,2019
25/2/2022,W.P. Putrajaya,237713,146829,2718
26/2/2022,Johor,2985240,1362528,89911
26/2/2022,Kedah,915934,493753,33216
26/2/2022,Kelantan,294893,175416,15068
26/2/2022,Melaka,762352,358655,22425
26/2/2022,Negeri Sembilan,921979,466562,25379
26/2/2022,Pahang,1064194,469660,29931
26/2/2022,Perak,1675542,768979,54758
26/2/2022,Perlis,210395,130943,8045
26/2/2022,Pulau Pinang,1657366,747903,47076
26/2/2022,Sabah,1654361,621730,49748
26/2/2022,Sarawak,1951965,709325,44761
26/2/2022,Selangor,6636168,3057030,144481
26/2/2022,Terengganu,313984,181329,12671
26/2/2022,W.P. KualaLumpur,4433560,2101623,75564
26/2/2022,W.P. Labuan,70281,29462,1660
26/2/2022,W.P. Putrajaya,222186,141036,1835
27/2/2022,Johor,2882023,1295890,75281
27/2/2022,Kedah,945791,504535,33667
27/2/2022,Kelantan,297647,179363,16432
27/2/2022,Melaka,649880,317458,15992
27/2/2022,Negeri Sembilan,820240,427105,18664
27/2/2022,Pahang,899411,420291,20943
27/2/2022,Perak,1590380,735426,39137
27/2/2022,Perlis,186943,115515,5629
27/2/2022,Pulau Pinang,1525360,697060,33768
27/2/2022,Sabah,1462836,565887,37654
27/2/2022,Sarawak,1824971,674441,32191
27/2/2022,Selangor,6089660,2838205,104750
27/2/2022,Terengganu,336750,192362,15654
27/2/2022,W.P. KualaLumpur,4222731,2010988,56283
27/2/2022,W.P. Labuan,58884,26437,1217
27/2/2022,W.P. Putrajaya,227870,146487,1575
28/2/2022,Johor,2851607,1334094,97488
28/2/2022,Kedah,903662,493001,36918
28/2/2022,Kelantan,332065,193640,18511
28/2/2022,Melaka,685873,329626,23918
28/2/2022,Negeri Sembilan,874513,437371,27190
28/2/2022,Pahang,983581,439928,33436
28/2/2022,Perak,1596646,737345,58363
28/2/2022,Perlis,229474,145305,9360
28/2/2022,Pulau Pinang,1558941,740027,52033
28/2/2022,Sabah,1643877,630698,54943
28/2/2022,Sarawak,1791234,690762,49710
28/2/2022,Selangor,6178531,2953380,165399
28/2/2022,Terengganu,358471,200954,16538
28/2/2022,W.P. KualaLumpur,4305856,2092031,91183
28/2/2022,W.P. Labuan,74628,31101,2015
28/2/2022,W.P. Putrajaya,228772,144152,2719
1/3/2022,Johor,2866518,1342160,99775
1/3/2022,Kedah,836198,459267,33092
1/3/2022,Kelantan,346992,199593,19607
1/3/2022,Melaka,670474,325350,24298
1/3/2022,Negeri Sembilan,768168,396788,24157
1/3/2022,Pahang,951059,428255,34151
1/3/2022,Perak,1627841,738102,59540
1/3/2022,Perlis,218411,141027,8621
1/3/2022,Pulau Pinang,1607322,752964,53261
1/3/2022,Sabah,1656155,634339,55761
1/3/2022,Sarawak,1763225,684891,50443
1/3/2022,Selangor,6185081,2964947,168788
1/3/2022,Terengganu,324477,182688,14287
1/3/2022,W.P. KualaLumpur,4278785,2085898,92572
1/3/2022,W.P. Labuan,70963,30094,2021
1/3/2022,W.P. Putrajaya,227627,143908,2750
2/3/2022,Johor,2840626,1328641,100026
2/3/2022,Kedah,897175,487330,37527
2/3/2022,Kelantan,348263,200322,19894
2/3/2022,Melaka,680045,327344,24340
2/3/2022,Negeri Sembilan,868166,433600,28099
2/3/2022,Pahang,952655,425626,34458
2/3/2022,Perak,1599981,725919,60023
2/3/2022,Perlis,222289,141602,9504
2/3/2022,Pulau Pinang,1555090,736091,53315
2/3/2022,Sabah,1661390,640225,55816
2/3/2022,Sarawak,1806004,695526,51203
2/3/2022,Selangor,6193118,2954137,169655
2/3/2022,Terengganu,368467,203831,17456
2/3/2022,W.P. KualaLumpur,4298326,2073666,93056
2/3/2022,W.P. Labuan,75063,31498,2060
2/3/2022,W.P. Putrajaya,219070,139289,2729
3/3/2022,Johor,2795992,1325367,99880
3/3/2022,Kedah,902588,491640,37758
3/3/2022,Kelantan,356280,206156,20180
3/3/2022,Melaka,671947,325565,24774
3/3/2022,Negeri Sembilan,822970,425304,27918
3/3/2022,Pahang,936073,426921,34298
3/3/2022,Perak,1552477,721342,59890
3/3/2022,Perlis,229366,147138,9575
3/3/2022,Pulau Pinang,1571620,744064,53630
3/3/2022,Sabah,1692626,644427,56968
3/3/2022,Sarawak,1717722,674724,50745
3/3/2022,Selangor,6056650,2932665,169367
3/3/2022,Terengganu,366719,204767,17389
3/3/2022,W.P. KualaLumpur,4101898,2029858,92590
3/3/2022,W.P. Labuan,71600,30748,2031
3/3/2022,W.P. Putrajaya,218004,138339,2731
4/3/2022,Johor,2949681,1365017,94949
4/3/2022,Kedah,868614,475624,28226
4/3/2022,Kelantan,310695,188751,11417
4/3/2022,Melaka,702100,340176,24446
4/3/2022,Negeri Sembilan,844738,438745,27493
4/3/2022,Pahang,1012609,456507,33337
4/3/2022,Perak,1645284,757914,59351
4/3/2022,Perlis,243431,152696,9220
4/3/2022,Pulau Pinang,1654773,768840,53213
4/3/2022,Sabah,1710395,652222,56581
4/3/2022,Sarawak,1711289,673350,50718
4/3/2022,Selangor,6116656,2963092,165227
4/3/2022,Terengganu,282897,171066,9280
4/3/2022,W.P. KualaLumpur,4241668,2066427,91234
4/3/2022,W.P. Labuan,75107,31802,2020
4/3/2022,W.P. Putrajaya,233280,146263,2690
5/3/2022,Johor,2961158,1348864,89486
5/3/2022,Kedah,842421,465837,32333
5/3/2022,Kelantan,337269,197644,16973
5/3/2022,Melaka,784817,361984,22118
5/3/2022,Negeri Sembilan,859150,446490,24467
5/3/2022,Pahang,1013684,455682,29205
5/3/2022,Perak,1636669,755901,53729
5/3/2022,Perlis,212728,134020,8031
5/3/2022,Pulau Pinang,1600932,726956,45929
5/3/2022,Sabah,1687053,634089,49826
5/3/2022,Sarawak,1828616,678460,43826
5/3/2022,Selangor,6372686,2965083,141145
5/3/2022,Terengganu,353421,198812,14206
5/3/2022,W.P. KualaLumpur,4306759,2050235,74035
5/3/2022,W.P. Labuan,70003,29927,1658
5/3/2022,W.P. Putrajaya,221446,139910,1776
6/3/2022,Johor,3088332,1340867,76102
6/3/2022,Kedah,930714,501280,33179
6/3/2022,Kelantan,370409,214099,20327
6/3/2022,Melaka,711848,336930,16249
6/3/2022,Negeri Sembilan,863396,441366,18492
6/3/2022,Pahang,958700,441745,21584
6/3/2022,Perak,1587978,736082,38566
6/3/2022,Perlis,182142,113941,5588
6/3/2022,Pulau Pinang,1499679,683026,33200
6/3/2022,Sabah,1655316,619511,38590
6/3/2022,Sarawak,1732447,656783,31726
6/3/2022,Selangor,6291528,2902521,104820
6/3/2022,Terengganu,399889,219038,18025
6/3/2022,W.P. KualaLumpur,4386610,2061922,56159
6/3/2022,W.P. Labuan,64053,28084,1243
6/3/2022,W.P. Putrajaya,233321,150141,1577
7/3/2022,Johor,2700344,1296211,96241
7/3/2022,Kedah,860257,473960,35971
7/3/2022,Kelantan,341698,199562,20058
7/3/2022,Melaka,635297,314715,23547
7/3/2022,Negeri Sembilan,765075,402791,26377
7/3/2022,Pahang,936331,425371,33133
7/3/2022,Perak,1530072,714481,57146
7/3/2022,Perlis,222813,141996,9188
7/3/2022,Pulau Pinang,1448753,708354,50994
7/3/2022,Sabah,1690678,644751,56190
7/3/2022,Sarawak,1675822,664352,49011
7/3/2022,Selangor,5452321,2732177,159255
7/3/2022,Terengganu,372958,205802,18051
7/3/2022,W.P. KualaLumpur,3732113,1894759,87893
7/3/2022,W.P. Labuan,69824,29922,2014
7/3/2022,W.P. Putrajaya,196934,127246,2711
8/3/2022,Johor,2857121,1336027,98986
8/3/2022,Kedah,805475,453301,35338
8/3/2022,Kelantan,333231,195020,19963
8/3/2022,Melaka,665061,323354,24255
8/3/2022,Negeri Sembilan,808488,414864,26953
8/3/2022,Pahang,941837,424794,33939
8/3/2022,Perak,1520199,708439,58318
8/3/2022,Perlis,213000,138597,9187
8/3/2022,Pulau Pinang,1469967,712586,51789
8/3/2022,Sabah,1682042,643043,56656
8/3/2022,Sarawak,1618210,648490,49887
8/3/2022,Selangor,5896260,2862919,164812
8/3/2022,Terengganu,367437,202548,17888
8/3/2022,W.P. KualaLumpur,3949842,1968966,90540
8/3/2022,W.P. Labuan,64462,29282,2006
8/3/2022,W.P. Putrajaya,213545,136445,2720
9/3/2022,Johor,2792082,1316423,99092
9/3/2022,Kedah,863802,475500,36455
9/3/2022,Kelantan,335427,196058,19872
9/3/2022,Melaka,662331,322552,24275
9/3/2022,Negeri Sembilan,826021,419618,27636
9/3/2022,Pahang,915058,419027,33791
9/3/2022,Perak,1581115,718353,59261
9/3/2022,Perlis,213574,138162,9169
9/3/2022,Pulau Pinang,1535413,730502,52490
9/3/2022,Sabah,1640657,631888,56117
9/3/2022,Sarawak,1648963,650792,49997
9/3/2022,Selangor,6027186,2899234,167599
9/3/2022,Terengganu,366004,201706,17900
9/3/2022,W.P. KualaLumpur,4191763,2020729,91980
9/3/2022,W.P. Labuan,69318,30333,2033
9/3/2022,W.P. Putrajaya,211893,136338,2748
10/3/2022,Johor,2778505,1324620,98902
10/3/2022,Kedah,852387,471752,36682
10/3/2022,Kelantan,354134,205523,20049
10/3/2022,Melaka,643951,318909,24385
10/3/2022,Negeri Sembilan,782869,411035,27307
10/3/2022,Pahang,915732,423094,33706
10/3/2022,Perak,1491128,700384,57925
10/3/2022,Perlis,217174,140799,9195
10/3/2022,Pulau Pinang,1470078,717729,52117
10/3/2022,Sabah,1649636,639665,56627
10/3/2022,Sarawak,1596559,643328,49649
10/3/2022,Selangor,5839832,2860059,166472
10/3/2022,Terengganu,375630,206838,17791
10/3/2022,W.P. KualaLumpur,3987567,1977063,91272
10/3/2022,W.P. Labuan,70108,30582,2007
10/3/2022,W.P. Putrajaya,209797,134960,2726
11/3/2022,Johor,2864965,1366621,94387
11/3/2022,Kedah,818076,457570,27299
11/3/2022,Kelantan,312566,189459,11505
11/3/2022,Melaka,695880,338877,24361
11/3/2022,Negeri Sembilan,847480,439218,27202
11/3/2022,Pahang,993811,453344,33179
11/3/2022,Perak,1590861,744901,58394
11/3/2022,Perlis,231739,147646,9027
11/3/2022,Pulau Pinang,1588954,751957,52431
11/3/2022,Sabah,1636011,641361,56240
11/3/2022,Sarawak,1666393,659437,49905
11/3/2022,Selangor,6237421,2992428,165073
11/3/2022,Terengganu,299393,179526,9773
11/3/2022,W.P. KualaLumpur,4319197,2085529,90884
11/3/2022,W.P. Labuan,73867,31780,1963
11/3/2022,W.P. Putrajaya,235502,148161,2663
12/3/2022,Johor,3708070,1612542,82084
12/3/2022,Kedah,863013,476244,32460
12/3/2022,Kelantan,350417,203066,17397
12/3/2022,Melaka,735169,347032,21680
12/3/2022,Negeri Sembilan,859141,445493,24327
12/3/2022,Pahang,1006441,457871,29164
12/3/2022,Perak,1642519,757679,53669
12/3/2022,Perlis,208201,131530,7915
12/3/2022,Pulau Pinang,1610525,731926,45957
12/3/2022,Sabah,1661726,632775,49679
12/3/2022,Sarawak,1730410,652737,43033
12/3/2022,Selangor,6380692,2963805,140994
12/3/2022,Terengganu,364428,203408,15038
12/3/2022,W.P. KualaLumpur,4383664,2053306,74240
12/3/2022,W.P. Labuan,68134,29735,1638
12/3/2022,W.P. Putrajaya,214147,138359,1802
13/3/2022,Johor,2957005,1334017,73291
13/3/2022,Kedah,905898,493889,33057
13/3/2022,Kelantan,347862,204840,19480
13/3/2022,Melaka,679118,329944,15948
13/3/2022,Negeri Sembilan,821328,432891,18089
13/3/2022,Pahang,918703,436284,21278
13/3/2022,Perak,1499499,713477,37602
13/3/2022,Perlis,173293,109307,5530
13/3/2022,Pulau Pinang,1413401,663722,32564
13/3/2022,Sabah,1590275,609979,38302
13/3/2022,Sarawak,1643720,632129,31134
13/3/2022,Selangor,5989610,2818068,103361
13/3/2022,Terengganu,372014,209262,17448
13/3/2022,W.P. KualaLumpur,4126530,1975390,55609
13/3/2022,W.P. Labuan,64209,28522,1247
13/3/2022,W.P. Putrajaya,222065,145391,1543
14/3/2022,Johor,2669085,1295916,94475
14/3/2022,Kedah,807978,458210,35329
14/3/2022,Kelantan,337958,198594,19726
14/3/2022,Melaka,656545,324268,23710
14/3/2022,Negeri Sembilan,773884,409329,26346
14/3/2022,Pahang,926473,428865,33028
14/3/2022,Perak,1521753,716307,56787
14/3/2022,Perlis,206035,137028,8826
14/3/2022,Pulau Pinang,1465145,714047,50872
14/3/2022,Sabah,1613115,632680,55041
14/3/2022,Sarawak,1489865,617183,47728
14/3/2022,Selangor,5604662,2789738,160646
14/3/2022,Terengganu,351735,199434,17630
14/3/2022,W.P. KualaLumpur,3841771,1927093,88939
14/3/2022,W.P. Labuan,68092,30053,2005
14/3/2022,W.P. Putrajaya,201088,130635,2688
15/3/2022,Johor,2583773,1268362,95409
15/3/2022,Kedah,826278,463362,35634
15/3/2022,Kelantan,334096,196525,19530
15/3/2022,Melaka,650679,321555,24034
15/3/2022,Negeri Sembilan,744645,396778,26597
15/3/2022,Pahang,900044,418462,33435
15/3/2022,Perak,1520453,710736,58394
15/3/2022,Perlis,209006,137817,9023
15/3/2022,Pulau Pinang,1457568,712624,51624
15/3/2022,Sabah,1597101,628869,55605
15/3/2022,Sarawak,1459896,608428,47647
15/3/2022,Selangor,5695356,2816169,164869
15/3/2022,Terengganu,353145,199124,17761
15/3/2022,W.P. KualaLumpur,3944191,1960082,91114
15/3/2022,W.P. Labuan,68858,30563,2017
15/3/2022,W.P. Putrajaya,210702,135303,2715
16/3/2022,Johor,2808812,1321082,97385
16/3/2022,Kedah,809387,460397,35632
16/3/2022,Kelantan,330387,194854,19341
16/3/2022,Melaka,683488,330421,24427
16/3/2022,Negeri Sembilan,800973,415273,27183
16/3/2022,Pahang,931120,427478,33724
16/3/2022,Perak,1521232,708972,58348
16/3/2022,Perlis,204382,134587,9148
16/3/2022,Pulau Pinang,1443263,708023,51464
16/3/2022,Sabah,1630171,634255,55668
16/3/2022,Sarawak,1624912,643218,49280
16/3/2022,Selangor,5841647,2860729,165356
16/3/2022,Terengganu,351873,198776,17703
16/3/2022,W.P. KualaLumpur,4069397,1989402,91278
16/3/2022,W.P. Labuan,70467,30962,2017
16/3/2022,W.P. Putrajaya,210819,136604,2746
17/3/2022,Johor,2660252,1294272,96449
17/3/2022,Kedah,793409,454017,35730
17/3/2022,Kelantan,328789,195670,19226
17/3/2022,Melaka,648426,323325,24505
17/3/2022,Negeri Sembilan,760322,407111,27124
17/3/2022,Pahang,907154,427379,33714
17/3/2022,Perak,1476856,703635,58601
17/3/2022,Perlis,208651,138173,9070
17/3/2022,Pulau Pinang,1417524,706123,51525
17/3/2022,Sabah,1607302,632268,55709
17/3/2022,Sarawak,1539860,633958,49050
17/3/2022,Selangor,5651566,2824028,164742
17/3/2022,Terengganu,343553,196655,17226
17/3/2022,W.P. KualaLumpur,3881373,1944216,90841
17/3/2022,W.P. Labuan,69505,30856,2020
17/3/2022,W.P. Putrajaya,208958,134415,2703
18/3/2022,Johor,2816053,1335380,92077
18/3/2022,Kedah,808941,458366,26811
18/3/2022,Kelantan,299354,183155,10878
18/3/2022,Melaka,718901,349354,24257
18/3/2022,Negeri Sembilan,852122,444006,26956
18/3/2022,Pahang,1013621,465273,32877
18/3/2022,Perak,1629289,759088,58668
18/3/2022,Perlis,231447,149372,8866
18/3/2022,Pulau Pinang,1582826,757070,51836
18/3/2022,Sabah,1633229,641882,55164
18/3/2022,Sarawak,1529188,632664,48460
18/3/2022,Selangor,6281613,3037064,164051
18/3/2022,Terengganu,284089,172201,9358
18/3/2022,W.P. KualaLumpur,4370577,2111174,90557
18/3/2022,W.P. Labuan,74124,32132,1965
18/3/2022,W.P. Putrajaya,244810,153402,2685
19/3/2022,Johor,2965428,1354469,86982
19/3/2022,Kedah,854503,475861,31928
19/3/2022,Kelantan,328560,192545,16466
19/3/2022,Melaka,764931,359137,21732
19/3/2022,Negeri Sembilan,903967,462993,24567
19/3/2022,Pahang,1045484,472682,29098
19/3/2022,Perak,1696311,771160,53635
19/3/2022,Perlis,210643,133810,7888
19/3/2022,Pulau Pinang,1604718,737188,45449
19/3/2022,Sabah,1597152,617839,48499
19/3/2022,Sarawak,1684077,645092,42494
19/3/2022,Selangor,6596785,3061573,141055
19/3/2022,Terengganu,363343,203030,14588
19/3/2022,W.P. KualaLumpur,4489364,2108955,74449
19/3/2022,W.P. Labuan,71746,30883,1659
19/3/2022,W.P. Putrajaya,232805,148813,1812
20/3/2022,Johor,3026803,1334757,74190
20/3/2022,Kedah,908856,500145,32840
20/3/2022,Kelantan,351560,207500,19119
20/3/2022,Melaka,677938,327192,15897
20/3/2022,Negeri Sembilan,853957,441334,18196
20/3/2022,Pahang,909523,432573,21080
20/3/2022,Perak,1542493,724491,37925
20/3/2022,Perlis,174854,110480,5556
20/3/2022,Pulau Pinang,1458403,680594,32870
20/3/2022,Sabah,1565197,604310,37098
20/3/2022,Sarawak,1615838,630678,31009
20/3/2022,Selangor,6236032,2915421,103945
20/3/2022,Terengganu,388408,216872,17372
20/3/2022,W.P. KualaLumpur,4238224,2028634,55825
20/3/2022,W.P. Labuan,65159,29149,1244
20/3/2022,W.P. Putrajaya,236157,152779,1596
21/3/2022,Johor,2634249,1290608,95611
21/3/2022,Kedah,802468,462054,35575
21/3/2022,Kelantan,305255,186387,19055
21/3/2022,Melaka,626085,314574,23800
21/3/2022,Negeri Sembilan,790967,414945,26828
21/3/2022,Pahang,890586,421402,33515
21/3/2022,Perak,1480066,702896,56974
21/3/2022,Perlis,203593,134471,8899
21/3/2022,Pulau Pinang,1405233,702370,50180
21/3/2022,Sabah,1533153,621297,54557
21/3/2022,Sarawak,1448142,614284,48265
21/3/2022,Selangor,5783548,2863336,161807
21/3/2022,Terengganu,339694,196788,17458
21/3/2022,W.P. KualaLumpur,3960198,1969094,89622
21/3/2022,W.P. Labuan,67672,30621,2020
21/3/2022,W.P. Putrajaya,211118,135989,2778
22/3/2022,Johor,2620162,1291806,96950
22/3/2022,Kedah,792699,458233,36000
22/3/2022,Kelantan,300590,182929,19000
22/3/2022,Melaka,618604,315199,24147
22/3/2022,Negeri Sembilan,772656,409599,27108
22/3/2022,Pahang,848995,408496,33693
22/3/2022,Perak,1500862,707968,58888
22/3/2022,Perlis,209277,139274,9228
22/3/2022,Pulau Pinang,1452411,722171,51668
22/3/2022,Sabah,1506890,615484,55535
22/3/2022,Sarawak,1493337,623412,49406
22/3/2022,Selangor,5627521,2828093,165335
22/3/2022,Terengganu,335519,193506,17436
22/3/2022,W.P. KualaLumpur,3893323,1952653,91471
22/3/2022,W.P. Labuan,68846,31055,2053
22/3/2022,W.P. Putrajaya,210142,135937,2746
23/3/2022,Johor,2545493,1168296,70583
23/3/2022,Kedah,768177,448370,35885
23/3/2022,Kelantan,299254,182077,18804
23/3/2022,Melaka,667243,328871,24481
23/3/2022,Negeri Sembilan,778748,413636,27405
23/3/2022,Pahang,876105,416436,33880
23/3/2022,Perak,1462933,698569,58641
23/3/2022,Perlis,200254,134906,9115
23/3/2022,Pulau Pinang,1452547,720270,52046
23/3/2022,Sabah,1555429,625926,56134
23/3/2022,Sarawak,1546690,630812,49764
23/3/2022,Selangor,5787441,2882155,166306
23/3/2022,Terengganu,337068,195400,17567
23/3/2022,W.P. KualaLumpur,4089710,2008536,92042
23/3/2022,W.P. Labuan,71469,32203,2060
23/3/2022,W.P. Putrajaya,208781,136758,2751
24/3/2022,Johor,2562169,1272947,97187
24/3/2022,Kedah,797846,458605,36334
24/3/2022,Kelantan,310795,187798,18848
24/3/2022,Melaka,614876,313724,24475
24/3/2022,Negeri Sembilan,759649,408218,27380
24/3/2022,Pahang,885507,422590,33959
24/3/2022,Perak,1473324,705444,58926
24/3/2022,Perlis,207568,140245,9164
24/3/2022,Pulau Pinang,1439676,721661,52288
24/3/2022,Sabah,1497325,614176,55415
24/3/2022,Sarawak,1454226,614797,49162
24/3/2022,Selangor,5549585,2813386,165082
24/3/2022,Terengganu,348507,199203,17503
24/3/2022,W.P. KualaLumpur,3837835,1935732,91158
24/3/2022,W.P. Labuan,68375,31106,2030
24/3/2022,W.P. Putrajaya,205715,133541,2741
25/3/2022,Johor,2598427,1273696,90540
25/3/2022,Kedah,764359,434149,26116
25/3/2022,Kelantan,277796,169518,10383
25/3/2022,Melaka,680825,335194,24321
25/3/2022,Negeri Sembilan,803742,427023,26979
25/3/2022,Pahang,965225,451608,32992
25/3/2022,Perak,1531233,736139,58315
25/3/2022,Perlis,218743,143690,8798
25/3/2022,Pulau Pinang,1506180,741609,51706
25/3/2022,Sabah,1632322,643099,55857
25/3/2022,Sarawak,1633102,649396,49856
25/3/2022,Selangor,5894823,2926178,162959
25/3/2022,Terengganu,269642,163342,9116
25/3/2022,W.P. KualaLumpur,4174338,2065045,90284
25/3/2022,W.P. Labuan,78024,33199,2026
25/3/2022,W.P. Putrajaya,240745,150434,2635
26/3/2022,Johor,2062080,921662,79284
26/3/2022,Kedah,640154,337070,28934
26/3/2022,Kelantan,230892,127837,14023
26/3/2022,Melaka,599216,272324,20200
26/3/2022,Negeri Sembilan,654056,329687,22441
26/3/2022,Pahang,754318,324703,25948
26/3/2022,Perak,1269266,555818,49054
26/3/2022,Perlis,163185,99166,7152
26/3/2022,Pulau Pinang,1258283,553527,42215
26/3/2022,Sabah,1152893,399327,43639
26/3/2022,Sarawak,1291176,447633,39360
26/3/2022,Selangor,5027809,2270276,130728
26/3/2022,Terengganu,250094,134900,12958
26/3/2022,W.P. KualaLumpur,3554320,1635524,70134
26/3/2022,W.P. Labuan,54607,22025,1537
26/3/2022,W.P. Putrajaya,192307,119437,1743
27/3/2022,Johor,2116836,940676,68744
27/3/2022,Kedah,662744,354483,30048
27/3/2022,Kelantan,222080,128966,16311
27/3/2022,Melaka,559993,259916,14900
27/3/2022,Negeri Sembilan,627803,324589,16712
27/3/2022,Pahang,688491,310886,18861
27/3/2022,Perak,1176122,539197,34488
27/3/2022,Perlis,140141,86177,4994
27/3/2022,Pulau Pinang,1150770,522059,30269
27/3/2022,Sabah,1066409,382776,32623
27/3/2022,Sarawak,1211371,437104,28460
27/3/2022,Selangor,4877241,2222293,96189
27/3/2022,Terengganu,256365,143710,15521
27/3/2022,W.P. KualaLumpur,3390361,1594581,52803
27/3/2022,W.P. Labuan,47391,20359,1137
27/3/2022,W.P. Putrajaya,202018,126852,1537
28/3/2022,Johor,1919664,926625,87994
28/3/2022,Kedah,596749,334694,32304
28/3/2022,Kelantan,208587,123119,16119
28/3/2022,Melaka,506090,246935,22334
28/3/2022,Negeri Sembilan,576343,300443,24612
28/3/2022,Pahang,644654,293396,30165
28/3/2022,Perak,1110395,515745,52889
28/3/2022,Perlis,161376,106173,8289
28/3/2022,Pulau Pinang,1156797,558796,47924
28/3/2022,Sabah,990318,390037,48480
28/3/2022,Sarawak,1134452,447808,45245
28/3/2022,Selangor,4545754,2215766,151981
28/3/2022,Terengganu,244739,138967,15514
28/3/2022,W.P. KualaLumpur,3199566,1571778,85624
28/3/2022,W.P. Labuan,51212,22280,1876
28/3/2022,W.P. Putrajaya,183235,115490,2624
29/3/2022,Johor,2015562,953218,90059
29/3/2022,Kedah,595763,335409,32403
29/3/2022,Kelantan,209872,124502,16024
29/3/2022,Melaka,512167,249337,22759
29/3/2022,Negeri Sembilan,557533,293515,24813
29/3/2022,Pahang,641028,292809,30545
29/3/2022,Perak,1102691,510591,53628
29/3/2022,Perlis,159906,106038,8409
29/3/2022,Pulau Pinang,1174703,565769,48598
29/3/2022,Sabah,1090053,413199,49741
29/3/2022,Sarawak,1164281,456900,46028
29/3/2022,Selangor,4532311,2223084,154893
29/3/2022,Terengganu,250003,140290,15547
29/3/2022,W.P. KualaLumpur,3231279,1583478,86766
29/3/2022,W.P. Labuan,54921,23599,1926
29/3/2022,W.P. Putrajaya,177510,113713,2591
30/3/2022,Johor,2059064,971383,90547
30/3/2022,Kedah,616138,344987,32992
30/3/2022,Kelantan,216726,127846,15965
30/3/2022,Melaka,531553,256364,22761
30/3/2022,Negeri Sembilan,586657,304366,25266
30/3/2022,Pahang,654315,298374,30577
30/3/2022,Perak,1125551,521049,54070
30/3/2022,Perlis,159369,106437,8269
30/3/2022,Pulau Pinang,1206619,576834,48954
30/3/2022,Sabah,1103142,417542,49733
30/3/2022,Sarawak,1188895,465972,46451
30/3/2022,Selangor,4709435,2278996,155741
30/3/2022,Terengganu,251182,141296,15538
30/3/2022,W.P. KualaLumpur,3310412,1617742,87070
30/3/2022,W.P. Labuan,55487,23807,1939
30/3/2022,W.P. Putrajaya,180505,115542,2650
31/3/2022,Johor,2086152,988391,89703
31/3/2022,Kedah,610037,345910,32227
31/3/2022,Kelantan,223239,132013,15791
31/3/2022,Melaka,530964,259572,22913
31/3/2022,Negeri Sembilan,609260,316992,25213
31/3/2022,Pahang,665436,305875,30198
31/3/2022,Perak,1139655,529169,53613
31/3/2022,Perlis,160732,107922,8203
31/3/2022,Pulau Pinang,1177255,574251,48651
31/3/2022,Sabah,1101507,421732,49546
31/3/2022,Sarawak,1175334,469820,45787
31/3/2022,Selangor,4791818,2335014,154701
31/3/2022,Terengganu,257545,144356,15239
31/3/2022,W.P. KualaLumpur,3441187,1680720,86887
31/3/2022,W.P. Labuan,55978,24125,1892
31/3/2022,W.P. Putrajaya,188198,120325,2593
1/4/2022,Johor,2262173,1044639,85016
1/4/2022,Kedah,625257,348998,23834
1/4/2022,Kelantan,217594,130300,9003
1/4/2022,Melaka,588433,281877,22544
1/4/2022,Negeri Sembilan,649106,339876,24969
1/4/2022,Pahang,754062,340460,29539
1/4/2022,Perak,1242898,575151,53693
1/4/2022,Perlis,186486,119829,8062
1/4/2022,Pulau Pinang,1319025,622549,48794
1/4/2022,Sabah,1224816,454686,50312
1/4/2022,Sarawak,1311125,505188,46167
1/4/2022,Selangor,5256785,2506891,153777
1/4/2022,Terengganu,210702,123999,7895
1/4/2022,W.P. KualaLumpur,3736488,1805588,86549
1/4/2022,W.P. Labuan,61974,25703,1892
1/4/2022,W.P. Putrajaya,212871,135503,2533
2/4/2022,Johor,2536226,1105589,78913
2/4/2022,Kedah,718367,384738,27378
2/4/2022,Kelantan,260495,148953,13129
2/4/2022,Melaka,651693,294254,19410
2/4/2022,Negeri Sembilan,736150,370337,21731
2/4/2022,Pahang,840509,361301,24877
2/4/2022,Perak,1415382,622039,47637
2/4/2022,Perlis,177866,109149,6751
2/4/2022,Pulau Pinang,1372172,610161,41580
2/4/2022,Sabah,1384542,475319,43524
2/4/2022,Sarawak,1491689,524107,39298
2/4/2022,Selangor,5816053,2605226,128211
2/4/2022,Terengganu,278676,150034,11521
2/4/2022,W.P. KualaLumpur,4007749,1875589,69239
2/4/2022,W.P. Labuan,67505,26280,1570
2/4/2022,W.P. Putrajaya,226605,144895,1642
3/4/2022,Johor,2013803,932971,52892
3/4/2022,Kedah,513143,299005,19766
3/4/2022,Kelantan,181764,116435,12243
3/4/2022,Melaka,455709,225975,11895
3/4/2022,Negeri Sembilan,567816,304548,14339
3/4/2022,Pahang,579923,280137,15031
3/4/2022,Perak,1101051,520419,29951
3/4/2022,Perlis,116557,75489,3986
3/4/2022,Pulau Pinang,1058494,498860,27796
3/4/2022,Sabah,1040165,394165,30479
3/4/2022,Sarawak,1257199,477503,27561
3/4/2022,Selangor,4273357,2093897,85314
3/4/2022,Terengganu,194587,120203,10725
3/4/2022,W.P. KualaLumpur,2959197,1484863,48515
3/4/2022,W.P. Labuan,42450,20197,1043
3/4/2022,W.P. Putrajaya,149043,102447,1280
4/4/2022,Johor,1908612,952735,76919
4/4/2022,Kedah,501221,307087,26970
4/4/2022,Kelantan,155440,102752,12215
4/4/2022,Melaka,414256,215972,16371
4/4/2022,Negeri Sembilan,538904,298530,22262
4/4/2022,Pahang,555531,279262,25714
4/4/2022,Perak,1041727,511195,48193
4/4/2022,Perlis,141492,98940,7134
4/4/2022,Pulau Pinang,1072341,552626,44880
4/4/2022,Sabah,950385,397158,46444
4/4/2022,Sarawak,1087001,464582,43693
4/4/2022,Selangor,4086807,2155514,141849
4/4/2022,Terengganu,179585,113475,11333
4/4/2022,W.P. KualaLumpur,2830790,1483999,80893
4/4/2022,W.P. Labuan,43479,21664,1767
4/4/2022,W.P. Putrajaya,133470,94739,2482
5/4/2022,Johor,1903710,962303,83081
5/4/2022,Kedah,477955,297536,27055
5/4/2022,Kelantan,146184,96987,12128
5/4/2022,Melaka,430475,230675,20175
5/4/2022,Negeri Sembilan,497102,279791,22433
5/4/2022,Pahang,514093,263624,25765
5/4/2022,Perak,972363,483448,47784
5/4/2022,Perlis,132006,94593,7000
5/4/2022,Pulau Pinang,1038157,543541,44742
5/4/2022,Sabah,913215,388554,46878
5/4/2022,Sarawak,1073091,459919,43720
5/4/2022,Selangor,3882059,2079666,144182
5/4/2022,Terengganu,172338,109415,11462
5/4/2022,W.P. KualaLumpur,2748049,1453419,82244
5/4/2022,W.P. Labuan,45421,22551,1793
5/4/2022,W.P. Putrajaya,128480,92022,2496
6/4/2022,Johor,1843000,942862,83575
6/4/2022,Kedah,482350,299698,27692
6/4/2022,Kelantan,141580,94023,11831
6/4/2022,Melaka,447135,235857,20273
6/4/2022,Negeri Sembilan,509541,283052,22965
6/4/2022,Pahang,518758,264549,26467
6/4/2022,Perak,961733,480088,48984
6/4/2022,Perlis,132764,95469,7136
6/4/2022,Pulau Pinang,1074537,555705,46236
6/4/2022,Sabah,954858,397138,47507
6/4/2022,Sarawak,1081574,460717,44889
6/4/2022,Selangor,4202658,2186130,147682
6/4/2022,Terengganu,162093,104641,11330
6/4/2022,W.P. KualaLumpur,2944411,1519928,83943
6/4/2022,W.P. Labuan,46353,22570,1839
6/4/2022,W.P. Putrajaya,129492,94688,2489
7/4/2022,Johor,1927488,976449,83983
7/4/2022,Kedah,484259,299108,27737
7/4/2022,Kelantan,148373,97050,11879
7/4/2022,Melaka,440451,234757,20521
7/4/2022,Negeri Sembilan,475609,273502,22598
7/4/2022,Pahang,511998,265756,26265
7/4/2022,Perak,989855,493982,49479
7/4/2022,Perlis,134760,97290,7117
7/4/2022,Pulau Pinang,1067585,558458,46488
7/4/2022,Sabah,936360,396690,47108
7/4/2022,Sarawak,1026732,452507,44690
7/4/2022,Selangor,4015982,2144365,146395
7/4/2022,Terengganu,172724,108999,11556
7/4/2022,W.P. KualaLumpur,2760059,1481856,82435
7/4/2022,W.P. Labuan,45116,22364,1822
7/4/2022,W.P. Putrajaya,126617,94023,2407
8/4/2022,Johor,2079888,1023954,80818
8/4/2022,Kedah,523207,310398,21039
8/4/2022,Kelantan,158751,101109,6845
8/4/2022,Melaka,488900,254662,20570
8/4/2022,Negeri Sembilan,555862,309162,23072
8/4/2022,Pahang,591661,295260,26379
8/4/2022,Perak,1072627,527909,49881
8/4/2022,Perlis,148882,104069,7104
8/4/2022,Pulau Pinang,1176022,594555,46713
8/4/2022,Sabah,1002204,416017,47232
8/4/2022,Sarawak,1148701,484590,45396
8/4/2022,Selangor,4480769,2334757,146758
8/4/2022,Terengganu,151701,96470,6020
8/4/2022,W.P. KualaLumpur,3163623,1641083,83195
8/4/2022,W.P. Labuan,49595,23601,1792
8/4/2022,W.P. Putrajaya,150128,109281,2367
9/4/2022,Johor,2263475,1053567,76641
9/4/2022,Kedah,557672,321371,25236
9/4/2022,Kelantan,182230,111607,10679
9/4/2022,Melaka,543979,261394,18153
9/4/2022,Negeri Sembilan,611848,323871,20803
9/4/2022,Pahang,648066,302273,22771
9/4/2022,Perak,1162737,544376,45481
9/4/2022,Perlis,139710,92656,6278
9/4/2022,Pulau Pinang,1212106,576008,40796
9/4/2022,Sabah,1052763,407234,41133
9/4/2022,Sarawak,1238651,477844,38645
9/4/2022,Selangor,4624043,2293956,124571
9/4/2022,Terengganu,188618,111449,9895
9/4/2022,W.P. KualaLumpur,3217210,1635194,67623
9/4/2022,W.P. Labuan,45499,21137,1442
9/4/2022,W.P. Putrajaya,133026,99273,1493
10/4/2022,Johor,2168502,1022164,64146
10/4/2022,Kedah,580980,337014,25817
10/4/2022,Kelantan,172383,109260,12395
10/4/2022,Melaka,496341,244107,13339
10/4/2022,Negeri Sembilan,577312,310577,15473
10/4/2022,Pahang,623611,295343,16702
10/4/2022,Perak,1067763,514645,31772
10/4/2022,Perlis,119328,78614,4177
10/4/2022,Pulau Pinang,1101318,534496,29136
10/4/2022,Sabah,1093152,411015,31571
10/4/2022,Sarawak,1289148,491064,28438
10/4/2022,Selangor,4392474,2196155,90736
10/4/2022,Terengganu,196779,121465,12051
10/4/2022,W.P. KualaLumpur,3041930,1578409,50289
10/4/2022,W.P. Labuan,46816,21685,1076
10/4/2022,W.P. Putrajaya,136506,102582,1290
11/4/2022,Johor,1891909,979474,82217
11/4/2022,Kedah,508716,311977,27591
11/4/2022,Kelantan,155303,101048,12048
11/4/2022,Melaka,448287,237927,20261
11/4/2022,Negeri Sembilan,496789,282940,22326
11/4/2022,Pahang,546683,275913,26114
11/4/2022,Perak,976165,494419,48290
11/4/2022,Perlis,140125,99693,7185
11/4/2022,Pulau Pinang,1065912,561609,45460
11/4/2022,Sabah,985330,411042,46945
11/4/2022,Sarawak,1062094,463320,44164
11/4/2022,Selangor,3932578,2144209,142170
11/4/2022,Terengganu,179848,113095,11673
11/4/2022,W.P. KualaLumpur,2748402,1492790,80658
11/4/2022,W.P. Labuan,47177,23021,1814
11/4/2022,W.P. Putrajaya,121952,91035,2363
12/4/2022,Johor,1902951,980074,83501
12/4/2022,Kedah,506086,310566,27482
12/4/2022,Kelantan,153525,99545,11948
12/4/2022,Melaka,445355,237369,20482
12/4/2022,Negeri Sembilan,506922,285447,22570
12/4/2022,Pahang,548194,277160,26532
12/4/2022,Perak,1004110,499053,49471
12/4/2022,Perlis,138430,99369,7145
12/4/2022,Pulau Pinang,1071935,563958,45842
12/4/2022,Sabah,971147,407099,47224
12/4/2022,Sarawak,1060298,461785,44656
12/4/2022,Selangor,4097754,2194957,145699
12/4/2022,Terengganu,180349,113197,11737
12/4/2022,W.P. KualaLumpur,2851912,1529938,82108
12/4/2022,W.P. Labuan,47831,23157,1861
12/4/2022,W.P. Putrajaya,125244,93353,2345
13/4/2022,Johor,1924952,984204,83237
13/4/2022,Kedah,494869,305772,27351
13/4/2022,Kelantan,149450,97602,11731
13/4/2022,Melaka,453764,239630,20361
13/4/2022,Negeri Sembilan,515198,287317,22689
13/4/2022,Pahang,525871,267893,26061
13/4/2022,Perak,1012871,500201,49488
13/4/2022,Perlis,133323,96568,7082
13/4/2022,Pulau Pinang,1073772,564766,45784
13/4/2022,Sabah,983151,410041,47479
13/4/2022,Sarawak,1085477,466511,44814
13/4/2022,Selangor,4075672,2196943,144446
13/4/2022,Terengganu,176280,111276,11562
13/4/2022,W.P. KualaLumpur,2833626,1528749,81617
13/4/2022,W.P. Labuan,48000,23179,1830
13/4/2022,W.P. Putrajaya,120844,90826,2334
14/4/2022,Johor,1944270,1002121,83239
14/4/2022,Kedah,501906,309452,27451
14/4/2022,Kelantan,157438,102104,11663
14/4/2022,Melaka,455440,242117,20324
14/4/2022,Negeri Sembilan,495796,284823,22336
14/4/2022,Pahang,545406,277666,26319
14/4/2022,Perak,981414,497345,48848
14/4/2022,Perlis,137041,98650,7096
14/4/2022,Pulau Pinang,1068768,567226,45610
14/4/2022,Sabah,1042195,426807,47231
14/4/2022,Sarawak,1119512,484361,44912
14/4/2022,Selangor,4065230,2217314,144350
14/4/2022,Terengganu,181274,113516,11471
14/4/2022,W.P. KualaLumpur,2854163,1552794,81598
14/4/2022,W.P. Labuan,47695,23452,1830
14/4/2022,W.P. Putrajaya,122445,92508,2301
15/4/2022,Johor,2179205,1068617,79119
15/4/2022,Kedah,528927,314837,20599
15/4/2022,Kelantan,161598,103641,6603
15/4/2022,Melaka,462127,234350,15925
15/4/2022,Negeri Sembilan,548311,310055,22360
15/4/2022,Pahang,641281,313656,26157
15/4/2022,Perak,1074045,534236,49303
15/4/2022,Perlis,147759,104024,6974
15/4/2022,Pulau Pinang,1183393,604826,45857
15/4/2022,Sabah,1097011,421663,33900
15/4/2022,Sarawak,1233908,481635,30378
15/4/2022,Selangor,4442026,2377561,143134
15/4/2022,Terengganu,155001,98394,5890
15/4/2022,W.P. KualaLumpur,3141758,1677671,80986
15/4/2022,W.P. Labuan,53617,24986,1779
15/4/2022,W.P. Putrajaya,145219,107125,2271
16/4/2022,Johor,2234359,1066234,74828
16/4/2022,Kedah,561048,326074,24354
16/4/2022,Kelantan,182835,114313,10211
16/4/2022,Melaka,549951,263340,17581
16/4/2022,Negeri Sembilan,607375,325398,20536
16/4/2022,Pahang,703579,321570,22624
16/4/2022,Perak,1170355,554503,44900
16/4/2022,Perlis,136954,94019,6082
16/4/2022,Pulau Pinang,1212648,587780,40121
16/4/2022,Sabah,1127850,427805,40643
16/4/2022,Sarawak,1267023,487306,37977
16/4/2022,Selangor,4517395,2322351,121486
16/4/2022,Terengganu,198350,117036,9533
16/4/2022,W.P. KualaLumpur,3144016,1657887,65673
16/4/2022,W.P. Labuan,49649,22569,1423
16/4/2022,W.P. Putrajaya,131803,100034,1424
17/4/2022,Johor,2069376,1007567,62749
17/4/2022,Kedah,564664,331002,24867
17/4/2022,Kelantan,171732,110791,11861
17/4/2022,Melaka,496278,247260,13047
17/4/2022,Negeri Sembilan,561960,307527,15094
17/4/2022,Pahang,631717,297717,16311
17/4/2022,Perak,1018942,502413,30931
17/4/2022,Perlis,113100,77408,4032
17/4/2022,Pulau Pinang,1100932,544966,28537
17/4/2022,Sabah,1055270,409026,30619
17/4/2022,Sarawak,1211545,477779,27660
17/4/2022,Selangor,4108997,2156340,87739
17/4/2022,Terengganu,196030,121392,11588
17/4/2022,W.P. KualaLumpur,2888662,1561301,48787
17/4/2022,W.P. Labuan,44469,20844,1071
17/4/2022,W.P. Putrajaya,130354,99441,1221
18/4/2022,Johor,1847197,970621,80277
18/4/2022,Kedah,506692,312855,26760
18/4/2022,Kelantan,158931,104476,11673
18/4/2022,Melaka,446804,239521,19724
18/4/2022,Negeri Sembilan,516047,292846,22135
18/4/2022,Pahang,605221,295607,25789
18/4/2022,Perak,1039327,516717,47639
18/4/2022,Perlis,137728,99336,6987
18/4/2022,Pulau Pinang,1066556,565279,43972
18/4/2022,Sabah,984734,411761,45976
18/4/2022,Sarawak,1112097,477671,43411
18/4/2022,Selangor,3973453,2172401,138696
18/4/2022,Terengganu,186212,116729,11531
18/4/2022,W.P. KualaLumpur,2801575,1539987,78871
18/4/2022,W.P. Labuan,46805,22618,1762
18/4/2022,W.P. Putrajaya,124888,93538,2220
19/4/2022,Johor,1908297,992953,81823
19/4/2022,Kedah,518021,314967,26566
19/4/2022,Kelantan,157997,101751,9020
19/4/2022,Melaka,465699,246198,19946
19/4/2022,Negeri Sembilan,552681,307136,22376
19/4/2022,Pahang,604149,284841,21266
19/4/2022,Perak,996891,494279,42356
19/4/2022,Perlis,130641,93975,5986
19/4/2022,Pulau Pinang,978384,528132,38774
19/4/2022,Sabah,1006842,413883,46174
19/4/2022,Sarawak,1105319,472461,43998
19/4/2022,Selangor,4034458,2149915,113803
19/4/2022,Terengganu,175267,105652,8574
19/4/2022,W.P. KualaLumpur,2728807,1499340,62213
19/4/2022,W.P. Labuan,44310,20415,1206
19/4/2022,W.P. Putrajaya,118000,88935,1290
20/4/2022,Johor,1889863,980063,82168
20/4/2022,Kedah,498978,309189,26830
20/4/2022,Kelantan,149799,99724,11287
20/4/2022,Melaka,461218,243183,19917
20/4/2022,Negeri Sembilan,508731,285160,22415
20/4/2022,Pahang,569232,283265,26160
20/4/2022,Perak,1028733,508167,48789
20/4/2022,Perlis,136417,98622,6994
20/4/2022,Pulau Pinang,1084643,572956,44881
20/4/2022,Sabah,988497,409256,46000
20/4/2022,Sarawak,1159244,482032,44830
20/4/2022,Selangor,4055659,2201429,142632
20/4/2022,Terengganu,182265,114809,11262
20/4/2022,W.P. KualaLumpur,2859861,1559595,80921
20/4/2022,W.P. Labuan,47916,22882,1817
20/4/2022,W.P. Putrajaya,121574,92761,2258
21/4/2022,Johor,1872610,985426,80687
21/4/2022,Kedah,535542,323744,27272
21/4/2022,Kelantan,160067,105569,11404
21/4/2022,Melaka,456866,242428,19778
21/4/2022,Negeri Sembilan,530140,295353,22267
21/4/2022,Pahang,596675,294171,26201
21/4/2022,Perak,1055220,518988,49172
21/4/2022,Perlis,139398,101160,6982
21/4/2022,Pulau Pinang,1090653,581031,45282
21/4/2022,Sabah,1073190,428537,46709
21/4/2022,Sarawak,1144181,481909,44489
21/4/2022,Selangor,4102653,2240198,142026
21/4/2022,Terengganu,188463,117039,11142
21/4/2022,W.P. KualaLumpur,2854540,1581276,80070
21/4/2022,W.P. Labuan,51768,24365,1789
21/4/2022,W.P. Putrajaya,130822,98894,2271
22/4/2022,Johor,2127701,1057559,78470
22/4/2022,Kedah,552065,326066,20365
22/4/2022,Kelantan,157242,104617,6434
22/4/2022,Melaka,518813,265957,20105
22/4/2022,Negeri Sembilan,567270,314034,22524
22/4/2022,Pahang,657156,318014,25869
22/4/2022,Perak,1089744,539271,48938
22/4/2022,Perlis,150713,107868,6874
22/4/2022,Pulau Pinang,1170231,609729,45359
22/4/2022,Sabah,1174844,452214,46284
22/4/2022,Sarawak,1325423,524595,45069
22/4/2022,Selangor,4398301,2382392,140750
22/4/2022,Terengganu,161851,102721,5825
22/4/2022,W.P. KualaLumpur,3155239,1721056,79866
22/4/2022,W.P. Labuan,57657,25844,1779
22/4/2022,W.P. Putrajaya,147001,109963,2173
23/4/2022,Johor,2209628,1074913,73867
23/4/2022,Kedah,592902,342532,24326
23/4/2022,Kelantan,175479,112939,9810
23/4/2022,Melaka,568610,275333,17654
23/4/2022,Negeri Sembilan,622917,330370,20052
23/4/2022,Pahang,718583,326165,22139
23/4/2022,Perak,1187013,560005,44003
23/4/2022,Perlis,138633,98339,5967
23/4/2022,Pulau Pinang,1215644,600610,39400
23/4/2022,Sabah,1342577,470615,40895
23/4/2022,Sarawak,1491583,533918,39123
23/4/2022,Selangor,4683190,2435009,119888
23/4/2022,Terengganu,200316,118906,9246
23/4/2022,W.P. KualaLumpur,3314553,1779603,64698
23/4/2022,W.P. Labuan,57382,24663,1490
23/4/2022,W.P. Putrajaya,142496,109242,1350
24/4/2022,Johor,2197207,1054417,62789
24/4/2022,Kedah,585627,342971,24519
24/4/2022,Kelantan,168019,110438,11217
24/4/2022,Melaka,521650,257522,13133
24/4/2022,Negeri Sembilan,586911,315614,14986
24/4/2022,Pahang,675476,311409,16310
24/4/2022,Perak,1111244,531161,31271
24/4/2022,Perlis,116111,83354,4021
24/4/2022,Pulau Pinang,1102087,557382,28064
24/4/2022,Sabah,1337869,460522,31284
24/4/2022,Sarawak,1535052,536599,28470
24/4/2022,Selangor,4367286,2304760,87723
24/4/2022,Terengganu,202123,124502,11154
24/4/2022,W.P. KualaLumpur,3096679,1701681,48422
24/4/2022,W.P. Labuan,55131,23606,1098
24/4/2022,W.P. Putrajaya,144942,112872,1169
25/4/2022,Johor,1906640,998640,78804
25/4/2022,Kedah,530050,321994,26157
25/4/2022,Kelantan,164718,108389,11011
25/4/2022,Melaka,477269,248889,19391
25/4/2022,Negeri Sembilan,544823,300919,21583
25/4/2022,Pahang,628528,301313,25434
25/4/2022,Perak,1074972,527458,47546
25/4/2022,Perlis,140500,101053,6796
25/4/2022,Pulau Pinang,1069066,575437,43519
25/4/2022,Sabah,1180518,452344,45425
25/4/2022,Sarawak,1265217,507476,43175
25/4/2022,Selangor,4110413,2253280,136229
25/4/2022,Terengganu,197659,122475,11031
25/4/2022,W.P. KualaLumpur,2837783,1601957,76672
25/4/2022,W.P. Labuan,55261,25188,1726
25/4/2022,W.P. Putrajaya,141444,105321,2176
26/4/2022,Johor,2008541,1025148,81112
26/4/2022,Kedah,554259,333111,26683
26/4/2022,Kelantan,170431,112887,11153
26/4/2022,Melaka,495584,257013,19824
26/4/2022,Negeri Sembilan,569314,308837,22205
26/4/2022,Pahang,641393,307648,25870
26/4/2022,Perak,1097351,533304,48716
26/4/2022,Perlis,144751,103744,6901
26/4/2022,Pulau Pinang,1110864,588799,44414
26/4/2022,Sabah,1237569,464328,46028
26/4/2022,Sarawak,1335890,523534,44648
26/4/2022,Selangor,4291778,2324293,139908
26/4/2022,Terengganu,189501,113082,7910
26/4/2022,W.P. KualaLumpur,3028365,1664529,78953
26/4/2022,W.P. Labuan,57026,25531,1789
26/4/2022,W.P. Putrajaya,145068,108265,2176
27/4/2022,Johor,1948889,1007719,80293
27/4/2022,Kedah,543690,328814,26657
27/4/2022,Kelantan,164927,109946,11112
27/4/2022,Melaka,484458,251411,19584
27/4/2022,Negeri Sembilan,538169,294992,21939
27/4/2022,Pahang,608662,295889,25311
27/4/2022,Perak,1079106,527724,48556
27/4/2022,Perlis,139889,100859,6887
27/4/2022,Pulau Pinang,1116856,588061,44319
27/4/2022,Sabah,1216051,457318,45457
27/4/2022,Sarawak,1388445,533402,44705
27/4/2022,Selangor,4051842,2221385,137999
27/4/2022,Terengganu,195317,121260,10863
27/4/2022,W.P. KualaLumpur,2880412,1594465,78172
27/4/2022,W.P. Labuan,57265,25551,1786
27/4/2022,W.P. Putrajaya,131000,100228,2140
28/4/2022,Johor,1823522,972979,76812
28/4/2022,Kedah,487717,303953,25122
28/4/2022,Kelantan,150280,103997,10051
28/4/2022,Melaka,453949,240802,18822
28/4/2022,Negeri Sembilan,497987,282442,20983
28/4/2022,Pahang,564251,285197,24156
28/4/2022,Perak,1024501,511685,46593
28/4/2022,Perlis,128673,95005,6480
28/4/2022,Pulau Pinang,1029459,560146,42775
28/4/2022,Sabah,1187054,452086,43626
28/4/2022,Sarawak,1292159,510361,42640
28/4/2022,Selangor,3842493,2150088,132180
28/4/2022,Terengganu,170747,109466,9762
28/4/2022,W.P. KualaLumpur,2679479,1519982,75240
28/4/2022,W.P. Labuan,54539,24497,1666
28/4/2022,W.P. Putrajaya,124639,96773,2005
29/4/2022,Johor,1938973,1008984,72884
29/4/2022,Kedah,494111,305485,19281
29/4/2022,Kelantan,149838,106287,6359
29/4/2022,Melaka,484011,254509,18572
29/4/2022,Negeri Sembilan,539071,303091,20740
29/4/2022,Pahang,584788,301377,23257
29/4/2022,Perak,1083076,543081,45872
29/4/2022,Perlis,136289,99661,6213
29/4/2022,Pulau Pinang,1095650,585507,42444
29/4/2022,Sabah,1225510,468066,42563
29/4/2022,Sarawak,1349755,531389,42101
29/4/2022,Selangor,4130025,2267087,128690
29/4/2022,Terengganu,145542,97601,5470
29/4/2022,W.P. KualaLumpur,2928703,1626936,73716
29/4/2022,W.P. Labuan,54228,24344,1613
29/4/2022,W.P. Putrajaya,134615,103094,1856
30/4/2022,Johor,1960109,1005200,66437
30/4/2022,Kedah,524249,319596,21311
30/4/2022,Kelantan,180488,125798,8793
30/4/2022,Melaka,506174,253390,15731
30/4/2022,Negeri Sembilan,530420,293674,17877
30/4/2022,Pahang,614473,307663,19406
30/4/2022,Perak,1154978,569738,40875
30/4/2022,Perlis,122112,88264,5347
30/4/2022,Pulau Pinang,1083431,557011,36051
30/4/2022,Sabah,1288866,470440,36385
30/4/2022,Sarawak,1466772,535917,35267
30/4/2022,Selangor,3952970,2134879,104387
30/4/2022,Terengganu,181463,116378,7841
30/4/2022,W.P. KualaLumpur,2816509,1554535,58572
30/4/2022,W.P. Labuan,51719,22500,1247
30/4/2022,W.P. Putrajaya,116184,93064,1018
1/5/2022,Johor,559923,385169,37579
1/5/2022,Kedah,147901,113141,12264
1/5/2022,Kelantan,36658,30578,5217
1/5/2022,Melaka,132060,92368,8596
1/5/2022,Negeri Sembilan,150287,109200,9888
1/5/2022,Pahang,175349,120969,10802
1/5/2022,Perak,344308,233414,21813
1/5/2022,Perlis,35396,28560,2745
1/5/2022,Pulau Pinang,315504,216342,18985
1/5/2022,Sabah,426182,233701,22074
1/5/2022,Sarawak,374552,227187,19653
1/5/2022,Selangor,950038,684033,55410
1/5/2022,Terengganu,43648,34439,4551
1/5/2022,W.P. KualaLumpur,608186,448104,31864
1/5/2022,W.P. Labuan,9852,7062,687
1/5/2022,W.P. Putrajaya,13480,12355,640
2/5/2022,Johor,243217,184053,23742
2/5/2022,Kedah,46029,37456,5941
2/5/2022,Kelantan,5785,5171,1551
2/5/2022,Melaka,52673,40287,5205
2/5/2022,Negeri Sembilan,58719,46315,5853
2/5/2022,Pahang,68363,51559,5957
2/5/2022,Perak,151716,110254,14677
2/5/2022,Perlis,12539,11081,1557
2/5/2022,Pulau Pinang,156393,114203,13334
2/5/2022,Sabah,133782,88563,11040
2/5/2022,Sarawak,136736,96119,13419
2/5/2022,Selangor,345736,275152,31116
2/5/2022,Terengganu,6976,6199,1379
2/5/2022,W.P. KualaLumpur,259045,205250,20349
2/5/2022,W.P. Labuan,2442,2002,320
2/5/2022,W.P. Putrajaya,2207,2089,279
3/5/2022,Johor,190159,147190,21362
3/5/2022,Kedah,44101,36589,5629
3/5/2022,Kelantan,9259,8321,1810
3/5/2022,Melaka,41748,33325,4784
3/5/2022,Negeri Sembilan,49603,39832,5285
3/5/2022,Pahang,59401,45861,5595
3/5/2022,Perak,128904,96356,13991
3/5/2022,Perlis,12177,10772,1473
3/5/2022,Pulau Pinang,132061,99157,12338
3/5/2022,Sabah,109111,74682,10312
3/5/2022,Sarawak,102318,74741,12027
3/5/2022,Selangor,309882,248049,28525
3/5/2022,Terengganu,10816,9455,1458
3/5/2022,W.P. KualaLumpur,207675,166321,18425
3/5/2022,W.P. Labuan,1757,1481,300
3/5/2022,W.P. Putrajaya,2313,2131,246
4/5/2022,Johor,180832,139851,23847
4/5/2022,Kedah,51320,42681,7947
4/5/2022,Kelantan,11378,10180,2601
4/5/2022,Melaka,39002,31078,5476
4/5/2022,Negeri Sembilan,46632,37689,6036
4/5/2022,Pahang,52624,40717,6423
4/5/2022,Perak,115859,87255,15965
4/5/2022,Perlis,13857,12108,1918
4/5/2022,Pulau Pinang,123726,94505,13992
4/5/2022,Sabah,111441,75489,12086
4/5/2022,Sarawak,86199,64439,12089
4/5/2022,Selangor,312732,248116,32929
4/5/2022,Terengganu,11795,10258,1957
4/5/2022,W.P. KualaLumpur,191823,152416,20391
4/5/2022,W.P. Labuan,1762,1462,335
4/5/2022,W.P. Putrajaya,1982,1801,266
5/5/2022,Johor,226104,177965,33003
5/5/2022,Kedah,58099,48238,9874
5/5/2022,Kelantan,15124,13209,3654
5/5/2022,Melaka,48591,38657,7705
5/5/2022,Negeri Sembilan,58254,46559,8498
5/5/2022,Pahang,59875,45501,9040
5/5/2022,Perak,129533,97596,20450
5/5/2022,Perlis,21854,19043,2968
5/5/2022,Pulau Pinang,161649,123064,20747
5/5/2022,Sabah,133743,89894,19477
5/5/2022,Sarawak,112088,82999,18619
5/5/2022,Selangor,404840,319214,55617
5/5/2022,Terengganu,15530,13356,2945
5/5/2022,W.P. KualaLumpur,248090,196492,33422
5/5/2022,W.P. Labuan,2798,2225,595
5/5/2022,W.P. Putrajaya,4491,3976,573
6/5/2022,Johor,202660,162406,31665
6/5/2022,Kedah,49561,42050,8384
6/5/2022,Kelantan,8700,7812,2444
6/5/2022,Melaka,38619,31535,7222
6/5/2022,Negeri Sembilan,52116,42535,8292
6/5/2022,Pahang,53112,40984,9147
6/5/2022,Perak,114505,88029,19729
6/5/2022,Perlis,21593,19072,2953
6/5/2022,Pulau Pinang,146702,113626,20115
6/5/2022,Sabah,115476,78606,19346
6/5/2022,Sarawak,89360,67961,17173
6/5/2022,Selangor,361886,290193,54415
6/5/2022,Terengganu,9450,8357,1998
6/5/2022,W.P. KualaLumpur,206871,167330,31707
6/5/2022,W.P. Labuan,2216,1839,546
6/5/2022,W.P. Putrajaya,4295,3801,603
7/5/2022,Johor,151982,124284,27520
7/5/2022,Kedah,44127,37284,9225
7/5/2022,Kelantan,9747,8582,3191
7/5/2022,Melaka,30621,25193,6127
7/5/2022,Negeri Sembilan,39038,32604,7152
7/5/2022,Pahang,39038,30816,7559
7/5/2022,Perak,85295,66893,16850
7/5/2022,Perlis,15616,13917,2476
7/5/2022,Pulau Pinang,110203,87858,16467
7/5/2022,Sabah,87943,61478,15912
7/5/2022,Sarawak,63518,49835,13572
7/5/2022,Selangor,276319,225963,45400
7/5/2022,Terengganu,11384,9750,2924
7/5/2022,W.P. KualaLumpur,146767,121003,25003
7/5/2022,W.P. Labuan,1358,1145,402
7/5/2022,W.P. Putrajaya,2169,1948,417
8/5/2022,Johor,137283,112340,23780
8/5/2022,Kedah,45310,38351,9323
8/5/2022,Kelantan,12218,10747,3910
8/5/2022,Melaka,22862,19230,4244
8/5/2022,Negeri Sembilan,29536,25164,5066
8/5/2022,Pahang,29836,24183,5363
8/5/2022,Perak,61424,49751,11061
8/5/2022,Perlis,9993,9059,1565
8/5/2022,Pulau Pinang,78168,64530,10823
8/5/2022,Sabah,64533,46904,11018
8/5/2022,Sarawak,48386,38903,9370
8/5/2022,Selangor,201478,168984,31910
8/5/2022,Terengganu,16357,14112,4060
8/5/2022,W.P. KualaLumpur,103854,88404,17414
8/5/2022,W.P. Labuan,997,860,288
8/5/2022,W.P. Putrajaya,1952,1720,381
9/5/2022,Johor,168201,141572,30045
9/5/2022,Kedah,49189,42035,10303
9/5/2022,Kelantan,10195,8970,3510
9/5/2022,Melaka,38056,32399,7188
9/5/2022,Negeri Sembilan,45196,38660,7947
9/5/2022,Pahang,43907,35483,9532
9/5/2022,Perak,90712,73278,18004
9/5/2022,Perlis,19799,17910,3015
9/5/2022,Pulau Pinang,123990,102352,18277
9/5/2022,Sabah,73663,55157,16876
9/5/2022,Sarawak,61925,49677,14738
9/5/2022,Selangor,317572,267613,54435
9/5/2022,Terengganu,13719,11970,3690
9/5/2022,W.P. KualaLumpur,159401,134602,30275
9/5/2022,W.P. Labuan,1653,1407,540
9/5/2022,W.P. Putrajaya,5543,4989,880
10/5/2022,Johor,145626,122985,27919
10/5/2022,Kedah,42607,36977,9376
10/5/2022,Kelantan,9044,8019,3156
10/5/2022,Melaka,31806,27401,6535
10/5/2022,Negeri Sembilan,39054,33539,7480
10/5/2022,Pahang,36289,29699,8707
10/5/2022,Perak,74784,61194,16503
10/5/2022,Perlis,16412,15007,2762
10/5/2022,Pulau Pinang,106499,88849,16802
10/5/2022,Sabah,64731,48927,15865
10/5/2022,Sarawak,52908,42854,13620
10/5/2022,Selangor,271886,232407,50584
10/5/2022,Terengganu,12102,10624,3458
10/5/2022,W.P. KualaLumpur,132079,113341,27911
10/5/2022,W.P. Labuan,1409,1232,470
10/5/2022,W.P. Putrajaya,4868,4384,848
11/5/2022,Johor,124482,105401,25613
11/5/2022,Kedah,36609,31817,8632
11/5/2022,Kelantan,7195,6388,2778
11/5/2022,Melaka,27677,24047,6018
11/5/2022,Negeri Sembilan,33304,28948,6781
11/5/2022,Pahang,29890,24792,7864
11/5/2022,Perak,64285,53182,15127
11/5/2022,Perlis,13301,12176,2502
11/5/2022,Pulau Pinang,87394,73622,15198
11/5/2022,Sabah,55271,42423,14586
11/5/2022,Sarawak,44862,36670,12296
11/5/2022,Selangor,234663,202230,46980
11/5/2022,Terengganu,10467,9186,3241
11/5/2022,W.P. KualaLumpur,111121,96039,25437
11/5/2022,W.P. Labuan,1284,1136,465
11/5/2022,W.P. Putrajaya,4153,3801,784
12/5/2022,Johor,111708,95853,24082
12/5/2022,Kedah,33302,29227,8151
12/5/2022,Kelantan,6044,5419,2506
12/5/2022,Melaka,23154,20176,5614
12/5/2022,Negeri Sembilan,29348,25957,6191
12/5/2022,Pahang,25818,21870,7266
12/5/2022,Perak,55612,46590,13938
12/5/2022,Perlis,12476,11445,2419
12/5/2022,Pulau Pinang,85481,72229,14775
12/5/2022,Sabah,46017,36029,13167
12/5/2022,Sarawak,36803,30556,11120
12/5/2022,Selangor,206137,179448,43289
12/5/2022,Terengganu,8254,7337,2821
12/5/2022,W.P. KualaLumpur,94975,83333,23375
12/5/2022,W.P. Labuan,1072,958,391
12/5/2022,W.P. Putrajaya,3567,3259,756
13/5/2022,Johor,101260,87318,21540
13/5/2022,Kedah,24301,21620,5816
13/5/2022,Kelantan,2873,2637,1222
13/5/2022,Melaka,20394,17834,5260
13/5/2022,Negeri Sembilan,26999,24081,6029
13/5/2022,Pahang,23952,20458,6933
13/5/2022,Perak,51529,43449,13412
13/5/2022,Perlis,11528,10579,2221
13/5/2022,Pulau Pinang,77791,66310,14076
13/5/2022,Sabah,42037,33293,12695
13/5/2022,Sarawak,33379,27822,10498
13/5/2022,Selangor,186519,162949,40677
13/5/2022,Terengganu,3718,3369,1301
13/5/2022,W.P. KualaLumpur,83440,73471,21775
13/5/2022,W.P. Labuan,944,848,373
13/5/2022,W.P. Putrajaya,3126,2879,706
14/5/2022,Johor,74830,65449,18329
14/5/2022,Kedah,20873,18658,5950
14/5/2022,Kelantan,3760,3314,1787
14/5/2022,Melaka,14366,12719,4070
14/5/2022,Negeri Sembilan,17909,15960,4734
14/5/2022,Pahang,16445,14070,5168
14/5/2022,Perak,39130,33245,11020
14/5/2022,Perlis,7856,7290,1761
14/5/2022,Pulau Pinang,55562,48237,11215
14/5/2022,Sabah,33365,26258,10074
14/5/2022,Sarawak,24630,20709,8200
14/5/2022,Selangor,126734,111849,30866
14/5/2022,Terengganu,4736,4207,1822
14/5/2022,W.P. KualaLumpur,53478,47707,15451
14/5/2022,W.P. Labuan,567,516,253
14/5/2022,W.P. Putrajaya,1163,1092,338
15/5/2022,Johor,49887,44089,13024
15/5/2022,Kedah,16466,14596,4867
15/5/2022,Kelantan,3009,2661,1560
15/5/2022,Melaka,9345,8404,2672
15/5/2022,Negeri Sembilan,12524,11377,3165
15/5/2022,Pahang,11739,10293,3448
15/5/2022,Perak,24961,21660,6892
15/5/2022,Perlis,4955,4633,981
15/5/2022,Pulau Pinang,35833,31683,7093
15/5/2022,Sabah,24025,19475,6757
15/5/2022,Sarawak,18084,15489,5458
15/5/2022,Selangor,85482,76226,20677
15/5/2022,Terengganu,4092,3646,1626
15/5/2022,W.P. KualaLumpur,40069,36129,10732
15/5/2022,W.P. Labuan,370,327,172
15/5/2022,W.P. Putrajaya,868,810,273
16/5/2022,Johor,68522,61262,16580
16/5/2022,Kedah,21826,19565,6011
16/5/2022,Kelantan,4568,4145,1980
16/5/2022,Melaka,10248,9325,2920
16/5/2022,Negeri Sembilan,13317,12221,3467
16/5/2022,Pahang,12051,10611,4090
16/5/2022,Perak,27221,23677,8470
16/5/2022,Perlis,6525,6132,1416
16/5/2022,Pulau Pinang,37726,33816,8408
16/5/2022,Sabah,20890,17187,6868
16/5/2022,Sarawak,14337,12238,4970
16/5/2022,Selangor,88124,79376,23038
16/5/2022,Terengganu,6271,5579,2321
16/5/2022,W.P. KualaLumpur,36789,33344,11556
16/5/2022,W.P. Labuan,320,282,157
16/5/2022,W.P. Putrajaya,992,901,278
17/5/2022,Johor,79254,69568,18071
17/5/2022,Kedah,23179,20795,6193
17/5/2022,Kelantan,4301,3933,1904
17/5/2022,Melaka,16464,14617,4166
17/5/2022,Negeri Sembilan,20954,18966,4871
17/5/2022,Pahang,17689,15438,5570
17/5/2022,Perak,39845,34251,10902
17/5/2022,Perlis,8296,7775,1503
17/5/2022,Pulau Pinang,55012,47679,11576
17/5/2022,Sabah,29778,24405,10144
17/5/2022,Sarawak,25225,21567,8386
17/5/2022,Selangor,131792,117338,33684
17/5/2022,Terengganu,5782,5156,2195
17/5/2022,W.P. KualaLumpur,64091,57503,18163
17/5/2022,W.P. Labuan,697,630,312
17/5/2022,W.P. Putrajaya,2729,2544,634
18/5/2022,Johor,72736,64097,16818
18/5/2022,Kedah,21287,19096,5790
18/5/2022,Kelantan,3910,3538,1754
18/5/2022,Melaka,14423,12922,3862
18/5/2022,Negeri Sembilan,18291,16672,4410
18/5/2022,Pahang,14948,13121,4977
18/5/2022,Perak,34216,29665,9904
18/5/2022,Perlis,8750,8218,1744
18/5/2022,Pulau Pinang,49359,42831,10746
18/5/2022,Sabah,26029,21579,9341
18/5/2022,Sarawak,22130,18956,7649
18/5/2022,Selangor,116684,104567,30882
18/5/2022,Terengganu,5059,4564,2016
18/5/2022,W.P. KualaLumpur,55408,49939,16549
18/5/2022,W.P. Labuan,553,504,271
18/5/2022,W.P. Putrajaya,2403,2253,580
19/5/2022,Johor,63947,56537,15510
19/5/2022,Kedah,18180,16344,5405
19/5/2022,Kelantan,3242,2959,1592
19/5/2022,Melaka,13134,11774,3559
19/5/2022,Negeri Sembilan,15932,14650,4064
19/5/2022,Pahang,13100,11567,4572
19/5/2022,Perak,30517,26593,9314
19/5/2022,Perlis,8079,7638,1642
19/5/2022,Pulau Pinang,45276,39632,10184
19/5/2022,Sabah,22436,18854,8329
19/5/2022,Sarawak,19394,16885,6890
19/5/2022,Selangor,105138,94603,28689
19/5/2022,Terengganu,3949,3589,1745
19/5/2022,W.P. KualaLumpur,49631,45119,15358
19/5/2022,W.P. Labuan,499,450,233
19/5/2022,W.P. Putrajaya,2027,1896,538
20/5/2022,Johor,62191,55000,14211
20/5/2022,Kedah,13108,11929,3925
20/5/2022,Kelantan,1438,1325,777
20/5/2022,Melaka,12093,10706,3430
20/5/2022,Negeri Sembilan,14731,13523,3856
20/5/2022,Pahang,11815,10583,4337
20/5/2022,Perak,27586,24223,8703
20/5/2022,Perlis,7270,6762,1562
20/5/2022,Pulau Pinang,42145,37357,9741
20/5/2022,Sabah,20499,17356,8030
20/5/2022,Sarawak,17647,15257,6571
20/5/2022,Selangor,97826,87920,27340
20/5/2022,Terengganu,1851,1663,796
20/5/2022,W.P. KualaLumpur,45909,41742,14348
20/5/2022,W.P. Labuan,424,387,222
20/5/2022,W.P. Putrajaya,1732,1609,486
21/5/2022,Johor,45247,40405,12155
21/5/2022,Kedah,11723,10585,4021
21/5/2022,Kelantan,1885,1689,1065
21/5/2022,Melaka,7861,7199,2624
21/5/2022,Negeri Sembilan,9815,9042,3061
21/5/2022,Pahang,7870,7055,3113
21/5/2022,Perak,20424,17912,7160
21/5/2022,Perlis,4818,4556,1164
21/5/2022,Pulau Pinang,29973,26765,7790
21/5/2022,Sabah,15982,13553,6223
21/5/2022,Sarawak,12118,10610,4902
21/5/2022,Selangor,68124,61673,21061
21/5/2022,Terengganu,2570,2251,1235
21/5/2022,W.P. KualaLumpur,31538,28742,10619
21/5/2022,W.P. Labuan,278,257,154
21/5/2022,W.P. Putrajaya,653,611,240
22/5/2022,Johor,34675,30929,10134
22/5/2022,Kedah,12438,11316,3969
22/5/2022,Kelantan,2707,2495,1329
22/5/2022,Melaka,5261,4806,1762
22/5/2022,Negeri Sembilan,7373,6789,2204
22/5/2022,Pahang,5490,4936,2196
22/5/2022,Perak,13536,12049,4712
22/5/2022,Perlis,3090,2929,733
22/5/2022,Pulau Pinang,18846,16890,5082
22/5/2022,Sabah,11147,9503,4444
22/5/2022,Sarawak,8541,7382,3428
22/5/2022,Selangor,45511,41351,14271
22/5/2022,Terengganu,3919,3568,1621
22/5/2022,W.P. KualaLumpur,21585,19646,7409
22/5/2022,W.P. Labuan,164,150,97
22/5/2022,W.P. Putrajaya,599,556,195
23/5/2022,Johor,53284,47305,12769
23/5/2022,Kedah,14283,13014,4453
23/5/2022,Kelantan,2712,2501,1351
23/5/2022,Melaka,10896,9864,2984
23/5/2022,Negeri Sembilan,12971,11950,3391
23/5/2022,Pahang,5990,5353,2568
23/5/2022,Perak,23766,21048,7649
23/5/2022,Perlis,5666,5264,1395
23/5/2022,Pulau Pinang,35674,31864,8432
23/5/2022,Sabah,17048,14684,6889
23/5/2022,Sarawak,14797,12801,5593
23/5/2022,Selangor,82035,74744,23551
23/5/2022,Terengganu,3766,3407,1573
23/5/2022,W.P. KualaLumpur,34875,31840,12254
23/5/2022,W.P. Labuan,407,379,187
23/5/2022,W.P. Putrajaya,1584,1504,439
24/5/2022,Johor,50309,44627,12297
24/5/2022,Kedah,13154,12023,4261
24/5/2022,Kelantan,2498,2285,1254
24/5/2022,Melaka,10139,9225,2736
24/5/2022,Negeri Sembilan,10163,9312,3167
24/5/2022,Pahang,9699,8749,3608
24/5/2022,Perak,21539,19238,7081
24/5/2022,Perlis,5175,4876,1290
24/5/2022,Pulau Pinang,31341,28259,7827
24/5/2022,Sabah,15625,13581,6444
24/5/2022,Sarawak,13479,11689,5212
24/5/2022,Selangor,75345,68835,22272
24/5/2022,Terengganu,3420,3101,1418
24/5/2022,W.P. KualaLumpur,31788,28985,11593
24/5/2022,W.P. Labuan,358,328,163
24/5/2022,W.P. Putrajaya,1448,1365,445
25/5/2022,Johor,47621,42325,11603
25/5/2022,Kedah,12267,11200,4039
25/5/2022,Kelantan,2251,2066,1165
25/5/2022,Melaka,9248,8349,2581
25/5/2022,Negeri Sembilan,9109,8373,2929
25/5/2022,Pahang,8513,7767,3337
25/5/2022,Perak,20074,17963,6653
25/5/2022,Perlis,4783,4500,1231
25/5/2022,Pulau Pinang,30085,27108,7445
25/5/2022,Sabah,14544,12646,6084
25/5/2022,Sarawak,12920,11204,5029
25/5/2022,Selangor,66143,61015,19731
25/5/2022,Terengganu,3107,2811,1362
25/5/2022,W.P. KualaLumpur,27974,25750,10349
25/5/2022,W.P. Labuan,337,309,161
25/5/2022,W.P. Putrajaya,1275,1197,399
26/5/2022,Johor,45096,40088,11248
26/5/2022,Kedah,11640,10607,3791
26/5/2022,Kelantan,2106,1917,1084
26/5/2022,Melaka,8704,7958,2469
26/5/2022,Negeri Sembilan,8683,8055,2799
26/5/2022,Pahang,8119,7405,3172
26/5/2022,Perak,19348,17357,6360
26/5/2022,Perlis,4399,4155,1153
26/5/2022,Pulau Pinang,28550,25919,7185
26/5/2022,Sabah,13278,11616,5707
26/5/2022,Sarawak,11432,10020,4511
26/5/2022,Selangor,67432,61648,20311
26/5/2022,Terengganu,2447,2226,1215
26/5/2022,W.P. KualaLumpur,28491,26098,10583
26/5/2022,W.P. Labuan,326,296,161
26/5/2022,W.P. Putrajaya,1316,1241,380
27/5/2022,Johor,43637,38610,10245
27/5/2022,Kedah,8099,7439,2801
27/5/2022,Kelantan,908,833,510
27/5/2022,Melaka,7885,7158,2373
27/5/2022,Negeri Sembilan,8136,7498,2733
27/5/2022,Pahang,7322,6685,2963
27/5/2022,Perak,18132,16376,6079
27/5/2022,Perlis,4254,3951,1174
27/5/2022,Pulau Pinang,27054,24573,7009
27/5/2022,Sabah,12154,10620,5306
27/5/2022,Sarawak,10684,9320,4398
27/5/2022,Selangor,63516,58177,19499
27/5/2022,Terengganu,1175,1062,577
27/5/2022,W.P. KualaLumpur,27004,24778,10105
27/5/2022,W.P. Labuan,295,271,148
27/5/2022,W.P. Putrajaya,1173,1078,362
28/5/2022,Johor,32272,29241,8616
28/5/2022,Kedah,7548,6929,2885
28/5/2022,Kelantan,1299,1193,755
28/5/2022,Melaka,5440,5092,1803
28/5/2022,Negeri Sembilan,5183,4768,2066
28/5/2022,Pahang,5044,4600,2210
28/5/2022,Perak,13752,12313,5115
28/5/2022,Perlis,2696,2519,860
28/5/2022,Pulau Pinang,19633,17856,5558
28/5/2022,Sabah,9987,8699,4415
28/5/2022,Sarawak,7499,6510,3504
28/5/2022,Selangor,43645,40113,15078
28/5/2022,Terengganu,1686,1503,854
28/5/2022,W.P. KualaLumpur,20263,18642,7465
28/5/2022,W.P. Labuan,176,159,96
28/5/2022,W.P. Putrajaya,463,437,182
29/5/2022,Johor,23219,21047,7106
29/5/2022,Kedah,7866,7244,2768
29/5/2022,Kelantan,1946,1776,1014
29/5/2022,Melaka,3529,3285,1253
29/5/2022,Negeri Sembilan,3726,3392,1521
29/5/2022,Pahang,3722,3389,1573
29/5/2022,Perak,9048,8148,3309
29/5/2022,Perlis,1562,1451,503
29/5/2022,Pulau Pinang,11516,10414,3480
29/5/2022,Sabah,6541,5851,2935
29/5/2022,Sarawak,5062,4411,2256
29/5/2022,Selangor,28423,26153,10175
29/5/2022,Terengganu,2525,2301,1157
29/5/2022,W.P. KualaLumpur,12907,12002,5178
29/5/2022,W.P. Labuan,104,95,65
29/5/2022,W.P. Putrajaya,344,318,137
30/5/2022,Johor,38946,34612,9419
30/5/2022,Kedah,9786,9032,3232
30/5/2022,Kelantan,1790,1636,922
30/5/2022,Melaka,7454,6823,2191
30/5/2022,Negeri Sembilan,7354,6808,2377
30/5/2022,Pahang,6626,6115,2566
30/5/2022,Perak,16223,14709,5414
30/5/2022,Perlis,3877,3604,1012
30/5/2022,Pulau Pinang,23459,21496,6074
30/5/2022,Sabah,5806,5205,2663
30/5/2022,Sarawak,8281,7244,3671
30/5/2022,Selangor,55478,51078,17456
30/5/2022,Terengganu,2380,2150,1108
30/5/2022,W.P. KualaLumpur,23658,21721,9039
30/5/2022,W.P. Labuan,105,98,60
30/5/2022,W.P. Putrajaya,1119,1050,348
31/5/2022,Johor,37169,32983,9003
31/5/2022,Kedah,9539,8790,3087
31/5/2022,Kelantan,1701,1532,903
31/5/2022,Melaka,7003,6380,2144
31/5/2022,Negeri Sembilan,6809,6310,2297
31/5/2022,Pahang,6248,5733,2438
31/5/2022,Perak,15311,13882,5147
31/5/2022,Perlis,3645,3431,942
31/5/2022,Pulau Pinang,22212,20444,5839
31/5/2022,Sabah,5497,4956,2580
31/5/2022,Sarawak,6924,5985,3084
31/5/2022,Selangor,52367,48213,16656
31/5/2022,Terengganu,2330,2097,1048
31/5/2022,W.P. KualaLumpur,22104,20261,8605
31/5/2022,W.P. Labuan,89,84,53
31/5/2022,W.P. Putrajaya,954,891,329
1/6/2022,Johor,35272,31234,8752
1/6/2022,Kedah,8608,7927,2956
1/6/2022,Kelantan,1547,1395,806
1/6/2022,Melaka,6202,5637,1976
1/6/2022,Negeri Sembilan,6345,5892,2154
1/6/2022,Pahang,5858,5365,2304
1/6/2022,Perak,13684,12291,5025
1/6/2022,Perlis,3254,3060,905
1/6/2022,Pulau Pinang,20893,19047,5555
1/6/2022,Sabah,9998,8897,4564
1/6/2022,Sarawak,2867,2477,1425
1/6/2022,Selangor,48653,45091,15871
1/6/2022,Terengganu,2119,1917,977
1/6/2022,W.P. KualaLumpur,19971,18391,8240
1/6/2022,W.P. Labuan,226,209,119
1/6/2022,W.P. Putrajaya,958,894,337
2/6/2022,Johor,32023,28259,8153
2/6/2022,Kedah,7661,7081,2755
2/6/2022,Kelantan,1581,1404,823
2/6/2022,Melaka,5756,5321,1818
2/6/2022,Negeri Sembilan,6118,5676,2105
2/6/2022,Pahang,5427,4991,2167
2/6/2022,Perak,12379,11167,4704
2/6/2022,Perlis,3094,2902,896
2/6/2022,Pulau Pinang,19664,18062,5209
2/6/2022,Sabah,9317,8350,4271
2/6/2022,Sarawak,2497,2155,1352
2/6/2022,Selangor,45902,42578,15093
2/6/2022,Terengganu,1772,1625,894
2/6/2022,W.P. KualaLumpur,18910,17439,7782
2/6/2022,W.P. Labuan,214,203,103
2/6/2022,W.P. Putrajaya,893,834,290
3/6/2022,Johor,31505,27730,7392
3/6/2022,Kedah,5449,5027,2035
3/6/2022,Kelantan,735,623,402
3/6/2022,Melaka,5146,4741,1713
3/6/2022,Negeri Sembilan,6034,5323,2017
3/6/2022,Pahang,5272,4851,2166
3/6/2022,Perak,11795,10671,4457
3/6/2022,Perlis,2962,2749,824
3/6/2022,Pulau Pinang,19598,17941,5274
3/6/2022,Sabah,8493,7611,3997
3/6/2022,Sarawak,5153,4478,2588
3/6/2022,Selangor,42798,39681,14412
3/6/2022,Terengganu,812,733,469
3/6/2022,W.P. KualaLumpur,18012,16617,7346
3/6/2022,W.P. Labuan,200,184,106
3/6/2022,W.P. Putrajaya,816,767,291
4/6/2022,Johor,21839,19715,6117
4/6/2022,Kedah,5457,4932,2061
4/6/2022,Kelantan,1020,872,551
4/6/2022,Melaka,3969,3691,1332
4/6/2022,Negeri Sembilan,3555,3287,1469
4/6/2022,Pahang,3442,3178,1621
4/6/2022,Perak,8624,7748,3624
4/6/2022,Perlis,1554,1434,590
4/6/2022,Pulau Pinang,12829,11753,4000
4/6/2022,Sabah,6848,6146,3211
4/6/2022,Sarawak,3975,3408,2037
4/6/2022,Selangor,29206,27080,10730
4/6/2022,Terengganu,1191,1040,654
4/6/2022,W.P. KualaLumpur,12651,11586,5294
4/6/2022,W.P. Labuan,124,112,64
4/6/2022,W.P. Putrajaya,296,266,130
5/6/2022,Johor,15401,14022,4936
5/6/2022,Kedah,6205,5651,2101
5/6/2022,Kelantan,1347,1182,753
5/6/2022,Melaka,2740,2556,902
5/6/2022,Negeri Sembilan,2510,2285,1056
5/6/2022,Pahang,2559,2354,1175
5/6/2022,Perak,6241,5642,2495
5/6/2022,Perlis,1142,1050,417
5/6/2022,Pulau Pinang,8520,7801,2671
5/6/2022,Sabah,4425,4011,2154
5/6/2022,Sarawak,3018,2614,1449
5/6/2022,Selangor,18914,17414,7153
5/6/2022,Terengganu,1820,1645,858
5/6/2022,W.P. KualaLumpur,8349,7708,3563
5/6/2022,W.P. Labuan,92,78,48
5/6/2022,W.P. Putrajaya,236,214,96
6/6/2022,Johor,11630,10441,3979
6/6/2022,Kedah,2804,2550,1296
6/6/2022,Kelantan,660,564,367
6/6/2022,Melaka,2541,2372,805
6/6/2022,Negeri Sembilan,2346,2131,974
6/6/2022,Pahang,2470,2276,1135
6/6/2022,Perak,5708,5149,2280
6/6/2022,Perlis,1043,985,346
6/6/2022,Pulau Pinang,7512,6837,2421
6/6/2022,Sabah,4099,3674,1982
6/6/2022,Sarawak,2474,2136,1321
6/6/2022,Selangor,17047,15741,6750
6/6/2022,Terengganu,838,764,464
6/6/2022,W.P. KualaLumpur,7260,6677,3310
6/6/2022,W.P. Labuan,75,69,52
6/6/2022,W.P. Putrajaya,208,196,89
7/6/2022,Johor,28579,25176,6874
7/6/2022,Kedah,7069,6502,2387
7/6/2022,Kelantan,1435,1266,725
7/6/2022,Melaka,4958,4645,1507
7/6/2022,Negeri Sembilan,4947,4584,1656
7/6/2022,Pahang,4742,4376,1934
7/6/2022,Perak,10386,9462,3929
7/6/2022,Perlis,2580,2413,770
7/6/2022,Pulau Pinang,17227,15912,4562
7/6/2022,Sabah,7936,7110,3597
7/6/2022,Sarawak,6266,5514,2843
7/6/2022,Selangor,39209,36425,12735
7/6/2022,Terengganu,1849,1666,844
7/6/2022,W.P. KualaLumpur,15753,14454,6611
7/6/2022,W.P. Labuan,196,178,92
7/6/2022,W.P. Putrajaya,798,751,278
8/6/2022,Johor,27491,24199,6624
8/6/2022,Kedah,6589,6029,2296
8/6/2022,Kelantan,1371,1187,701
8/6/2022,Melaka,4898,4590,1505
8/6/2022,Negeri Sembilan,4711,4324,1569
8/6/2022,Pahang,4483,4181,1799
8/6/2022,Perak,9917,8972,3769
8/6/2022,Perlis,2381,2227,711
8/6/2022,Pulau Pinang,16947,15644,4464
8/6/2022,Sabah,7441,6725,3413
8/6/2022,Sarawak,5818,5125,2736
8/6/2022,Selangor,36781,34249,11925
8/6/2022,Terengganu,1860,1660,828
8/6/2022,W.P. KualaLumpur,14652,13536,6197
8/6/2022,W.P. Labuan,199,184,99
8/6/2022,W.P. Putrajaya,938,888,280
9/6/2022,Johor,26057,23000,6232
9/6/2022,Kedah,6228,5679,2207
9/6/2022,Kelantan,1236,1106,683
9/6/2022,Melaka,4674,4360,1414
9/6/2022,Negeri Sembilan,4538,4225,1518
9/6/2022,Pahang,4255,3954,1680
9/6/2022,Perak,9619,8678,3628
9/6/2022,Perlis,2372,2218,690
9/6/2022,Pulau Pinang,16318,15101,4272
9/6/2022,Sabah,7015,6362,3244
9/6/2022,Sarawak,5264,4634,2505
9/6/2022,Selangor,35567,33177,11485
9/6/2022,Terengganu,1393,1270,764
9/6/2022,W.P. KualaLumpur,14171,13080,5966
9/6/2022,W.P. Labuan,177,168,83
9/6/2022,W.P. Putrajaya,995,959,241
10/6/2022,Johor,25275,22238,5761
10/6/2022,Kedah,4026,3652,1577
10/6/2022,Kelantan,527,464,299
10/6/2022,Melaka,4369,4064,1334
10/6/2022,Negeri Sembilan,4117,3822,1473
10/6/2022,Pahang,3934,3667,1612
10/6/2022,Perak,9149,8332,3551
10/6/2022,Perlis,2187,2032,684
10/6/2022,Pulau Pinang,15228,14011,4050
10/6/2022,Sabah,6382,5810,3029
10/6/2022,Sarawak,4981,4414,2505
10/6/2022,Selangor,34096,31744,11245
10/6/2022,Terengganu,608,544,363
10/6/2022,W.P. KualaLumpur,14137,13055,5746
10/6/2022,W.P. Labuan,177,165,86
10/6/2022,W.P. Putrajaya,696,654,237
11/6/2022,Johor,19289,17582,4880
11/6/2022,Kedah,4034,3678,1563
11/6/2022,Kelantan,851,724,482
11/6/2022,Melaka,3176,2974,1038
11/6/2022,Negeri Sembilan,2581,2350,1119
11/6/2022,Pahang,2580,2361,1224
11/6/2022,Perak,6854,6166,2687
11/6/2022,Perlis,1564,1434,514
11/6/2022,Pulau Pinang,10578,9694,3144
11/6/2022,Sabah,5193,4750,2444
11/6/2022,Sarawak,3741,3266,1838
11/6/2022,Selangor,22757,21176,8176
11/6/2022,Terengganu,893,782,505
11/6/2022,W.P. KualaLumpur,9835,9041,3945
11/6/2022,W.P. Labuan,120,112,67
11/6/2022,W.P. Putrajaya,252,221,100
