Date,State,Incidence Rate (Unvaccinated),Incidence Rate (Partially Vaccinated),Incidence Rate (Fully Vaccinated),Incidence Rate (Booster),Death Rate (Unvaccinated),Death Rate (Partially Vaccinated),Death Rate (Fully Vaccinated),Death Rate (Booster)
24/5/2021,Malaysia,26.40814104,23.94300305,16.35348119,,0.2816034,0.472559271,0,
25/5/2021,Malaysia,28.30689608,20.6349066,18.80388232,,0.313873392,0.44217657,0,
26/5/2021,Malaysia,26.2146291,21.87967295,15.50448214,,0.37699518,0.975526819,0,
27/5/2021,Malaysia,26.9096382,20.51114869,18.87474182,,0.256496551,0.815012531,0,
28/5/2021,Malaysia,25.46047106,21.464035,18.20042306,,0.459966002,0.402450656,0,
29/5/2021,Malaysia,24.4028996,18.04353198,16.7039137,,0.334472045,0.130750232,0,
30/5/2021,Malaysia,20.7507065,16.3573545,14.27273033,,0.461831129,0.749191809,0,
31/5/2021,Malaysia,20.77361223,21.23100561,15.56666554,,0.404208896,0.859058031,0,
1/6/2021,Malaysia,24.79627158,20.49672345,14.81435374,,0.391927836,0.936993072,0,
2/6/2021,Malaysia,23.74835569,17.13027074,13.37441188,,0.389092181,0.221035751,0,
3/6/2021,Malaysia,21.73526557,14.81813013,14.07906617,,0.492310207,0.302410819,0,
4/6/2021,Malaysia,20.37161239,14.51252961,11.04355944,,0.369553059,0.273821313,0,
5/6/2021,Malaysia,18.97984206,14.52710452,10.09403329,,0.384695212,0.594676793,0,
6/6/2021,Malaysia,17.44181475,10.09655027,14.15512444,,0.348929343,0.320525405,0,
7/6/2021,Malaysia,16.34824296,11.29916266,10.0405332,,0.377913151,0.150655502,0.10913623,
8/6/2021,Malaysia,22.45728251,8.89207622,9.713965938,,0.332943633,0.144586605,0,
9/6/2021,Malaysia,18.52553001,10.93150238,12.01264489,,0.414926607,0.345933619,0,
10/6/2021,Malaysia,19.82955871,11.17751137,12.41635234,,0.289171188,0.460250468,0,
11/6/2021,Malaysia,20.6920409,11.97078121,9.744043466,,0.290498158,0.315020558,0,
12/6/2021,Malaysia,17.01844094,9.677930568,7.682305921,,0.378081224,0.241948264,0,
13/6/2021,Malaysia,18.37903192,9.985660128,8.444392736,,0.322270384,0.290280818,0.093826586,
14/6/2021,Malaysia,17.80351,9.997606129,7.948660788,,0.416626356,0.277711281,0,
15/6/2021,Malaysia,20.88408444,11.67791569,9.383453486,,0.361417738,0.264206237,0,
16/6/2021,Malaysia,19.60655554,10.43293693,9.478370712,,0.374961807,0.249591793,0,
17/6/2021,Malaysia,19.7523345,10.0401652,7.829214052,,0.37841629,0.227153059,0,
18/6/2021,Malaysia,19.84878398,11.57269016,8.495685593,,0.36626927,0.34162923,0,
19/6/2021,Malaysia,17.94904139,11.2918759,6.910644492,,0.318263329,0.162473035,0,
20/6/2021,Malaysia,16.94751126,10.58029192,7.949111709,,0.320243914,0.429458344,0,
21/6/2021,Malaysia,16.79022531,10.94172946,7.652925896,,0.369580013,0.338404004,0,
22/6/2021,Malaysia,22.95846385,13.41355714,11.28439861,,0.399322728,0.357694857,0,
23/6/2021,Malaysia,23.22295196,14.07863514,10.58880206,,0.377012974,0.409064459,0,
24/6/2021,Malaysia,21.63930904,12.90115347,11.13128061,,0.370083468,0.362022164,0,
25/6/2021,Malaysia,25.12793043,15.38469904,12.31958837,,0.351812348,0.383817855,0,
26/6/2021,Malaysia,21.58717459,14.16198699,9.338964383,,0.402846005,0.4046282,0,
27/6/2021,Malaysia,18.95069049,12.24655467,8.501609493,,0.302605836,0.454698812,0.072663329,
28/6/2021,Malaysia,25.08232045,17.31321094,12.77773239,,0.43076159,0.328921106,0.069823674,
29/6/2021,Malaysia,26.13178085,19.70041524,16.39295802,,0.40701995,0.461503139,0.067184254,
30/6/2021,Malaysia,31.79300792,20.79046712,13.56274641,,0.488696017,0.62145418,0,
1/7/2021,Malaysia,32.09789628,24.02489078,16.67515564,,0.476895855,0.331759136,0.064883874,
2/7/2021,Malaysia,32.44650009,25.39050352,16.77257531,,0.532467006,0.296177666,0.127064965,
3/7/2021,Malaysia,30.23572155,21.03225908,13.59959561,,0.519730008,0.655619049,0.06209861,
4/7/2021,Malaysia,25.87176778,18.2550917,13.39786332,,0.541033631,0.489896529,0.061177458,
5/7/2021,Malaysia,31.4483616,29.1927963,18.82341799,,0.454338249,0.559443831,0,
6/7/2021,Malaysia,31.31389948,31.61314669,18.90926125,,0.495547769,0.721875003,0,
7/7/2021,Malaysia,40.19166494,33.16312202,23.32488284,,0.729127602,0.781457956,0,
8/7/2021,Malaysia,37.82451703,37.2250423,19.42350618,,0.715042135,0.918540005,0.103869017,
9/7/2021,Malaysia,46.21625239,42.10408196,22.16861185,,0.74928675,1.307580185,0.250776152,
10/7/2021,Malaysia,41.49962435,35.42149484,20.72954335,,0.684812283,0.814554743,0.146326188,
11/7/2021,Malaysia,35.07611504,28.84423273,15.97015377,,0.850750185,1.068304916,0.047248976,
12/7/2021,Malaysia,44.07943043,42.19972115,22.31384375,,0.814267297,1.002104196,0.138882845,
13/7/2021,Malaysia,48.62749959,48.29167913,21.37488611,,0.945933383,1.021931076,0.044531013,
14/7/2021,Malaysia,52.78669307,47.21065321,25.31536412,,0.838095177,1.064741841,0.128070982,
15/7/2021,Malaysia,58.00169221,53.78398066,25.64786592,,1.032832382,1.118773095,0.123504972,
16/7/2021,Malaysia,50.66621605,46.43985527,22.96210333,,1.060020656,1.164006744,0.120010993,
17/7/2021,Malaysia,54.13559304,48.98855394,22.91429511,,1.347920515,1.325068285,0.116316219,
18/7/2021,Malaysia,46.24913548,45.27955422,20.5638402,,1.199876592,1.197067527,0.150375431,
19/7/2021,Malaysia,58.79746204,65.44479636,30.9186247,,1.151884395,1.182848621,0.071903778,
20/7/2021,Malaysia,44.66699877,48.29998656,21.91189501,,1.460338909,1.424831568,0.102712008,
21/7/2021,Malaysia,61.31047252,64.96242092,29.12202581,,1.31727667,1.557682028,0.322860597,
22/7/2021,Malaysia,65.73705958,67.11902799,29.46710581,,1.290035065,1.595182272,0.245559215,
23/7/2021,Malaysia,65.01149584,67.81899407,28.89900403,,1.426710179,1.685362676,0.32470791,
24/7/2021,Malaysia,61.72548128,63.83218661,25.65384488,,1.567970066,1.545255097,0.399503702,
25/7/2021,Malaysia,57.21744733,57.20648706,26.1382617,,1.698945224,1.474228798,0.194027393,
26/7/2021,Malaysia,70.0230385,70.06216632,30.12737568,,1.550101891,1.248601761,0.265205772,
27/7/2021,Malaysia,68.11042402,78.65737731,32.59859235,,1.797557147,0.961283176,0.304422652,
28/7/2021,Malaysia,72.7296348,74.04258514,30.78550032,,1.915398779,1.489490749,0.340978643,
29/7/2021,Malaysia,70.68526893,75.72739938,31.68475729,,1.838219103,1.133513174,0.421838485,
30/7/2021,Malaysia,76.81503201,77.36657007,33.37767785,,2.126059717,1.466192588,0.18177088,
31/7/2021,Malaysia,72.99806116,70.26426604,29.6440007,,1.974026314,1.439669664,0.330848222,
1/8/2021,Malaysia,57.6210827,59.22257362,26.54234528,,2.228789817,1.386849046,0.301862578,
2/8/2021,Malaysia,75.14039261,83.13482273,35.47370543,,2.426679346,1.836040255,0.313003283,
3/8/2021,Malaysia,82.60645188,90.35970577,36.09308216,,2.283484714,1.515239863,0.449376235,
4/8/2021,Malaysia,84.12983263,91.65516075,36.99086973,,2.255215271,1.21720001,0.394779826,
5/8/2021,Malaysia,75.42368913,87.02838405,34.08454111,,2.388240352,1.222308765,0.34332498,
6/8/2021,Malaysia,81.47041194,85.569299,34.43528718,,2.628077805,1.576240491,0.42535532,
7/8/2021,Malaysia,84.28302633,84.37733878,33.25679821,,2.607965766,1.437386279,0.30659738,
8/8/2021,Malaysia,72.05698184,74.51495422,30.67160046,,2.677195961,1.223379845,0.335112368,
9/8/2021,Malaysia,85.85062691,94.27672366,37.33844091,,2.643950466,1.248977137,0.204594197,
10/8/2021,Malaysia,85.00313407,91.63175646,38.03270285,,3.31577212,1.731847295,0.592974146,
11/8/2021,Malaysia,98.80094201,106.0866465,43.24469313,,2.480989249,1.253777182,0.302633212,
12/8/2021,Malaysia,91.73968423,102.7934963,44.66850872,,2.30302919,1.473793167,0.415592603,
13/8/2021,Malaysia,89.11073234,95.8399608,38.44997637,,2.29233079,1.193088931,0.328377127,
14/8/2021,Malaysia,93.12098174,88.51282302,36.02158921,,2.428595204,1.259810776,0.390909529,
15/8/2021,Malaysia,88.91171572,94.48763391,37.51918787,,2.532923427,1.566509473,0.267893487,
16/8/2021,Malaysia,97.08566985,97.62533022,44.93251749,,2.765794415,1.365925859,0.34039786,
17/8/2021,Malaysia,99.0926108,100.5021497,42.13236647,,2.660204317,1.051638924,0.26332729,
18/8/2021,Malaysia,105.8006055,99.65016329,43.91085448,,2.735643828,1.366612436,0.343152843,
19/8/2021,Malaysia,106.5609249,96.19174077,43.36165283,,2.776831919,1.171259406,0.31820575,
20/8/2021,Malaysia,90.63672208,97.5335408,46.98772416,,2.540547678,1.168167734,0.260779498,
21/8/2021,Malaysia,98.40120209,98.11468195,46.58607027,,2.825710195,1.115335638,0.333991604,
22/8/2021,Malaysia,84.85658534,82.70103995,38.26464993,,3.552312841,1.306465249,0.45953446,
23/8/2021,Malaysia,97.50556272,108.2647168,47.49951909,,3.429843915,1.309059076,0.293273957,
24/8/2021,Malaysia,114.8406796,105.9022888,47.76722756,,2.250188073,0.975712087,0.244469567,
25/8/2021,Malaysia,110.1474147,107.1500854,49.81207638,,3.342259338,0.976528655,0.258200686,
26/8/2021,Malaysia,103.6096928,101.8865604,49.29071096,,3.425294117,1.580998352,0.289534255,
27/8/2021,Malaysia,108.1461103,102.5774574,51.40870902,,3.210022504,1.391554655,0.232399513,
28/8/2021,Malaysia,97.93621807,89.79603329,43.20847056,,3.407907756,1.166443434,0.320272073,
29/8/2021,Malaysia,94.20196207,85.45930421,45.98421359,,3.688925382,1.135671817,0.330359547,
30/8/2021,Malaysia,91.74114055,91.80563494,48.01384451,,4.878482145,1.078390659,0.258186815,
31/8/2021,Malaysia,116.7348771,94.92199844,46.34802915,,4.250701034,1.037065536,0.371267745,
1/9/2021,Malaysia,114.9552127,97.63967586,52.68529252,,4.576868507,1.124645481,0.410165131,
2/9/2021,Malaysia,113.8114525,99.19211364,53.5372084,,4.07425372,1.254035012,0.227679501,
3/9/2021,Malaysia,115.9205705,88.76014435,49.1885978,,4.21699731,1.009106049,0.261094375,
4/9/2021,Malaysia,108.8714123,84.87109851,45.10017492,,4.626542837,1.183668367,0.223688229,
5/9/2021,Malaysia,103.7411725,69.79083663,44.94409777,,4.453448004,1.359425946,0.391604069,
6/9/2021,Malaysia,104.2730894,73.29215112,50.74280807,,5.522477209,0.882025887,0.26597861,
7/9/2021,Malaysia,130.2808421,87.62150738,51.79154356,,5.829463643,1.041089685,0.195494433,
8/9/2021,Malaysia,122.7170922,83.08768388,49.71592069,0,5.901414844,1.055013348,0.354961593,0
9/9/2021,Malaysia,117.5458581,87.20309384,49.11255994,0,4.748031385,1.226669996,0.306561589,0
10/9/2021,Malaysia,124.8607245,82.37912332,51.24698949,0,5.868946865,0.934609179,0.281388318,0
11/9/2021,Malaysia,102.7148254,71.30470575,44.65244667,0,5.76840505,1.135786966,0.263855367,0
12/9/2021,Malaysia,101.6289056,72.58958575,50.31897093,0,6.505406475,0.977794292,0.327571353,0
13/9/2021,Malaysia,95.62798462,68.22973341,43.41353234,0,5.754692952,0.808860159,0.211161732,0
14/9/2021,Malaysia,103.3293928,79.99968838,41.56837308,0,5.153455861,1.168589483,0.306946353,0
15/9/2021,Malaysia,131.1574278,82.65939524,53.25929924,0,6.59299802,1.101124248,0.283123012,0
16/9/2021,Malaysia,109.3036927,82.88776206,43.17301259,0,5.0516181,1.00830403,0.330195125,0
17/9/2021,Malaysia,88.6207728,64.65446797,41.41129181,0,4.913853295,1.142680692,0.376181303,0
18/9/2021,Malaysia,92.7914142,64.76728506,38.20900761,0,5.711146686,0.908338465,0.229278833,0
19/9/2021,Malaysia,90.32726448,65.33210248,35.84695765,0,5.245975975,0.826267323,0.257538868,0
20/9/2021,Malaysia,88.06810435,66.74848166,43.71920891,0,3.718568797,1.509610893,0.205965512,0
21/9/2021,Malaysia,89.10982468,72.4769149,45.25962693,0,5.537539105,0.902460512,0.215379586,0
22/9/2021,Malaysia,89.91159238,58.58106432,36.76875214,0,4.904268675,1.125940281,0.194950003,0
23/9/2021,Malaysia,85.33316862,59.24422752,35.55893267,0,6.176751781,0.851210165,0.18091694,0
24/9/2021,Malaysia,79.32731534,47.23114627,35.23483757,0,5.073657161,0.902735976,0.271170356,0
25/9/2021,Malaysia,92.62516613,69.05324507,37.67935576,0,6.072637116,1.025543244,0.256826872,0
26/9/2021,Malaysia,59.76317863,51.00315532,31.48494809,0,4.761156918,1.119191496,0.175261877,0
27/9/2021,Malaysia,73.00928147,55.36239761,35.14444917,505.0505051,4.717299498,0.802966072,0.240753754,0
28/9/2021,Malaysia,75.41103463,59.05704687,35.5522353,0,3.63337335,0.850063553,0.19391121,0
29/9/2021,Malaysia,64.37678956,52.10878329,35.40090511,0,4.236310476,0.71577999,0.284960846,0
30/9/2021,Malaysia,71.0417786,58.97130097,34.87671018,0,5.411234496,0.913496917,0.211933889,0
1/10/2021,Malaysia,79.69865124,58.62343687,36.1238666,0,3.843734164,0.761343336,0.172197785,0
2/10/2021,Malaysia,50.20477848,35.19477133,25.88727765,0,5.384739648,0.692356157,0.271880387,0
3/10/2021,Malaysia,63.47358811,40.1380848,23.07488354,0,3.67731115,0.734233259,0.243004726,0
4/10/2021,Malaysia,59.31732334,40.94913884,25.22012356,0,3.570399763,0.583136471,0.19854251,0
5/10/2021,Malaysia,73.38150043,43.12519381,30.11900455,0,3.21921093,0.821432263,0.228134997,0
6/10/2021,Malaysia,67.16316541,56.10952231,30.16386125,0,4.108608121,0.652436306,0.169229415,0
7/10/2021,Malaysia,61.29456857,40.84151955,26.83226899,0,4.177237635,0.998007057,0.162373791,0
8/10/2021,Malaysia,56.99388352,43.97967946,26.52556996,359.7122302,3.281466021,0.722294006,0.211319032,0
9/10/2021,Malaysia,47.03996655,36.08299257,22.20451607,0,3.397330917,0.253510486,0.154752697,0
10/10/2021,Malaysia,53.14901314,34.97635275,22.07699235,0,3.250435514,0.26974051,0.203040979,0
11/10/2021,Malaysia,49.97501249,30.92128243,22.38940496,486.6180049,2.76154258,0.763488455,0.206353963,0
12/10/2021,Malaysia,50.96402428,31.90630421,22.64379651,0,4.156640278,0.820740944,0.20465665,0
13/10/2021,Malaysia,65.36235312,45.03797148,30.80674939,0,3.483547572,0.763355449,0.164457447,0
14/10/2021,Malaysia,43.76534697,29.04964326,17.24111449,0,2.979768304,1.171356583,0.110396891,0
15/10/2021,Malaysia,50.55821552,31.92944347,20.15426313,80.90614887,2.924075898,0.502825881,0.195626134,0
16/10/2021,Malaysia,44.20212322,20.99176172,16.11359309,0,2.655921567,0.660118293,0.185104604,0
17/10/2021,Malaysia,38.35687542,28.39890816,15.39765434,0,3.339528955,0.965011442,0.141696206,0
18/10/2021,Malaysia,42.50944869,24.84333706,17.92882323,0,2.994983885,0.713888996,0.150425365,0
19/10/2021,Malaysia,42.82901198,27.47236429,17.35656518,0,4.088223871,0.593997066,0.177776139,0
20/10/2021,Malaysia,38.97681422,26.36150306,19.24002596,26.90341673,2.565562455,1.066650413,0.139724226,0
21/10/2021,Malaysia,48.4868885,31.9244233,21.50187511,99.41769635,2.604667564,0.635311906,0.134589764,0
22/10/2021,Malaysia,42.32346699,25.71756144,17.81354133,57.29673982,2.943358616,0.663679005,0.175730678,0
23/10/2021,Malaysia,32.77145433,21.8160498,15.49856235,47.44958482,2.654385709,1.363503112,0.133608296,0
24/10/2021,Malaysia,31.6510655,14.99645142,15.3035622,54.61267014,2.569079992,1.046264053,0.119379723,0
25/10/2021,Malaysia,38.4290216,21.0333057,18.50188423,30.2672599,3.115866616,1.069490121,0.155478019,0
26/10/2021,Malaysia,53.60312874,22.03617973,23.53534091,43.54262823,2.10208348,0.183634831,0.154957705,0
27/10/2021,Malaysia,42.16066506,16.1142023,19.09315073,38.62196818,3.079746314,0.568736552,0.154416538,0
28/10/2021,Malaysia,45.33325312,14.86107825,17.15241562,38.697551,2.36334495,0,0.149387626,0
29/10/2021,Malaysia,37.71503258,17.2972799,16.17146178,27.3966598,3.034542852,0.603393485,0.126516046,0
30/10/2021,Malaysia,36.26854406,11.49847748,13.50721337,14.04846721,2.396120028,0.615989865,0.148877101,0
31/10/2021,Malaysia,34.55912509,13.21366923,15.03532965,27.70492409,2.077922078,0,0.081101568,0
1/11/2021,Malaysia,38.32426069,15.21903623,16.42735048,22.19925747,1.541780602,0.857410492,0.175477039,0
2/11/2021,Malaysia,37.51187506,11.85958254,17.9831645,32.58666423,2.219637578,0.658865697,0.107872019,0
3/11/2021,Malaysia,36.98695958,16.5948677,18.57504403,25.30990883,2.123118526,0.224254969,0.157149273,0
4/11/2021,Malaysia,29.68638851,9.882921851,14.82951973,23.41441817,1.568337506,0.919341568,0.143540421,0
5/11/2021,Malaysia,39.0596859,10.25688843,14.17721573,19.23816853,2.251278726,1.165555504,0.143475934,0.35626238
6/11/2021,Malaysia,34.80481617,10.01373312,14.47521605,21.53430249,2.260052998,0.238422217,0.089629821,0
7/11/2021,Malaysia,34.91319311,8.907935285,14.68359912,17.25057241,2.607154031,0.240755008,0.147821468,0.313646771
8/11/2021,Malaysia,43.88179498,15.56715525,19.64294359,18.15481102,2.963445895,0.729710402,0.107485327,0
9/11/2021,Malaysia,40.86280199,15.67168078,20.28720158,16.6104285,2.525229337,0.497513675,0.120890409,0.237291836
10/11/2021,Malaysia,49.32800699,16.57221342,20.33418546,18.47760924,2.194923028,0,0.089558183,0
11/11/2021,Malaysia,40.47622371,12.80941133,20.09983381,14.35558186,2.326219753,0.256188227,0.121056327,0.196651806
12/11/2021,Malaysia,38.28286707,15.26143094,17.28300791,15.0810607,1.873167808,0.789384359,0.125694603,0
13/11/2021,Malaysia,36.53948732,9.898208959,16.21922865,13.55487838,1.762354694,0.267519161,0.125730455,0
14/11/2021,Malaysia,33.70928219,11.0767402,15.71389943,7.431444921,1.650104723,0.810493185,0.094310342,0
15/11/2021,Malaysia,46.70177597,12.78588004,19.33476884,13.81675973,1.896518821,0.544080002,0.107914989,0.300364342
16/11/2021,Malaysia,44.00500393,11.30323548,20.85750379,14.89650952,1.311802285,0.827066011,0.144155534,0
17/11/2021,Malaysia,44.84573786,13.44390949,20.12681337,15.61008411,2.3981678,0.560162895,0.162531467,0.24015514
18/11/2021,Malaysia,46.20921554,12.49673381,19.58306016,14.76889907,1.568459013,0.568033355,0.090348605,0
19/11/2021,Malaysia,41.01822277,10.37547698,17.24290906,13.24917616,2.912536528,0.576415388,0.081441187,0.099617866
20/11/2021,Malaysia,36.73626283,9.323927821,15.54099649,9.588196547,2.067935325,0.291372744,0.090565248,0
21/11/2021,Malaysia,34.37992992,10.86353347,14.95845167,8.003700315,2.072548967,0.293609013,0.126881747,0
22/11/2021,Malaysia,55.4810501,15.61643674,18.94064702,10.81123497,2.082070313,0,0.108984783,0
23/11/2021,Malaysia,46.14288544,12.19008203,18.79097201,9.93357427,2.214858501,0.891957222,0.12755084,0
24/11/2021,Malaysia,43.3940314,10.4948785,19.06035642,10.20429601,1.607186348,0,0.137124866,0
25/11/2021,Malaysia,42.25077325,10.87150187,16.81253972,8.030844028,2.609606583,0.301986163,0.123857728,0.069833426
26/11/2021,Malaysia,42.06873307,10.27671568,15.33483495,7.25557294,1.49799643,0.604512687,0.133426407,0
27/11/2021,Malaysia,34.66074389,9.711035985,12.96169471,6.625570973,2.377451747,0.303469875,0.115194585,0.064325932
28/11/2021,Malaysia,30.9745056,9.75716847,13.63713323,4.792739252,1.50483428,0.609823029,0.110720973,0
29/11/2021,Malaysia,33.23413448,11.00745755,16.53611204,7.317573778,2.014189968,0,0.111042722,0.05949247
30/11/2021,Malaysia,38.31543594,11.68472161,17.53601198,8.757460469,1.264535839,0,0.102169561,0.11085393
1/12/2021,Malaysia,34.17595918,9.924727148,18.36551744,9.105964976,1.270481754,0.620295447,0.088587162,0
2/12/2021,Malaysia,37.00707218,7.492764799,15.93718987,8.090654083,1.531327125,0.624397067,0.14045702,0
3/12/2021,Malaysia,36.3770041,6.293068185,16.4588875,8.161778438,1.921320639,0.943960228,0.126859824,0
4/12/2021,Malaysia,30.95017023,9.181864235,14.4380622,6.945631491,2.054783086,0.633232016,0.112944424,0
5/12/2021,Malaysia,32.55585323,6.673233976,13.29326473,5.188260695,1.930188927,0,0.103669558,0.044344109
6/12/2021,Malaysia,40.06886675,7.008244244,16.9214682,6.283273755,1.551052906,0,0.137226672,0
7/12/2021,Malaysia,36.60725992,9.915113832,17.90041545,5.96595696,1.68756872,0,0.10943901,0
8/12/2021,Malaysia,39.6324094,12.53446979,17.75643814,5.96734257,1.825176749,0.642793323,0.10050814,0
9/12/2021,Malaysia,41.90829418,9.68444839,15.466874,6.027274506,1.178670774,0.322814946,0.08186079,0.036308883
10/12/2021,Malaysia,32.07652091,6.174865697,14.01240601,4.839864888,1.708994966,0.324992931,0.077416608,0
11/12/2021,Malaysia,23.83187599,3.272122822,10.98326824,3.780650088,1.053342585,0.327212282,0.077586001,0
12/12/2021,Malaysia,24.39571163,6.226690874,11.26435458,3.714615775,1.186818404,0,0.097148379,0
13/12/2021,Malaysia,36.12903226,10.17400836,14.35222097,4.482322597,1.985111663,0,0.078080767,0
14/12/2021,Malaysia,27.6322729,4.609220416,13.4444862,5.287277496,1.59416959,0.32923003,0.093262226,0.031285666
15/12/2021,Malaysia,31.74120515,7.26744186,13.20820217,5.882138239,1.066931266,0.660676533,0.083971368,0
16/12/2021,Malaysia,45.11590235,9.285081858,14.16137182,4.292359571,1.740376055,0,0.064641093,0.02900243
17/12/2021,Malaysia,29.40971084,6.664867153,11.87112598,4.487913628,1.342909171,0.333243358,0.160015177,0
18/12/2021,Malaysia,20.03878648,3.012461549,8.752450749,3.383862935,1.882838998,0.33471795,0.110346084,0
19/12/2021,Malaysia,21.68680217,4.361611112,8.598409475,2.891408948,1.751108249,0.335508547,0.100566193,0
20/12/2021,Malaysia,25.53539895,6.384151177,11.60514978,4.522937305,2.026618965,0.672015913,0.121202609,0
21/12/2021,Malaysia,27.37286861,6.0648535,12.42838316,5.022789652,0.813055503,0.336936306,0.106659602,0
22/12/2021,Malaysia,26.23202155,6.41789986,11.93377653,4.268488403,0.951420471,0,0.051086372,0.048231507
23/12/2021,Malaysia,29.31411782,3.387660109,12.0787485,5.146957221,1.636136808,0,0.09255746,0
24/12/2021,Malaysia,25.00488483,4.760997905,10.95410741,5.681583059,1.09310972,0.340071279,0.087922486,0
25/12/2021,Malaysia,20.10020018,2.730477936,10.05859051,3.765717742,0.820416334,0.682619484,0.077852868,0
26/12/2021,Malaysia,22.71769298,3.07506227,9.420407477,3.334390667,0.821121433,0.341673586,0.052075221,0
27/12/2021,Malaysia,23.46976449,3.763617452,11.53947436,4.474597207,1.784251102,0,0.062885419,0.063022496
28/12/2021,Malaysia,31.66347508,5.839215484,14.82356236,7.270099846,1.927341961,0,0.084524946,0.020307541
29/12/2021,Malaysia,28.3013528,5.514237071,12.64345971,5.865341949,2.208886073,0,0.063936585,0
30/12/2021,Malaysia,28.38132315,6.228740099,12.49035075,5.957436959,1.938236703,0.692082233,0.053745055,0
31/12/2021,Malaysia,31.22597335,4.86374564,12.14460304,6.674292493,1.249038934,0.347410403,0.037934949,0
1/1/2022,Malaysia,19.30274057,5.577108757,9.807410845,4.601387337,1.666423647,0,0.076152941,0
2/1/2022,Malaysia,21.55313264,4.185574418,9.400209295,5.712723162,0.695262343,0,0.065544748,0.018193386
3/1/2022,Malaysia,35.11739942,5.233099705,14.31520564,8.521991363,0.557419038,0,0.066044778,0.053373641
4/1/2022,Malaysia,25.00803331,4.550721289,11.63348966,5.823452673,0.977967783,0,0.038870848,0.017331704
5/1/2022,Malaysia,23.38703014,3.511470217,11.32416233,6.267428661,1.400420967,0.351147022,0.072878272,0.033605516
6/1/2022,Malaysia,23.5868262,3.17078928,13.15340933,6.662837972,0.982784425,0,0.050938332,0
7/1/2022,Malaysia,23.49769526,3.538395126,11.6979557,6.032842352,0.844228572,0,0.039924763,0
8/1/2022,Malaysia,14.08895201,3.549422154,8.635322123,4.205312125,0.42266856,0.354942215,0.079956686,0
9/1/2022,Malaysia,16.78666546,3.195080995,9.439935017,4.793740797,0.846386494,0.355008999,0.045852751,0.03092736
10/1/2022,Malaysia,29.54811182,6.751762565,13.75377442,5.963623396,0.706892627,0,0.040401352,0
11/1/2022,Malaysia,26.06435346,6.408270942,11.48989277,5.482286429,0.708270474,0,0.023282457,0
12/1/2022,Malaysia,27.11338933,5.352497654,13.52789744,5.896662252,0.70977459,0,0.076462029,0.013973133
13/1/2022,Malaysia,27.45498023,3.933094487,11.77174036,5.265444561,1.56479162,0.357554044,0.047610679,0.01350114
14/1/2022,Malaysia,24.79088038,3.226488756,11.15041153,5.772633545,0.569905296,0.358498751,0.036085474,0
15/1/2022,Malaysia,17.40390761,3.590638487,8.934739685,4.324022916,0.998584863,0.718127697,0.036173035,0.012907531
16/1/2022,Malaysia,14.70632329,3.588177672,7.88767801,4.454361692,1.142238702,0,0.018188343,0.038180243
17/1/2022,Malaysia,27.75317981,2.870253766,12.84256562,6.212975093,0.71528814,0,0.042972256,0.012376444
18/1/2022,Malaysia,20.7664094,4.673300357,11.64897683,7.28464542,0.42964985,0,0.049835195,0.012001063
19/1/2022,Malaysia,28.42556808,8.632627736,12.547326,7.126186956,0.430690425,0,0.050594056,0
20/1/2022,Malaysia,24.44924481,9.02510785,14.4426793,8.843113011,0.719095435,0.361004314,0.064246794,0
21/1/2022,Malaysia,27.0788412,4.343828506,13.20998628,8.239581055,0.432109168,0,0.0455966,0
22/1/2022,Malaysia,22.35020317,3.26136586,10.48742353,5.886531648,0.576779437,0,0.026267811,0
23/1/2022,Malaysia,19.48642446,2.172401807,10.94658819,6.346785826,0.433031655,0,0.059528274,0.021262264
24/1/2022,Malaysia,31.53958,5.429156743,16.22304002,9.369049449,0.723384862,0,0.046984394,0
25/1/2022,Malaysia,29.72780928,4.704383762,17.63398243,11.59578208,0.290027408,0,0.013653877,0.010225557
26/1/2022,Malaysia,35.59411666,7.95953661,19.97295211,12.17355367,0.581128435,0,0.048629796,0
27/1/2022,Malaysia,37.6998163,10.13567323,19.12899859,13.00744834,0.727795682,0.723976659,0.028307804,0
28/1/2022,Malaysia,41.41106755,7.608337288,19.43725372,12.54403877,1.166508945,0,0.014392635,0.028595833
29/1/2022,Malaysia,28.7469119,5.077099381,15.42044308,11.54049451,0.583693643,0,0.029136406,0.00939015
30/1/2022,Malaysia,27.45130678,5.078793859,16.64064909,13.9590241,0.438052768,0,0.036815595,0
31/1/2022,Malaysia,33.9145587,6.169591174,23.20726327,16.36863253,0.292366885,0.362917128,0.029983544,0.0091038
1/2/2022,Malaysia,35.24123429,6.176248329,21.99688577,15.86020303,0.584916752,0.363308725,0.052986304,0
2/2/2022,Malaysia,36.57323424,5.086821136,21.32588454,18.21759985,0.438878811,0,0.06179177,0.008766891
3/2/2022,Malaysia,51.42510541,8.723117351,33.57225747,28.59247431,0.732551359,0,0.015746837,0
4/2/2022,Malaysia,77.16287087,10.56527885,44.86872081,36.63257804,0.880184839,0,0.047979384,0.008481727
5/2/2022,Malaysia,54.63983244,8.750054688,39.41694347,34.09073991,0.29376254,0.364585612,0.048592903,0.016822472
6/2/2022,Malaysia,62.63655799,13.47679442,47.54418486,44.16745271,0.735170868,0.728475374,0.07367384,0.016707945
7/2/2022,Malaysia,101.1945971,20.01819836,79.34460177,66.54066842,0.589197072,0,0.074908362,0.024862624
8/2/2022,Malaysia,127.9704797,15.30528579,84.97976329,69.43335749,1.180811808,0,0.076253028,0.024803533
9/2/2022,Malaysia,131.4946759,22.20596212,96.79602902,74.99435872,0.887478127,0.364032166,0.051744135,0.024742448
10/2/2022,Malaysia,131.6337558,20.38550445,86.97200911,69.42549138,1.334125903,0,0.105335498,0.024543539
11/2/2022,Malaysia,118.7170241,22.19400471,82.19327099,67.63001395,1.782984091,0.363836143,0.115915874,0.00812275
12/2/2022,Malaysia,105.9675192,13.44447432,75.83995835,58.910874,1.190646283,0.363364171,0.107944431,0.056590657
13/2/2022,Malaysia,110.278229,21.39859785,89.04583137,66.95629005,1.341221704,0.362688099,0.172165544,0.056346962
14/2/2022,Malaysia,145.4949592,34.05957527,109.8435867,83.52194715,1.941924507,0.724671814,0.146238757,0.039890127
15/2/2022,Malaysia,155.1423086,31.12074487,115.802904,96.23605959,2.246268947,0,0.109965565,0.047321452
16/2/2022,Malaysia,146.1940027,23.13551265,113.4426301,94.94271839,1.651061633,1.084477155,0.238903967,0.00779241
17/2/2022,Malaysia,153.2920944,33.95009336,109.3132659,88.94289818,1.654772363,0.722342412,0.213230864,0.046188107
18/2/2022,Malaysia,161.3187734,25.98555636,97.7702294,84.69387755,2.864538968,0.360910505,0.280384942,0.022844959
19/2/2022,Malaysia,114.6132671,27.03813459,80.02453735,72.79646601,3.020112439,0,0.197336224,0.030215406
20/2/2022,Malaysia,128.7523129,23.38264073,89.16072474,78.3177521,1.966839093,0,0.273875757,0.037530071
21/2/2022,Malaysia,170.0829799,32.6339156,106.7001104,94.88244425,1.819069304,1.075843372,0.219488645,0.04466107
22/2/2022,Malaysia,167.2311922,35.44956494,104.4102014,96.64573672,1.974573568,0.358076414,0.328972926,0.05167037
23/2/2022,Malaysia,173.4531479,39.28192639,103.1242899,95.81132916,3.499493334,0.357108422,0.206228939,0.073166345
24/2/2022,Malaysia,177.8806142,29.21674191,102.0262432,96.75138723,2.743659859,1.068905192,0.339090153,0.043516366
25/2/2022,Malaysia,149.654649,22.06358583,84.78311928,92.10879295,1.985214732,0.355864288,0.333791808,0.021576199
26/2/2022,Malaysia,140.8491629,27.71254277,73.82881489,82.51012712,4.129128555,0.71057802,0.26582872,0.064360474
27/2/2022,Malaysia,113.3453418,25.90048537,74.26031018,78.59486836,2.144371332,1.064403508,0.32999999,0.113864351
28/2/2022,Malaysia,169.8569182,29.40384588,101.2169822,110.5749487,2.761901109,0,0.344239968,0.077804928
1/3/2022,Malaysia,178.8947257,26.19283591,102.3344411,117.9479128,2.920102911,0.353957242,0.506606144,0.070244722
2/3/2022,Malaysia,177.0031368,31.13104756,109.5656323,124.4735635,4.001810049,0.353761904,0.395466627,0.090698746
3/3/2022,Malaysia,181.5903181,33.25644255,98.81020689,114.7261018,4.007935713,0.707583884,0.422219576,0.062396357
4/3/2022,Malaysia,147.8757905,28.65694453,85.53175824,103.3101416,3.087177255,1.415157755,0.416586364,0.089577259
5/3/2022,Malaysia,121.0726761,27.59655255,71.6711668,85.46859621,2.937906571,1.769009779,0.364935736,0.137199769
6/3/2022,Malaysia,122.9235366,25.07921145,79.94412045,96.80753746,3.40594182,0.706456661,0.423397432,0.102477986
7/3/2022,Malaysia,167.14163,25.76700976,89.66489223,119.2182155,4.031245252,0.352972736,0.371213329,0.12228206
8/3/2022,Malaysia,169.6276425,32.82982501,85.46119074,118.9728392,3.417406716,0.353008871,0.420823005,0.094621357
9/3/2022,Malaysia,162.2545763,30.70992884,89.40180372,119.2281928,5.133653901,0.705975376,0.368003308,0.141249693
10/3/2022,Malaysia,149.1320886,26.1258844,80.42387017,111.6365976,3.11665807,0,0.488051228,0.153944586
11/3/2022,Malaysia,152.0530281,26.46856417,63.69073049,98.0658578,3.434462647,0.352914189,0.457868846,0.086671844
12/3/2022,Malaysia,113.5494527,23.63315697,54.16618265,80.81123521,5.161338757,0.705467372,0.638780053,0.152950824
13/3/2022,Malaysia,113.3868528,17.61481335,55.19287784,79.19644966,4.071903552,0.352296267,0.45269358,0.165891181
14/3/2022,Malaysia,166.5809188,28.16028836,69.96838189,109.3442717,5.019387384,1.056010814,0.445122099,0.112453274
15/3/2022,Malaysia,135.8676445,28.87740836,63.53881069,105.3203075,2.670231163,0.704327033,0.49772473,0.092311044
16/3/2022,Malaysia,129.5016782,25.01109647,56.32430063,91.18640555,2.989710675,1.056806893,0.440798874,0.118347055
17/3/2022,Malaysia,107.972296,24.31426719,57.45643299,92.82523053,4.728713695,0.704761368,0.296485571,0.098338757
18/3/2022,Malaysia,94.3844414,20.79749584,46.4349597,80.74947867,3.156670281,1.057499789,0.360829001,0.085040767
19/3/2022,Malaysia,93.87786711,14.44883,41.12858847,74.42753901,2.528696757,0.704820975,0.387533812,0.084925657
20/3/2022,Malaysia,90.68579351,15.84696759,40.45295765,72.27834738,3.798357843,0.704309671,0.28868074,0.117430296
21/3/2022,Malaysia,94.94945012,19.70152194,49.94315116,87.96203581,2.694725629,0.351812892,0.214619204,0.117152545
22/3/2022,Malaysia,103.9812929,15.82706992,47.67915308,87.46304959,3.17500131,0.351712665,0.342924116,0.116859775
23/3/2022,Malaysia,95.42880137,18.63330017,49.87822868,93.8061389,2.544768036,0.351571701,0.255392876,0.09069028
24/3/2022,Malaysia,80.13701358,14.74988411,41.12646188,76.99461632,3.345680488,1.053563151,0.218279692,0.064647033
25/3/2022,Malaysia,67.33029017,12.99025029,30.90596245,55.4046307,1.914605408,0,0.232084824,0.077470935
26/3/2022,Malaysia,62.61450708,10.87280571,26.39637741,51.97337622,2.236232396,0,0.284388003,0.064483097
27/3/2022,Malaysia,56.59888657,10.51020015,27.81311299,52.65755769,2.718025626,0.350340005,0.246248437,0.064412915
28/3/2022,Malaysia,65.51222067,12.95237028,30.41442123,59.60524693,1.761942365,0.350064062,0.325496803,0.077183874
29/3/2022,Malaysia,68.66258755,10.14652989,31.12636624,61.24854281,2.24597249,0,0.143921828,0.051383006
30/3/2022,Malaysia,72.14079827,12.94847208,27.174113,52.16685517,1.124689505,0.349958705,0.223384875,0.064142205
31/3/2022,Malaysia,66.13809828,11.89680571,31.01618713,60.3584767,1.770119419,0.6998121,0.250662508,0.057648975
1/4/2022,Malaysia,54.15223547,10.84955517,21.16509062,44.15486959,2.417510512,0,0.224879088,0.044781815
2/4/2022,Malaysia,39.35636218,8.745662152,18.53621204,38.76802662,1.129075964,0.349826486,0.172368209,0.019169949
3/4/2022,Malaysia,45.83195488,7.694809851,16.91535651,35.310171,2.097941597,0,0.146165689,0.031914471
4/4/2022,Malaysia,62.67232871,8.046994448,22.05442499,47.77183732,2.745952547,0,0.106607492,0.031839401
5/4/2022,Malaysia,80.86205419,8.399332253,23.90775056,48.7048257,1.132068759,0.349972177,0.147001261,0.038105223
6/4/2022,Malaysia,90.5461113,7.346947343,22.91368549,50.84021867,1.45780859,0.349854635,0.107198529,0.031660368
7/4/2022,Malaysia,48.97056415,6.297537663,19.1201583,40.15153179,0.162154186,0.349863203,0.147801645,0.037872849
8/4/2022,Malaysia,41.7211856,7.696748124,17.10802682,33.90434324,0.649356974,0.349852187,0.053883549,0.025212376
9/4/2022,Malaysia,39.6584175,4.550800941,14.718486,28.16615943,1.137741486,0.350061611,0.067515991,0.025193345
10/4/2022,Malaysia,30.42782828,6.996309447,15.65915925,28.09551038,0.813578296,0.349815472,0.081205666,0.025186473
11/4/2022,Malaysia,34.68897184,4.893718912,18.51020462,35.18519765,1.302872182,0,0.108803554,0.025168239
12/4/2022,Malaysia,61.7753821,10.84932734,16.4121013,29.97122084,0.814978656,0,0.109414009,0.025148916
13/4/2022,Malaysia,24.63323398,4.204227351,13.63917192,27.19125346,0.163134,0,0.123867353,0.025130548
14/4/2022,Malaysia,55.02265399,3.855266294,9.824026604,20.43564142,1.306175762,0.350478754,0.041568519,0.031391154
15/4/2022,Malaysia,22.71382864,2.103794193,8.186144873,17.29327385,0.817044196,0,0.097288649,0.037648637
16/4/2022,Malaysia,16.52216588,2.806416872,5.387312253,12.17400129,0.654343203,0,0.083524221,0
17/4/2022,Malaysia,29.81719764,3.156377461,11.75549681,19.85542094,0.655323025,0,0,0.018808419
18/4/2022,Malaysia,18.69180332,4.552840973,5.886652643,15.13716268,0.491889561,0,0.069747069,0.03132691
19/4/2022,Malaysia,17.55612216,1.401777454,5.337276025,15.16657527,0.328151816,0,0.04191578,0.006262005
20/4/2022,Malaysia,17.24457904,1.753241744,6.926406442,17.36223033,0.492702258,0,0.055970961,0.01251783
21/4/2022,Malaysia,15.77976705,2.104347582,4.750526587,10.85357384,0.49311772,1.052173791,0.042040058,0.012511324
22/4/2022,Malaysia,15.96051008,2.106253467,4.096436283,12.01266101,0.493624023,0,0.070144457,0.006253337
23/4/2022,Malaysia,14.16472588,2.457243955,4.142266494,9.533604204,0.494118345,0,0.028083163,0.012503087
24/4/2022,Malaysia,9.558905934,2.105270545,3.766328545,8.400154353,0.329617446,0,0.014053465,0.018750345
25/4/2022,Malaysia,12.53891601,0.701968671,4.024678314,9.227675429,0.329971474,0,0.028144604,0.00624758
26/4/2022,Malaysia,20.31150919,2.807549501,5.353341683,11.39210242,0.495402663,0,0.042263224,0.00624567
27/4/2022,Malaysia,14.70972263,1.053426269,3.38451949,7.373500911,0.495833347,0.35114209,0.042306494,0.006243439
28/4/2022,Malaysia,12.73522961,1.405096284,2.611723533,6.028481016,0.66157037,0,0.028234849,0.018721991
29/4/2022,Malaysia,13.40955257,0.702795016,2.641932154,6.082750866,0,0,0.028255959,0.012477438
30/4/2022,Malaysia,6.128404992,1.405293742,1.371189278,3.118711703,0.165632567,0,0,0.01871227
1/5/2022,Malaysia,8.945832981,1.405609789,1.61221687,4.465174384,0.331327147,0.351402447,0.056569013,0.006236277
2/5/2022,Malaysia,4.638825979,0.351481494,1.146465334,3.298029867,0.331344713,0,0.014153893,0
3/5/2022,Malaysia,5.964432103,1.405995163,1.501228245,4.337868067,0.16567867,0,0.014162531,0.006232569
4/5/2022,Malaysia,7.787542583,1.406103897,2.012525562,5.09682281,0.497077186,0,0.042518146,0
5/5/2022,Malaysia,9.612962251,0.703056891,2.936395128,8.26605098,0,0,0.042556451,0.006229127
6/5/2022,Malaysia,9.948137046,0.703370905,3.889237359,11.01094555,0.165802284,0,0,0
7/5/2022,Malaysia,11.44475996,0.703695103,3.805610009,9.807714007,0.331732173,0.351847551,0,0
8/5/2022,Malaysia,10.29624967,1.05576182,5.582583023,12.88347325,0.166068543,0,0,0.012453817
9/5/2022,Malaysia,11.63246721,2.81895607,6.083261947,14.11608993,0.332356206,0,0.028426458,0.012453542
10/5/2022,Malaysia,13.30189652,0.704813524,5.57488435,13.36244761,0.332547413,0,0.014221644,0.012453353
11/5/2022,Malaysia,13.1465962,0.70479117,5.136813551,12.55261388,0.16641261,0,0.071147002,0
12/5/2022,Malaysia,8.329640526,3.522032072,4.342365168,11.45554889,0.666371242,0,0.028474526,0
13/5/2022,Malaysia,10.34188262,0.703856076,3.04791117,8.603270812,0.166804558,0,0.014242576,0.012450464
14/5/2022,Malaysia,7.347096895,0.351555634,2.26510924,5.521319639,0.166979475,0,0.01424597,0
15/5/2022,Malaysia,6.686950416,0.702350768,2.664136449,5.962729703,0.16717376,0,0.014246719,0.018672431
16/5/2022,Malaysia,7.696619344,0.701343423,2.365059129,7.249825631,0,0,0.042742032,0.006223026
17/5/2022,Malaysia,13.56399947,3.152496777,3.718662256,9.842687474,0,0,0.014247748,0
18/5/2022,Malaysia,7.036271982,0.700775759,2.949458675,7.744224861,0,0,0.014248593,0.024881044
19/5/2022,Malaysia,9.052610756,1.051417837,3.220816163,8.127701551,0,0,0.014251399,0.01865578
20/5/2022,Malaysia,10.73549911,0.350398929,2.636966536,7.635004981,0,0,0.014253873,0.012434862
21/5/2022,Malaysia,7.89961107,1.051123125,2.109889308,6.577086909,0,0,0,0
22/5/2022,Malaysia,9.093817888,1.04777505,2.437906104,6.694654508,0,0,0,0.012432042
23/5/2022,Malaysia,8.929895267,0.69613402,2.723995894,9.111650725,0,0,0.042785276,0.006215314
24/5/2022,Malaysia,8.597075309,0,2.953513833,6.841846948,0.337140208,0,0.014268183,0.012428423
25/5/2022,Malaysia,5.060822654,1.043717862,2.555208929,7.312932757,0,0.347905954,0,0.006213197
26/5/2022,Malaysia,8.10145725,0.347823667,2.485211918,5.820591239,0.337560719,0,0.028565654,0
27/5/2022,Malaysia,7.942422506,0.347679759,1.828866921,6.12417111,0,0,0.042864068,0.006211127
28/5/2022,Malaysia,6.602984549,1.388348975,1.514966584,4.744846795,0.338614592,0,0,0.006210532
29/5/2022,Malaysia,6.27975458,0,1.586659935,5.197767928,0.169723097,0,0.014294234,0.012419995
30/5/2022,Malaysia,8.661287611,0.345344412,2.573563526,8.581153998,0.509487507,0,0.02859515,0
31/5/2022,Malaysia,7.816695101,0,2.603003122,8.759892828,0,0,0.014302215,0.006208287
1/6/2022,Malaysia,8.498790622,0.690097787,2.518017056,8.057190909,0.169975812,0,0.02861383,0.031036945
2/6/2022,Malaysia,7.99072396,1.725613628,2.461815383,7.441147597,0.170015403,0,0.04293864,0.006206128
3/6/2022,Malaysia,5.952877025,0.690405095,2.448125158,6.757621732,0.170082201,0,0.028633043,0.006205346
4/6/2022,Malaysia,7.155074311,0.690624428,1.832846937,5.888405228,0,0,0.014319117,0.012409705
5/6/2022,Malaysia,6.484365001,0.344525829,2.33442082,7.836185868,0,0,0,0
6/6/2022,Malaysia,8.191433808,0.687148266,2.277713434,8.647844391,0,0,0.028650483,0.006203619
7/6/2022,Malaysia,9.219028758,1.030825107,2.822966336,10.20974197,0,0,0,0.012405519
8/6/2022,Malaysia,9.221295729,2.406623027,2.637420729,7.138645457,0.170764736,0,0,0.024808499
9/6/2022,Malaysia,11.61731869,1.37562462,2.738970124,9.017025185,0.170842922,0,0,0
10/6/2022,Malaysia,10.59512112,0.3439724,2.725331483,6.821166078,0,0,0.0286877,0.00620106
11/6/2022,Malaysia,4.102087279,1.376808352,1.893661985,5.927908326,0.341840607,0,0,0.012401482
12/6/2022,Malaysia,5.988249344,0.692796647,2.481944571,6.628343392,0,0,0,0
13/6/2022,Malaysia,9.754845334,1.037986859,3.22881353,11.79303046,0.171137637,0,0.028700565,0.018600994
14/6/2022,Malaysia,11.98755349,2.076340105,3.330231816,9.318027631,0,0,0,0.018598858
15/6/2022,Malaysia,12.00727298,1.037670913,2.842761275,8.678601148,0.171532471,0,0,0
16/6/2022,Malaysia,7.721928217,0.689938285,2.685347109,8.603099062,0,0,0.02872029,0
17/6/2022,Malaysia,9.783459431,1.725113512,3.073468242,9.048277394,0,0,0,0
18/6/2022,Malaysia,7.558643911,0,2.168829128,6.321076477,0,0,0,0
19/6/2022,Malaysia,7.908114585,2.074545329,2.599885892,9.338679578,0.343831069,0,0.01436401,0.012393735
20/6/2022,Malaysia,13.58398946,1.734816023,3.203351021,10.8622481,0,0,0.014364803,0.006196377
21/6/2022,Malaysia,13.75934561,2.082487323,3.577583637,11.70374277,0.17199182,0,0.014367806,0.006195735
22/6/2022,Malaysia,10.15183008,1.041876489,3.578292097,11.49836951,0,0,0,0.006195242
23/6/2022,Malaysia,13.2588085,1.042111735,3.44983126,9.936192177,0,0,0,0.006194634
24/6/2022,Malaysia,12.92635425,1.041211137,2.444190856,8.54791861,0.34470278,0,0.014377593,0.006194144
25/6/2022,Malaysia,8.451554482,0.694107031,2.285667628,7.513098682,0.172480704,0,0.043125804,0
26/6/2022,Malaysia,11.38963957,1.04416832,3.752181764,10.36809782,0.51771089,0,0.014376175,0.006193607
27/6/2022,Malaysia,11.04592863,3.141547666,4.097843269,13.20371317,0.172592635,0,0.014378397,0.018579334
28/6/2022,Malaysia,15.36278615,1.047533582,3.998013649,12.50903267,0,0,0.014381344,0.012385181
29/6/2022,Malaysia,18.99302438,0.349246152,3.495217521,10.78658142,0,0,0.014383611,0.012384135
30/6/2022,Malaysia,16.23929114,1.746035626,4.359059939,12.99599068,0.172758416,0,0,0.006191515
1/7/2022,Malaysia,12.44722894,1.047917787,3.582424023,11.07566636,0.345756359,0.349305929,0.043161735,0.012381964
2/7/2022,Malaysia,10.90023859,1.396370136,3.064675002,10.37557861,0.34603932,0,0.014388146,0.006190679
3/7/2022,Malaysia,12.28690441,0,3.56780117,12.12094049,0.173054992,0,0.02877259,0.01238094
4/7/2022,Malaysia,16.96628902,0.700297276,4.834546286,17.33840771,0,0,0.014388531,0.018570233
5/7/2022,Malaysia,16.46073422,0,5.454068469,17.36186762,0.173270887,0,0.028781364,0.018568842
6/7/2022,Malaysia,21.4916226,1.399761341,5.411715702,17.21830753,0.173319537,0,0.028785722,0.012378366
7/7/2022,Malaysia,20.46440321,0.702222534,4.692923043,16.01601304,0.173427146,0,0.028790939,0.018565703
8/7/2022,Malaysia,17.17306985,1.403602345,4.290387229,15.55085998,0.173465352,0,0.043191818,0.006188166
9/7/2022,Malaysia,10.23608933,0.702456843,2.879257198,10.30289968,0.346986079,0,0.014396286,0.018563783
10/7/2022,Malaysia,10.41630499,0.703662917,3.46921425,11.38530233,0.347210166,0,0.01439508,0.030938322
11/7/2022,Malaysia,15.62508138,1.759850765,4.808547121,16.76126977,0,0,0.028793695,0.018561761
12/7/2022,Malaysia,21.18338736,1.761127685,6.436388895,22.35926501,0.173634323,0,0.086394482,0.018560541
13/7/2022,Malaysia,24.14150046,3.87603728,7.157368352,22.90842889,0.347359719,0,0.043203431,0.012372902
14/7/2022,Malaysia,26.25192108,1.411034288,7.072192829,21.76217579,0,0,0.043210954,0.012371902
15/7/2022,Malaysia,23.47438249,3.524117297,6.770519717,20.5049627,0.34776863,0,0.043216083,0.018556527
16/7/2022,Malaysia,18.43487879,1.412549086,5.402306136,15.61767535,0.347827902,0,0.01440615,0.012370436
17/7/2022,Malaysia,17.22059583,1.061634989,5.646782789,16.82966266,0.347890825,0,0.043215174,0.043295714
18/7/2022,Malaysia,28.35783764,3.545860385,7.563492276,24.38726004,0.347948928,0,0.057626608,0.018554852
19/7/2022,Malaysia,30.97305866,2.483925454,7.521157578,22.71592404,0.348011895,0.354846493,0.028816696,0.018553709
20/7/2022,Malaysia,25.41950895,1.065242556,6.64217084,19.18321791,0.348212451,0,0.086449078,0.006184145
21/7/2022,Malaysia,22.29110794,3.195739015,6.095643675,18.23526535,0.174149281,0,0.014410505,0.049468336
22/7/2022,Malaysia,19.68342777,2.486033817,5.2748241,15.90882715,0.174189626,0,0.057648351,0.006182988
23/7/2022,Malaysia,20.40005022,2.49167957,5.044362284,14.24472361,0.348718807,0,0.086474782,0.006182606
24/7/2022,Malaysia,19.71687957,1.425262783,5.116291136,15.22078861,0.17448566,0.356315696,0,0.018546859
25/7/2022,Malaysia,24.60780224,1.42403486,7.004443209,21.95755565,0.523570261,0.356008715,0.028824869,0.024726977
26/7/2022,Malaysia,26.53436724,3.204580414,7.769206986,20.92330431,0.523704617,0,0.014414113,0.024724732
27/7/2022,Malaysia,25.85089622,2.4958373,6.515783982,16.46519262,0.349336435,0,0.028830903,0
28/7/2022,Malaysia,21.83840974,2.139594262,6.257460472,18.08849197,0.174707278,0,0.014418112,0.024719497
29/7/2022,Malaysia,24.81337546,3.927267015,5.984177259,15.94258987,0.174742081,0,0.028839408,0.03707579
30/7/2022,Malaysia,16.95140365,0,4.455886507,12.07974311,0.349513477,0.357190057,0.028840689,0.03707338
31/7/2022,Malaysia,18.01959412,1.786460771,5.955746639,15.09431258,0.174947516,0,0.057682776,0.018535791
1/8/2022,Malaysia,28.17019698,3.928248751,8.495154733,22.67975762,0.874850838,0,0.057692053,0.012356174
2/8/2022,Malaysia,27.48209725,2.859910842,7.457965995,19.40367281,0.350090411,0,0.014425466,0.012355093
3/8/2022,Malaysia,29.24729375,2.859409961,7.805439396,19.53783598,0.175133496,0,0.057711197,0.012353991
4/8/2022,Malaysia,22.24733076,2.143431276,6.422019011,15.62592354,0.525527498,0,0,0.030881272
5/8/2022,Malaysia,23.12811222,2.145769258,5.253626012,14.2781244,0.525638914,0,0.057732154,0.043229615
6/8/2022,Malaysia,15.60937966,1.78848644,4.690878334,11.23901564,0.350772577,0,0.028866944,0.0370517
7/8/2022,Malaysia,25.25930253,3.214170922,6.105897922,16.96278155,0.350823646,0,0.028869494,0.018525062
8/8/2022,Malaysia,32.45665282,4.642558693,9.052112448,21.29009057,0.175441367,0.357119899,0.028874362,0.030873101
9/8/2022,Malaysia,25.27104956,2.85701021,7.609370991,17.57168457,0.350986799,0,0.028878068,0.024696675
10/8/2022,Malaysia,22.65614298,1.428316372,7.350610397,16.44067377,0.175629015,0,0,0.018521225
11/8/2022,Malaysia,26.53452124,2.499473325,6.514408615,15.46389652,0.527175919,0,0.014444365,0.030866061
12/8/2022,Malaysia,22.4987696,2.499571502,5.692161821,13.54293149,0.527314912,0,0.072235556,0.018518138
13/8/2022,Malaysia,12.84146421,0,4.580302014,10.63504948,0.703641874,0,0.057795609,0.037034415
14/8/2022,Malaysia,17.59216093,1.788205,5.678586786,12.06039877,0.351843219,0,0.057797321,0.024688636
15/8/2022,Malaysia,24.98376935,4.654393389,7.153123372,16.8675081,0.175942038,0,0.014450754,0.012343584
16/8/2022,Malaysia,20.06226341,2.14826617,5.62214611,14.58903269,0.351969534,0,0.028905636,0.012342667
17/8/2022,Malaysia,19.36439029,2.505996492,6.519144168,13.90934477,0.352079824,0,0.014454865,0.012341921
18/8/2022,Malaysia,21.65580649,2.863575675,5.753823112,11.8102358,0.704253869,0,0.043370526,0.018511341
19/8/2022,Malaysia,23.42002853,1.789927007,5.971656465,12.14256182,0.35218088,0.357985401,0.072296083,0.018510003
20/8/2022,Malaysia,18.49125452,1.074136931,4.280357641,8.526521461,0.704428744,0,0.086764006,0.012339394
21/8/2022,Malaysia,14.97100908,2.148527721,4.700100336,9.223338736,0.528388556,0,0.043385542,0.006169457
22/8/2022,Malaysia,21.31880601,0.358731525,6.436324358,12.89352551,0.352376959,0,0,0.012338302
23/8/2022,Malaysia,21.50204093,1.434401245,6.148004604,12.34372176,0.352492474,0,0.014465893,0.012337553
24/8/2022,Malaysia,21.50844735,1.792230323,5.540877134,11.47931552,0.176298749,0,0.014467042,0.012336717
25/8/2022,Malaysia,18.34270163,0.716745688,5.483822146,10.75680076,0,0,0.014469188,0
26/8/2022,Malaysia,19.58590803,1.43283411,4.225626456,8.375391718,0,0,0,0.012334892
27/8/2022,Malaysia,14.29365521,0,3.313891355,7.086075153,0.352929758,0,0.028942283,0.018501502
28/8/2022,Malaysia,10.58890177,1.434910659,4.167863601,8.528940861,0.176481696,0,0.028943497,0.012333971
29/8/2022,Malaysia,18.35808144,2.15260537,5.745889554,11.38973515,0.353040028,0,0.028946547,0.030833068
30/8/2022,Malaysia,13.77135664,1.076136669,4.501762056,10.35940092,0.176555854,0,0.043425357,0.02466524
31/8/2022,Malaysia,9.004777829,1.434704792,3.778531715,7.497798447,0.176564271,0,0.028954266,0.012331905
1/9/2022,Malaysia,18.54402882,1.793477481,5.212616849,10.43210622,0.529829395,0,0.043438474,0.006165547
2/9/2022,Malaysia,18.02429038,1.434637897,4.098309614,9.383428015,0.353417458,0,0.014481659,0.006165196
3/9/2022,Malaysia,10.60357305,1.791941282,3.055916022,6.867738938,0,0,0.014483014,0.018494809
4/9/2022,Malaysia,13.96287642,1.433727728,3.95380851,7.379184805,0.530235814,0,0.014482815,0.006164733
5/9/2022,Malaysia,19.80394098,1.791915594,5.243454915,10.12811105,0.176820902,0,0,0.012328802
6/9/2022,Malaysia,14.68839369,1.432510833,4.736993296,9.172202555,0.176968599,0.358127708,0.014486218,0.024656458
7/9/2022,Malaysia,14.52455979,0.357609026,3.839308287,8.685111155,0.354257556,0,0.028975912,0.018492075
8/9/2022,Malaysia,15.0608814,2.14259697,4.549849616,8.91884877,0.17718684,0,0,0
9/9/2022,Malaysia,14.00279701,1.4278575,3.593935176,7.49461725,0.531751785,0,0,0.006163337
10/9/2022,Malaysia,14.18122902,0.356868833,3.289654356,6.884239025,0,0,0,0.00616315
11/9/2022,Malaysia,14.1817318,0.713783517,4.246395274,7.771560256,0.886358238,0,0.04347845,0.006163014
12/9/2022,Malaysia,17.90589654,0.713831921,4.913628841,10.57537692,0.177286104,0,0.01449448,0.006162807
13/9/2022,Malaysia,18.44040292,0.713903266,4.783640992,10.3346211,0.5319347,0,0.028991764,0.018487694
14/9/2022,Malaysia,19.15725803,1.427842209,4.522842311,9.274245033,0,0,0.043488868,0.012324578
15/9/2022,Malaysia,15.43398777,0.713750401,3.117056038,7.819483194,0.177402158,0,0,0
16/9/2022,Malaysia,7.983408703,0.356946537,2.000948566,4.910850503,0,0,0,0.030808347
17/9/2022,Malaysia,13.4843103,1.070881657,2.566582888,5.859620138,0.354850271,0,0.029000937,0.006161535
18/9/2022,Malaysia,13.13013561,0.71394659,3.10325186,7.252003805,0.35486853,0,0.043503531,0.006161431
19/9/2022,Malaysia,15.97061407,2.49892903,4.930758375,10.991661,0.177451267,0,0.029004461,0.018483735
20/9/2022,Malaysia,17.7483392,0.714012859,4.249505433,9.919172911,0.354966784,0,0,0.012321954
21/9/2022,Malaysia,18.4608612,0.713895621,3.843751641,8.618837193,0.710033123,0,0.014504723,0.006160713
22/9/2022,Malaysia,15.97980153,0.713895621,3.945787777,7.885198896,0,0,0.014506573,0
23/9/2022,Malaysia,14.56128793,1.427587413,3.104652467,6.726938475,0.355153364,0,0.029015444,0.0123204
24/9/2022,Malaysia,10.83298555,1.070831965,2.727565664,5.64879385,0.177589927,0,0.043524984,0.012320161
25/9/2022,Malaysia,9.590281848,1.784898332,3.003327164,6.486485288,0,0,0,0.006160005
26/9/2022,Malaysia,14.74158708,1.070938999,4.323890759,9.763305445,0.532828449,0,0.014509701,0
27/9/2022,Malaysia,16.87592818,0.714023056,3.51166242,7.810287861,0.177641349,0,0,0.012319066
28/9/2022,Malaysia,13.33101078,1.071466838,3.758643429,7.951693125,0.17774681,0,0,0.012318657
29/9/2022,Malaysia,11.37787891,0,2.133574229,5.586154516,0.177779358,0,0.01451411,0
30/9/2022,Malaysia,13.51310504,0.714061295,2.452977581,6.3619163,0.355608027,0,0,0
1/10/2022,Malaysia,9.069875387,0,2.380492042,5.573433653,0.355681388,0,0.014515195,0.00615849
2/10/2022,Malaysia,9.4259088,1.427842209,2.72891892,5.400897473,0.355694672,0,0,0.012316756
3/10/2022,Malaysia,14.584986,0.71392875,4.050088122,9.945492543,0.177865683,0,0,0.0061582
4/10/2022,Malaysia,16.01038896,2.141686864,3.571400573,8.344085195,0.177893211,0,0.014517889,0
5/10/2022,Malaysia,19.39222283,1.427597603,3.121554493,7.106118738,0.355820602,0,0.014518858,0.006157815
6/10/2022,Malaysia,12.98879227,1.427638365,2.657310996,6.711659415,0.177928661,0,0,0.012314971
7/10/2022,Malaysia,14.05786502,0.713814087,3.020578563,6.452718414,0.355895317,0,0.029044025,0
8/10/2022,Malaysia,8.186262384,1.427556844,1.713704466,5.024156898,0.177962226,0,0,0.018471165
9/10/2022,Malaysia,6.050877199,0.356898127,1.946147768,4.80243343,0,0,0,0.006156966
10/10/2022,Malaysia,10.6785127,0.713793706,3.500368701,7.757599877,0,0,0.029048703,0.012313651
11/10/2022,Malaysia,19.22269132,0.713824278,4.502759538,11.21126825,0,0,0.014525031,0.006156655
12/10/2022,Malaysia,18.86802528,0.356909591,4.517422362,10.37980354,0.178000239,0,0,0
13/10/2022,Malaysia,16.20122275,1.427704608,3.428409222,8.760321003,0,0,0.029054315,0.012312468
14/10/2022,Malaysia,14.60043766,1.070717309,2.891215615,7.233353652,0,0,0,0.012312091
15/10/2022,Malaysia,12.8210379,0,3.036615775,6.223624621,0.712279883,0,0.014529262,0.012311819
16/10/2022,Malaysia,10.86253902,2.855103498,3.472600096,8.291945935,0.35614882,0,0,0.012311724
17/10/2022,Malaysia,22.08315376,2.141404047,5.216412082,11.65901721,0.17808995,0,0.014530396,0
18/10/2022,Malaysia,17.9907054,2.141297055,5.158591074,12.29885781,0.178125796,0,0.014531242,0.006155584
19/10/2022,Malaysia,17.81413445,0.713589964,4.21432548,9.620855799,0.178141344,0,0.014532157,0.018466134
20/10/2022,Malaysia,17.99445557,0.713554321,4.171067846,10.06974468,0.178162926,0,0,0.006155101
21/10/2022,Malaysia,14.61050531,2.854044181,3.749846845,9.330870131,0.356353788,0,0.02906858,0.018464783
22/10/2022,Malaysia,14.43299704,1.427027181,3.575594388,9.650707773,0,0,0,0.006154788
23/10/2022,Malaysia,11.76137245,1.78382216,3.125062229,6.770191928,0.178202613,0,0.043605519,0.01230944
24/10/2022,Malaysia,16.0391212,1.070125312,3.604838216,9.588811691,0,0,0.029071276,0
25/10/2022,Malaysia,18.71297504,1.427220666,6.076281757,15.12749531,0,0,0.014536559,0
26/10/2022,Malaysia,24.24095509,2.854767283,6.832672502,16.73340334,0,0,0.029075202,0.006154249
27/10/2022,Malaysia,23.71129977,1.427317428,6.149974768,15.08352989,0,0,0.014538947,0.006154031
28/10/2022,Malaysia,24.42690383,1.783624897,5.59782845,15.11389452,0.178298568,0,0.014539814,0.024615463
29/10/2022,Malaysia,20.86223436,1.427052637,4.303985243,10.0182772,0,0,0.043621472,0.012307466
30/10/2022,Malaysia,20.50638283,0.356763159,5.554593438,11.95040888,0.534949117,0,0.029081641,0.012307321
31/10/2022,Malaysia,31.92130596,2.854033999,9.757422621,22.33763539,0,0,0.04362484,0
1/11/2022,Malaysia,34.24211673,2.497155027,10.32516414,23.77101016,0.178344358,0,0.029084969,0.018460531
2/11/2022,Malaysia,28.18167549,0.713429599,8.72592481,20.49688738,0.178365035,0,0.014543208,0
3/11/2022,Malaysia,26.76201079,1.78338951,8.188451317,18.50872815,0.535240216,0,0.043632956,0.02461267
4/11/2022,Malaysia,21.41178612,1.06956066,6.356228653,13.10595103,0,0,0.014545146,0.006153029
5/11/2022,Malaysia,18.55790781,2.85193807,5.425591073,11.69052282,0.178441421,0,0.014545821,0.030764534
6/11/2022,Malaysia,19.62950207,1.782499421,5.949396384,11.22894496,0.356900038,0,0.058184806,0
7/11/2022,Malaysia,24.27093502,2.138907802,8.524078996,15.80023483,0.356925515,0,0.072731049,0.024610958
8/11/2022,Malaysia,25.8783006,6.059806728,8.204341639,14.0033144,0,0,0.072733525,0
9/11/2022,Malaysia,24.98826444,2.851612765,6.924533783,13.45529685,0.178487603,0,0.01454734,0.006152399
10/11/2022,Malaysia,22.31389763,2.138648588,6.474042798,11.59076479,0.357022362,0,0.014548411,0.030761053
11/11/2022,Malaysia,22.67423903,3.207469841,5.805052374,10.51376959,0.535611946,0,0,0.024608004
12/11/2022,Malaysia,16.42692874,1.781521348,4.48128018,7.769821827,0.53566072,0.35630427,0.029099222,0.012303756
13/11/2022,Malaysia,16.24953573,1.781330939,4.626873902,9.559887156,0.178566327,0,0.043649754,0.030758968
14/11/2022,Malaysia,28.57209185,3.562293832,7.653535228,15.61913283,0.178575574,0,0.014550447,0.01845506
15/11/2022,Malaysia,30.36278166,4.630685056,8.090458308,14.62838819,0.178604598,0,0.058204736,0.018454653
16/11/2022,Malaysia,29.47523366,2.136668435,7.203350737,12.57961528,0.17863778,0,0.029104447,0.012302802
17/11/2022,Malaysia,,,,,0,0,0.043659657,0.01845364
18/11/2022,Malaysia,,,,,0.357317049,0,0.029108637,0.061509819
19/11/2022,Malaysia,,,,,0.357320241,0,0.029109857,0.018452479
20/11/2022,Malaysia,,,,,0.357323433,0,0.014555369,0.006150754
21/11/2022,Malaysia,,,,,0.178667782,0,0.014555924,0.018451846
22/11/2022,Malaysia,,,,,0,0,0.014556643,0
23/11/2022,Malaysia,,,,,0,0,0,0
24/5/2021,Klang Valley,,33.65928931,25.37975128,,,0,0,
25/5/2021,Klang Valley,,25.74541008,27.48617762,,,0.402272032,0,
26/5/2021,Klang Valley,,20.49325399,19.49718345,,,1.490418472,0,
27/5/2021,Klang Valley,,21.19235239,23.18559542,,,1.059617619,0,
28/5/2021,Klang Valley,,20.04764657,29.50893963,,,0.334127443,0,
29/5/2021,Klang Valley,,19.83983272,24.76617047,,,0,0,
30/5/2021,Klang Valley,,11.35450251,18.96973274,,,0,0,
31/5/2021,Klang Valley,,22.93551679,21.61283185,,,0.57338792,0,
1/6/2021,Klang Valley,,22.88187836,22.52071906,,,1.615191414,0,
2/6/2021,Klang Valley,,18.68800129,18.89589814,,,0.252540558,0,
3/6/2021,Klang Valley,,16.20007325,16.17260931,,,0.469567341,0,
4/6/2021,Klang Valley,,14.71609833,14.82394252,,,0.649239632,0,
5/6/2021,Klang Valley,,13.93353904,11.11759638,,,0.403870697,0,
6/6/2021,Klang Valley,,8.738797347,14.8233245,,,0.194195497,0,
7/6/2021,Klang Valley,,12.27851449,13.56416528,,,0.188900223,0,
8/6/2021,Klang Valley,,11.50228878,16.27010127,,,0.179723262,0,
9/6/2021,Klang Valley,,13.70022537,16.69529764,,,0.171252817,0,
10/6/2021,Klang Valley,,12.27658659,21.08636977,,,0.491063463,0,
11/6/2021,Klang Valley,,14.58194504,15.95183364,,,0.313590216,0,
12/6/2021,Klang Valley,,13.5845226,11.8008985,,,0.447841404,0,
13/6/2021,Klang Valley,,7.681343723,9.354955483,,,0.426741318,0,
14/6/2021,Klang Valley,,13.28496522,11.54844773,,,0.406682609,0,
15/6/2021,Klang Valley,,14.24237677,15.96896568,,,0.258952305,0,
16/6/2021,Klang Valley,,12.91493852,15.35714971,,,0.122999415,0,
17/6/2021,Klang Valley,,13.12033515,13.43069951,,,0.342269613,0,
18/6/2021,Klang Valley,,12.07331439,11.85835766,,,0.326305794,0,
19/6/2021,Klang Valley,,14.29213755,12.23611106,,,0.208644344,0,
20/6/2021,Klang Valley,,11.72598478,12.23597069,,,0.400888369,0,
21/6/2021,Klang Valley,,16.82585528,18.90595046,,,0.288443233,0,
22/6/2021,Klang Valley,,18.68255758,22.45262315,,,0.460161517,0,
23/6/2021,Klang Valley,,17.66801535,22.62034021,,,0.263701722,0,
24/6/2021,Klang Valley,,19.09093366,21.23903203,,,0.506838947,0,
25/6/2021,Klang Valley,,22.31212216,25.30413002,,,0.570017719,0,
26/6/2021,Klang Valley,,18.67200303,17.41013206,,,0.393924114,0,
27/6/2021,Klang Valley,,16.37719718,18.04237108,,,0.530742501,0,
28/6/2021,Klang Valley,,28.70326954,29.29821617,,,0.511254165,0.305189752,
29/6/2021,Klang Valley,,32.76357199,41.16339516,,,0.776722612,0,
30/6/2021,Klang Valley,,31.43667662,30.72232577,,,0.751746615,0,
1/7/2021,Klang Valley,,37.95860598,48.02639757,,,0.528119735,0,
2/7/2021,Klang Valley,,43.47965293,44.018537,,,0.51227868,0,
3/7/2021,Klang Valley,,33.91694874,37.76414672,,,1.240107815,0,
4/7/2021,Klang Valley,,30.62171134,34.16715541,,,0.845569938,0.26903272,
5/7/2021,Klang Valley,,53.98169194,63.45604956,,,0.996404737,0,
6/7/2021,Klang Valley,,57.18082179,56.15367223,,,1.241834234,0,
7/7/2021,Klang Valley,,58.5233213,62.84922826,,,1.358480067,0,
8/7/2021,Klang Valley,,65.58607322,55.91580163,,,1.27558003,0,
9/7/2021,Klang Valley,,68.03893082,58.53093824,,,2.057110531,0.215981322,
10/7/2021,Klang Valley,,62.7279582,57.33712739,,,1.485271307,0.213149172,
11/7/2021,Klang Valley,,48.41205575,39.30233052,,,1.729001991,0.21244503,
12/7/2021,Klang Valley,,72.49538293,58.12036274,,,1.827614696,0.618301731,
13/7/2021,Klang Valley,,81.60926604,62.40010079,,,1.988265618,0,
14/7/2021,Klang Valley,,74.82960212,63.95822892,,,1.616284459,0.187012365,
15/7/2021,Klang Valley,,84.71932839,69.14596731,,,1.595309454,0.355506259,
16/7/2021,Klang Valley,,67.75883025,58.30073689,,,1.978654757,0.169478886,
17/7/2021,Klang Valley,,71.24985051,54.98263792,,,2.329695385,0.49091641,
18/7/2021,Klang Valley,,66.30065383,51.74085766,,,2.001101739,0.476142862,
19/7/2021,Klang Valley,,106.4914575,87.00665336,,,1.727683294,0.151315919,
20/7/2021,Klang Valley,,71.31956506,49.66465623,,,2.100776005,0.286251621,
21/7/2021,Klang Valley,,102.8996149,80.58757116,,,2.355157796,0.664913953,
22/7/2021,Klang Valley,,97.857629,67.20007249,,,2.573418617,0.503371329,
23/7/2021,Klang Valley,,99.66795993,71.72861156,,,2.270415726,1.319422621,
24/7/2021,Klang Valley,,91.71859031,58.58041661,,,2.147901276,0.922526246,
25/7/2021,Klang Valley,,79.50833024,56.25653871,,,1.969730556,0.444715721,
26/7/2021,Klang Valley,,103.421973,71.07508469,,,1.87091944,0.63459897,
27/7/2021,Klang Valley,,115.7154848,72.47693437,,,1.327981568,1.104219222,
28/7/2021,Klang Valley,,107.1956611,64.9850821,,,2.169471377,1.242361864,
29/7/2021,Klang Valley,,107.4073376,64.90767773,,,1.710400248,1.186778918,
30/7/2021,Klang Valley,,108.47221,67.1000835,,,1.882009952,0.526275165,
31/7/2021,Klang Valley,,89.3094162,51.1158042,,,1.709941741,0.92479251,
1/8/2021,Klang Valley,,75.56865412,44.44426454,,,1.951045252,0.971459334,
2/8/2021,Klang Valley,,117.5434549,74.80909784,,,2.261486534,0.926428456,
3/8/2021,Klang Valley,,124.4922424,66.20523177,,,2.306428841,1.408621953,
4/8/2021,Klang Valley,,131.8310606,71.303627,,,1.573766659,1.053748182,
5/8/2021,Klang Valley,,122.8903369,60.40061056,,,1.557399247,0.936443575,
6/8/2021,Klang Valley,,114.1217613,58.32606117,,,2.07224988,1.019909266,
7/8/2021,Klang Valley,,108.9393937,54.3328947,,,2.039949519,0.614625506,
8/8/2021,Klang Valley,,97.62706958,45.10971072,,,1.528347096,0.769588241,
9/8/2021,Klang Valley,,132.8353685,65.6495764,,,1.822290254,0.506294934,
10/8/2021,Klang Valley,,124.1366118,59.86046759,,,2.250410452,0.958619588,
11/8/2021,Klang Valley,,152.4967376,69.29594708,,,1.603074629,0.457566782,
12/8/2021,Klang Valley,,139.5020649,61.79129928,,,2.005958047,0.725817924,
13/8/2021,Klang Valley,,117.5596966,54.36439877,,,1.648546696,0.367948553,
14/8/2021,Klang Valley,,106.6260065,47.42176182,,,1.794279379,0.485697747,
15/8/2021,Klang Valley,,98.29085764,42.31181161,,,2.022935327,0.426530359,
16/8/2021,Klang Valley,,130.264158,57.56491084,,,1.849759264,0.446869456,
17/8/2021,Klang Valley,,120.3078119,51.49466057,,,1.467168438,0.425575707,
18/8/2021,Klang Valley,,117.759801,47.42734241,,,1.59566126,0.698542253,
19/8/2021,Klang Valley,,101.29934,44.4916375,,,1.564468572,0.455426211,
20/8/2021,Klang Valley,,120.2094422,39.62607697,,,1.879904396,0.367837001,
21/8/2021,Klang Valley,,122.6984871,43.94925566,,,1.353292137,0.45043161,
22/8/2021,Klang Valley,,86.86557218,29.75573893,,,2.253875295,0.621205406,
23/8/2021,Klang Valley,,158.8821876,47.94491213,,,2.046259998,0.297425013,
24/8/2021,Klang Valley,,123.8643228,45.59018093,,,1.355931284,0.143185242,
25/8/2021,Klang Valley,,116.9112628,45.79593332,,,1.529160394,0.027587912,
26/8/2021,Klang Valley,,114.1301742,43.83453021,,,1.931984141,0.132510672,
27/8/2021,Klang Valley,,85.53515384,36.97480362,,,2.147635897,0.254822906,
28/8/2021,Klang Valley,,63.22086273,29.97492558,,,1.143923934,0.369756483,
29/8/2021,Klang Valley,,67.83140712,27.64695674,,,1.100393627,0.239367591,
30/8/2021,Klang Valley,,81.82861847,38.74050968,,,1.053239644,0.25471943,
31/8/2021,Klang Valley,,90.65706336,32.28177286,,,1.669559178,0.201481245,
1/9/2021,Klang Valley,,70.68786606,35.73603414,,,1.218756311,0.172325662,
2/9/2021,Klang Valley,,93.61290702,35.46320822,,,1.355399233,0.187415663,
3/9/2021,Klang Valley,,66.31480114,28.14185182,,,1.031772012,0.120607936,
4/9/2021,Klang Valley,,56.14679585,24.54912383,,,0.393322563,0.136167882,
5/9/2021,Klang Valley,,42.49658747,19.92920602,,,1.331218403,0.301957667,
6/9/2021,Klang Valley,,56.86761666,29.57324593,,,1.064936642,0.149265595,
7/9/2021,Klang Valley,,68.39847026,32.81834859,,,1.767973383,0.018458014,
8/9/2021,Klang Valley,,54.83468653,24.61811357,0,,1.596019982,0.273737364,0
9/9/2021,Klang Valley,,54.25935974,27.30416297,0,,1.303172395,0.162310084,0
10/9/2021,Klang Valley,,50.96165383,26.21185675,0,,0.618466673,0.10706,0
11/9/2021,Klang Valley,,41.43036377,19.81691082,0,,1.172557465,0.105972785,0
12/9/2021,Klang Valley,,46.06216738,20.89654216,0,,0.689553404,0.227516791,0
13/9/2021,Klang Valley,,37.30473304,21.92184766,0,,0.43716484,0.069318095,0
14/9/2021,Klang Valley,,49.63286948,25.33381941,0,,0.916299129,0.188802177,0
15/9/2021,Klang Valley,,53.65406541,26.52074199,0,,0.638738874,0.101937509,0
16/9/2021,Klang Valley,,34.81320278,17.24155349,0,,0.336359447,0.134699637,0
17/9/2021,Klang Valley,,30.71849501,18.56065302,0,,0.882715374,0.183273953,0
18/9/2021,Klang Valley,,25.47598888,14.56881992,0,,0.936617238,0.115625555,0
19/9/2021,Klang Valley,,28.03166394,12.71705231,0,,0.789624336,0.114715678,0
20/9/2021,Klang Valley,,47.94103669,23.34785076,0,,0.62531787,0.081351396,0
21/9/2021,Klang Valley,,26.52655888,18.6003458,0,,0.891649038,0.080800807,0
22/9/2021,Klang Valley,,30.68864866,19.30181655,0,,1.153708596,0.016044735,0
23/9/2021,Klang Valley,,38.82426369,19.55486565,0,,0.737169564,0.095544946,0
24/9/2021,Klang Valley,,23.53330609,14.38732576,0,,1.293038796,0.063171573,0
25/9/2021,Klang Valley,,38.44717059,16.73533429,0,,0.272674969,0.156697887,0
26/9/2021,Klang Valley,,22.77543136,10.06783731,0,,0.2882966,0.077803998,0
27/9/2021,Klang Valley,,18.62117808,15.30914262,1538.461538,,0.610530429,0.092782683,0
28/9/2021,Klang Valley,,32.95261861,15.97597361,0,,0.319928336,0.061505192,0
29/9/2021,Klang Valley,,30.06912482,14.2909088,0,,0.6833892,0.106990761,0
30/9/2021,Klang Valley,,32.43278306,13.15639578,0,,0.360364256,0.060838824,0
1/10/2021,Klang Valley,,32.82768519,14.39332295,0,,0.763434539,0.060476147,0
2/10/2021,Klang Valley,,16.21198795,10.27438165,0,,0.405299699,0.10530113,0
3/10/2021,Klang Valley,,23.33833235,9.31295264,0,,0.43219134,0.059890371,0
4/10/2021,Klang Valley,,29.57206941,15.79601023,0,,0.454954914,0.059551405,0
5/10/2021,Klang Valley,,26.0804769,15.25392518,0,,0,0.118707589,0
6/10/2021,Klang Valley,,33.34333633,17.1575214,0,,0,0.088593054,0
7/10/2021,Klang Valley,,35.83882216,16.55707286,0,,0.484308408,0.073521638,0
8/10/2021,Klang Valley,,30.2780206,14.08799284,0,,0,0.117155866,0
9/10/2021,Klang Valley,,18.42189118,11.81737861,0,,0,0.058357425,0
10/10/2021,Klang Valley,,20.95964502,10.14689447,0,,0.511210854,0.087222589,0
11/10/2021,Klang Valley,,21.24473416,15.24136262,0,,0,0.072439936,0
12/10/2021,Klang Valley,,13.34208574,17.02824755,0,,0,0.028861437,0
13/10/2021,Klang Valley,,18.16710433,14.48475066,0,,0,0.028768124,0
14/10/2021,Klang Valley,,11.3437204,13.49147077,0,,1.13437204,0.043012128,0
15/10/2021,Klang Valley,,11.79913158,11.7516625,108.6956522,,0,0.042889279,0
16/10/2021,Klang Valley,,7.327573047,9.384427213,0,,0,0.099834332,0
17/10/2021,Klang Valley,,11.24627467,9.579693441,0,,0,0.014234314,0
18/10/2021,Klang Valley,,16.00327747,13.73420726,0,,0.640131099,0.042652818,0
19/10/2021,Klang Valley,,11.35900468,9.841904643,0,,1.336353492,0.028403765,0
20/10/2021,Klang Valley,,16.96698225,16.05969895,0,,2.03603787,0.085122079,0
21/10/2021,Klang Valley,,19.03177602,16.9114887,0,,0,0.042526795,0
22/10/2021,Klang Valley,,10.10429071,11.27151305,74.07407407,,0,0.070800961,0
23/10/2021,Klang Valley,,11.73399044,10.62464419,0,,0,0.014147329,0
24/10/2021,Klang Valley,,8.768917112,10.26538422,0,,0.730743093,0.056558591,0
25/10/2021,Klang Valley,,16.05499566,18.24633513,0,,0,0.042367651,0
26/10/2021,Klang Valley,,6.634330449,16.84372326,0,,0,0.070534855,0
27/10/2021,Klang Valley,,12.05863511,16.4582588,26.62406816,,0.753664695,0.070454875,0
28/10/2021,Klang Valley,,9.272638761,15.10063171,29.76190476,,0,0.056293128,0
29/10/2021,Klang Valley,,14.21722338,15.43348701,9.918666931,,0.789845743,0.098391994,0
30/10/2021,Klang Valley,,9.553987994,10.5205288,18.55804027,,0,0.084276599,0
31/10/2021,Klang Valley,,4.008240943,11.34156701,0,,0,0.028073186,0
1/11/2021,Klang Valley,,8.85304746,16.94900047,6.502796202,,0,0.056076098,0
2/11/2021,Klang Valley,,7.280198669,15.73568312,10.03965664,,0,0.042036553,0
3/11/2021,Klang Valley,,13.75348894,20.12938238,19.93064137,,0.809028761,0.153979976,0
4/11/2021,Klang Valley,,5.674126792,10.96756287,19.96655602,,0.810589542,0.069946192,0
5/11/2021,Klang Valley,,8.917063206,15.57689681,14.7413809,,0.81064211,0.069914259,0
6/11/2021,Klang Valley,,9.007754858,13.33929174,1.75620379,,0,0.041947458,0
7/11/2021,Klang Valley,,8.160867011,12.89125194,13.61725306,,0,0.08389101,1.702156632
8/11/2021,Klang Valley,,13.03281827,23.47461491,17.98312353,,0,0.027962615,0
9/11/2021,Klang Valley,,6.593968168,19.31760761,16.50510008,,0.824246021,0.055912034,0
10/11/2021,Klang Valley,,14.77189729,19.46697657,17.31964777,,0,0.05589943,0
11/11/2021,Klang Valley,,8.295244336,20.53972751,13.53485224,,0,0.0699582,0
12/11/2021,Klang Valley,,9.310120101,17.66717866,8.013719488,,0,0.042031353,0
13/11/2021,Klang Valley,,5.118580447,14.50205208,5.48194092,,0.853096741,0.070058223,0
14/11/2021,Klang Valley,,5.996693252,14.44707634,8.455034589,,0,0.070063416,0
15/11/2021,Klang Valley,,15.47734718,22.91686986,11.49549647,,0,0.098235205,0
16/11/2021,Klang Valley,,12.13739531,20.16915082,12.11170452,,0.866956808,0.056259835,0
17/11/2021,Klang Valley,,11.41111618,20.08816519,17.01480288,,0,0.07048479,0
18/11/2021,Klang Valley,,7.998862384,18.96175843,10.94182886,,0,0.042293885,0
19/11/2021,Klang Valley,,9.921261263,19.49792766,11.13435186,,0,0.056474809,0
20/11/2021,Klang Valley,,9.142689962,15.2660458,6.207685891,,0,0.070610758,0
21/11/2021,Klang Valley,,10.10852884,13.78691142,5.33254107,,0,0,0
22/11/2021,Klang Valley,,8.275177227,22.22356853,13.91536674,,0,0.056620557,0
23/11/2021,Klang Valley,,12.1084545,20.73597073,7.25776423,,1.862839153,0.042608159,0
24/11/2021,Klang Valley,,3.786587906,20.12038603,9.15816436,,0,0.085497391,0
25/11/2021,Klang Valley,,8.607251131,18.91786657,7.812316899,,0,0.071496094,0
26/11/2021,Klang Valley,,3.815410443,14.78320169,7.747283609,,0,0.100370914,0
27/11/2021,Klang Valley,,5.76496248,13.3297902,7.579041109,,0,0.086091218,0
28/11/2021,Klang Valley,,9.6979101,15.8925383,4.648708705,,1.93958202,0.043069209,0
29/11/2021,Klang Valley,,9.694055605,19.6589199,7.960002065,,0,0.072010696,0
30/11/2021,Klang Valley,,10.74313172,18.38926784,10.01276136,,0,0.057827886,0.196328654
1/12/2021,Klang Valley,,11.87589688,18.32257547,9.540181263,,0,0.058074724,0
2/12/2021,Klang Valley,,3.994647173,17.16686367,9.953533587,,0,0.072926354,0
3/12/2021,Klang Valley,,6.046497566,17.81618122,8.413927855,,0,0.131754832,0
4/12/2021,Klang Valley,,5.104593113,13.39623604,6.103832291,,0,0.08794028,0
5/12/2021,Klang Valley,,2.050167601,12.91197831,3.75553566,,0,0.102708918,0.150221426
6/12/2021,Klang Valley,,3.075724333,20.84497632,8.128585669,,0,0.029483701,0
7/12/2021,Klang Valley,,11.35343235,19.35653824,5.338351384,,0,0.133493367,0
8/12/2021,Klang Valley,,8.308666978,18.45276547,4.381956356,,2.077166745,0.044788266,0
9/12/2021,Klang Valley,,9.403013143,16.08546765,5.644661503,,0,0.045099442,0
10/12/2021,Klang Valley,,7.36276335,14.69267149,4.924933933,,0,0.060463669,0
11/12/2021,Klang Valley,,0,11.94777686,3.831585401,,0,0.030285873,0
12/12/2021,Klang Valley,,5.345363966,10.37295945,2.686147323,,0,0.060660582,0
13/12/2021,Klang Valley,,6.422607579,16.18807926,4.890311357,,0,0.091458075,0
14/12/2021,Klang Valley,,4.303018568,15.24207032,5.502118316,,0,0.030699034,0
15/12/2021,Klang Valley,,7.562988893,15.39914872,5.291366702,,0,0.030921985,0
16/12/2021,Klang Valley,,4.352557127,13.46159239,4.247084284,,0,0.062322187,0
17/12/2021,Klang Valley,,4.380249455,11.55596253,4.271047813,,1.095062364,0.094078392,0
18/12/2021,Klang Valley,,4.420426792,7.926327927,2.704669306,,0,0.047180523,0
19/12/2021,Klang Valley,,2.222246914,7.474341249,2.826012676,,0,0.031537305,0
20/12/2021,Klang Valley,,5.574633189,13.13159778,5.527186332,,0,0.063361147,0
21/12/2021,Klang Valley,,4.481089801,12.93758967,5.024995426,,0,0.095597953,0
22/12/2021,Klang Valley,,4.494836557,11.12502006,3.664017109,,0,0.032060577,0
23/12/2021,Klang Valley,,2.257514702,11.91063345,4.7039337,,0,0.01613907,0
24/12/2021,Klang Valley,,5.681043494,10.86393803,6.401651899,,0,0.064956281,0
25/12/2021,Klang Valley,,2.291659505,11.35886585,2.875340611,,0,0.032593589,0
26/12/2021,Klang Valley,,2.295209897,8.307387737,2.962061911,,1.147604948,0.065412502,0
27/12/2021,Klang Valley,,2.299326297,13.55413229,5.226875062,,0,0.098815059,0
28/12/2021,Klang Valley,,6.941712752,14.97028399,7.914319212,,0,0.049900947,0.061351312
29/12/2021,Klang Valley,,5.816455917,10.89114619,5.00674143,,0,0.050421973,0
30/12/2021,Klang Valley,,9.360447429,13.37205055,5.723011891,,1.170055929,0.067964679,0
31/12/2021,Klang Valley,,5.880554183,12.24675371,6.572299401,,0,0.034352745,0
1/1/2022,Klang Valley,,4.738943453,9.006534396,3.651574401,,0,0.069015589,0
2/1/2022,Klang Valley,,0,10.60155694,6.284274811,,0,0.069291222,0.053711751
3/1/2022,Klang Valley,,11.87888291,20.17770355,14.09068218,,0,0.05240962,0.052381718
4/1/2022,Klang Valley,,4.779600664,13.40051837,6.559791226,,0,0.035310984,0
5/1/2022,Klang Valley,,7.212752146,12.73830956,7.070194759,,0,0.035731584,0
6/1/2022,Klang Valley,,4.830334501,16.19846592,8.835412333,,0,0.03615729,0
7/1/2022,Klang Valley,,3.639319205,14.62062048,7.480673407,,0,0.018275776,0
8/1/2022,Klang Valley,,1.221463558,9.134187066,5.164262038,,0,0.036609968,0
9/1/2022,Klang Valley,,2.443643472,11.44144134,6.200059414,,0,0.055183801,0
10/1/2022,Klang Valley,,8.567407135,18.94151617,9.130685521,,0,0.037103851,0
11/1/2022,Klang Valley,,6.130531272,13.79820796,6.999900593,,0,0,0
12/1/2022,Klang Valley,,4.921623151,15.63155865,7.613775113,,0,0.11396033,0
13/1/2022,Klang Valley,,0,13.67077722,6.68543712,,1.234674602,0.038563546,0
14/1/2022,Klang Valley,,7.435681356,12.63786967,8.113961709,,0,0.039126531,0
15/1/2022,Klang Valley,,6.221381644,10.85038787,6.337711361,,0,0,0.03663417
16/1/2022,Klang Valley,,4.97462939,9.955596853,6.897797039,,0,0.019753168,0.072228241
17/1/2022,Klang Valley,,3.733014783,16.45429919,9.543082122,,0,0.060198656,0
18/1/2022,Klang Valley,,2.495539224,13.00055723,10.22640173,,0,0.040882255,0.033750501
19/1/2022,Klang Valley,,8.749562522,17.60906052,9.759610033,,0,0.062517375,0
20/1/2022,Klang Valley,,16.33186347,17.40524185,10.51481547,,0,0.042503643,0
21/1/2022,Klang Valley,,3.783865597,15.38121065,10.22606336,,0,0.064899623,0
22/1/2022,Klang Valley,,3.793003173,10.91737859,7.12944984,,0,0.021834757,0
23/1/2022,Klang Valley,,2.526241332,14.40256762,8.828059032,,0,0.022022275,0.0586582
24/1/2022,Klang Valley,,5.048465267,20.69769898,13.31409049,,0,0.022473072,0
25/1/2022,Klang Valley,,6.312812484,22.00861625,16.29588838,,0,0,0
26/1/2022,Klang Valley,,7.589844788,24.83363816,17.23889464,,0,0,0
27/1/2022,Klang Valley,,16.47008146,22.84298427,19.72814771,,0,0,0
28/1/2022,Klang Valley,,12.67571713,21.1254399,17.20645479,,0,0,0.025758166
29/1/2022,Klang Valley,,6.345902451,16.67735309,14.76808428,,0,0,0.025244589
30/1/2022,Klang Valley,,8.891259892,20.82313627,20.78808679,,0,0.025612714,0
31/1/2022,Klang Valley,,12.7006706,26.24062628,23.1393817,,0,0.026319585,0
1/2/2022,Klang Valley,,2.542717657,21.78049996,19.99603392,,0,0.053253056,0
2/2/2022,Klang Valley,,1.271617497,25.45351092,26.87658204,,0,0.027487593,0
3/2/2022,Klang Valley,,10.17539843,42.77678563,39.90110162,,0,0,0
4/2/2022,Klang Valley,,12.73317629,52.14420099,44.76612714,,0,0.029114573,0
5/2/2022,Klang Valley,,7.645844484,41.36005447,38.69152226,,0,0.02979831,0
6/2/2022,Klang Valley,,12.68423857,45.79880418,52.45310602,,0,0,0
7/2/2022,Klang Valley,,15.16108654,79.54459622,80.46197202,,0,0.094024345,0
8/2/2022,Klang Valley,,17.69195774,73.65920363,72.62697551,,0,0,0
9/2/2022,Klang Valley,,22.66374556,77.09062961,78.29798297,,0,0,0.021665186
10/2/2022,Klang Valley,,8.813345924,82.05977926,79.78742259,,0,0,0.021482882
11/2/2022,Klang Valley,,22.64692191,76.94571916,73.79532021,,0,0.105501443,0
12/2/2022,Klang Valley,,7.529270037,67.94502656,57.35951758,,0,0.035647968,0.021275785
13/2/2022,Klang Valley,,22.50112506,78.76010027,67.29040979,,0,0.21647302,0.063661693
14/2/2022,Klang Valley,,28.69154099,100.3137137,79.69412615,,1.247458304,0.182987438,0.021055251
15/2/2022,Klang Valley,,32.37737071,120.2826034,106.5960111,,0,0.073544851,0.020839885
16/2/2022,Klang Valley,,19.88887093,121.9389137,103.8275258,,0,0.22177432,0
17/2/2022,Klang Valley,,19.85752228,96.2559546,82.29079266,,0,0.112492351,0.040849239
18/2/2022,Klang Valley,,23.5384482,92.93412374,79.43475475,,0,0.227593772,0.040465998
19/2/2022,Klang Valley,,22.26620485,65.47747072,62.76220066,,0,0.038134811,0
20/2/2022,Klang Valley,,22.1680337,92.33118622,85.510744,,0,0.268181869,0.040042493
21/2/2022,Klang Valley,,31.90536378,109.5701354,95.59364948,,1.227129376,0.077709316,0
22/2/2022,Klang Valley,,26.91263181,111.8051683,100.5085583,,0,0.237630538,0.039446059
23/2/2022,Klang Valley,,35.33138402,115.2001188,103.7621203,,1.218323587,0.080728885,0.039125988
24/2/2022,Klang Valley,,34.02393827,122.473016,108.7740591,,1.215140653,0.370631185,0
25/2/2022,Klang Valley,,21.83644503,113.3341868,107.7738094,,0,0.335804998,0
26/2/2022,Klang Valley,,30.25718608,88.45309055,98.39092871,,0,0.297392716,0.038344088
27/2/2022,Klang Valley,,22.9496316,85.47749393,82.87417892,,0,0.171641554,0.076416947
28/2/2022,Klang Valley,,26.51337118,134.7513835,137.0220354,,0,0.217973768,0.056997519
1/3/2022,Klang Valley,,31.32416901,136.2253477,140.5338891,,0,0.354638067,0
2/3/2022,Klang Valley,,31.33436174,138.7951372,136.8618273,,0,0.40636182,0.018758474
3/3/2022,Klang Valley,,31.36687176,103.5877612,123.625623,,1.206418145,0.229990589,0.037298423
4/3/2022,Klang Valley,,22.92083866,94.84189425,104.9694632,,1.20635993,0.234293217,0.074170262
5/3/2022,Klang Valley,,25.35374511,69.662551,79.41769718,,0,0.189429099,0.055433479
6/3/2022,Klang Valley,,32.54855159,92.29874026,105.3199859,,1.205501911,0.429963076,0.092127349
7/3/2022,Klang Valley,,25.29206311,113.095215,138.8730703,,0,0.29060869,0.073361368
8/3/2022,Klang Valley,,37.36155135,94.61948886,119.2553152,,0,0.443067326,0.018257091
9/3/2022,Klang Valley,,34.97220313,112.0391526,133.8648171,,0,0.300373063,0.072722975
10/3/2022,Klang Valley,,31.40855279,92.90150153,115.748975,,0,0.559341279,0.054308246
11/3/2022,Klang Valley,,24.16013336,74.63388079,97.99151666,,0,0.4648477,0.108238052
12/3/2022,Klang Valley,,19.33301112,69.05169698,86.92918946,,0,0.417230797,0.072050716
13/3/2022,Klang Valley,,20.46491471,67.71313603,82.54139708,,1.203818512,0.420578485,0.089953571
14/3/2022,Klang Valley,,42.0784342,107.7045508,146.8249794,,1.202240977,0.585929801,0.107708751
15/3/2022,Klang Valley,,37.32601262,93.63760789,132.6905302,,0,0.431758423,0.035818742
16/3/2022,Klang Valley,,28.90695574,82.93826563,112.1413421,,0,0.437092309,0.03574226
17/3/2022,Klang Valley,,26.50666281,105.8133711,136.3712236,,0,0.276708606,0.035666594
18/3/2022,Klang Valley,,24.1021933,88.98060995,114.9450864,,1.205109665,0.447419786,0.017801624
19/3/2022,Klang Valley,,14.46131598,77.0245057,113.1656819,,0,0.393268811,0.035564325
20/3/2022,Klang Valley,,18.06597695,77.82052894,114.1539734,,0,0.056391688,0.071068622
21/3/2022,Klang Valley,,25.2768416,97.01716222,134.5014352,,1.203659124,0.227073522,0.106367288
22/3/2022,Klang Valley,,25.27288701,97.71638691,134.5567913,,0,0.343065138,0.053065647
23/3/2022,Klang Valley,,27.66983867,117.5875388,161.8158118,,0,0.057556309,0.052967532
24/3/2022,Klang Valley,,18.04381037,90.55908502,127.2224031,,0,0.173817822,0.052891797
25/3/2022,Klang Valley,,19.24626803,55.98944299,79.01260661,,0,0.233046589,0.035226307
26/3/2022,Klang Valley,,19.21368014,57.11810235,85.94605165,,0,0.175388236,0.035202151
27/3/2022,Klang Valley,,11.98552149,58.15037264,89.86143781,,0,0.468954618,0.052776882
28/3/2022,Klang Valley,,20.36025678,67.35899036,99.43227492,,0,0.41324534,0.035141288
29/3/2022,Klang Valley,,13.16561142,70.04616625,104.3697163,,0,0.059461941,0.052649933
30/3/2022,Klang Valley,,15.56308436,59.94264171,87.84009772,,0,0.059822996,0.035058909
31/3/2022,Klang Valley,,25.1358533,85.16310809,118.8664192,,0,0.300504969,0.052533774
1/4/2022,Klang Valley,,14.34668771,47.148112,76.04429707,,0,0.060291703,0.069974048
2/4/2022,Klang Valley,,15.53871531,46.7105613,70.67665204,,0,0.120855269,0.017476917
3/4/2022,Klang Valley,,19.13051796,39.22150161,65.15941353,,0,0.242108035,0.034928659
4/4/2022,Klang Valley,,14.37108538,58.09643035,91.58195409,,0,0.060770325,0.017427584
5/4/2022,Klang Valley,,10.78025058,57.40780282,87.78991751,,0,0.122014459,0.034768284
6/4/2022,Klang Valley,,13.17381046,58.9788754,96.38580951,,1.197619133,0.183734814,0.017335577
7/4/2022,Klang Valley,,5.995707074,49.28793681,74.3746043,,0,0.245825121,0
8/4/2022,Klang Valley,,12.00264058,43.10488362,58.69298322,,0,0,0.017262642
9/4/2022,Klang Valley,,4.814694447,36.99714355,49.16643909,,0,0.123736266,0.017251382
10/4/2022,Klang Valley,,10.84337349,40.12893358,53.03497152,,0,0.186069244,0.017247145
11/4/2022,Klang Valley,,6.031363088,55.66961614,68.85157978,,0,0.062479928,0.017234438
12/4/2022,Klang Valley,,25.3929867,49.47889583,61.00048721,,0,0.063030441,0.017222046
13/4/2022,Klang Valley,,6.056274906,41.5733971,56.88104942,,0,0.063665233,0.017210605
14/4/2022,Klang Valley,,9.696969697,33.78450122,44.24082351,,1.212121212,0,0.017200942
15/4/2022,Klang Valley,,2.42671326,22.23707567,32.58244131,,0,0,0.0171939
16/4/2022,Klang Valley,,3.646175162,14.70779753,22.24230638,,0,0.129584119,0
17/4/2022,Klang Valley,,1.217374367,19.1281208,27.44551198,,0,0,0.017185668
18/4/2022,Klang Valley,,10.96330946,15.14708272,28.59802191,,0,0,0.017175989
19/4/2022,Klang Valley,,3.660009516,14.01220169,29.01364259,,0,0,0.017167836
20/4/2022,Klang Valley,,4.88591391,20.11937058,35.12983451,,0,0.065322632,0.017161619
21/4/2022,Klang Valley,,2.444121277,12.04287,19.50609269,,1.222060639,0.06545038,0
22/4/2022,Klang Valley,,1.223555898,10.2229521,22.313324,,0,0.065531744,0
23/4/2022,Klang Valley,,1.224679746,9.904516525,16.3927483,,0,0,0.017147226
24/4/2022,Klang Valley,,4.904725703,8.663060121,15.82488725,,0,0.065629243,0.034290113
25/4/2022,Klang Valley,,0,9.205299886,15.88798406,,0,0.131504284,0
26/4/2022,Klang Valley,,4.907072318,8.166286671,15.79838925,,0,0.065857151,0.017134912
27/4/2022,Klang Valley,,3.685503686,7.846343538,12.64192401,,0,0.06593566,0
28/4/2022,Klang Valley,,1.230193879,5.016812924,9.263809669,,0,0.066010696,0.017123493
29/4/2022,Klang Valley,,2.463114855,5.021085255,9.005202473,,0,0,0.034240314
30/4/2022,Klang Valley,,2.464025232,2.445973729,4.313596405,,0,0,0.034234892
1/5/2022,Klang Valley,,3.7000037,3.438784998,8.369628825,,0,0.198391442,0
2/5/2022,Klang Valley,,0,2.714386913,6.023225352,,0,0,0
3/5/2022,Klang Valley,,1.234126054,3.44536284,8.194458083,,0,0,0
4/5/2022,Klang Valley,,2.468709112,3.713690387,8.380883444,,0,0.0663159,0
5/5/2022,Klang Valley,,2.469227255,6.37433692,15.01402649,,0,0.066399343,0
6/5/2022,Klang Valley,,1.235498338,10.69594033,22.02192002,,0,0,0
7/5/2022,Klang Valley,,1.236506621,10.56771212,19.95100635,,0,0,0
8/5/2022,Klang Valley,,1.236996079,11.03545839,22.4804655,,0,0,0.017095411
9/5/2022,Klang Valley,,3.711814706,12.77449359,23.5740479,,0,0,0.017095031
10/5/2022,Klang Valley,,1.237914856,13.84905067,25.65936973,,0,0,0.01709485
11/5/2022,Klang Valley,,2.477117626,9.793784212,22.83822757,,0,0.066624382,0
12/5/2022,Klang Valley,,7.43817021,12.53365085,22.90451858,,0,0,0
13/5/2022,Klang Valley,,2.477485847,7.936746134,15.91234299,,0,0,0
14/5/2022,Klang Valley,,0,5.870646965,10.49354527,,0,0,0
15/5/2022,Klang Valley,,2.476289528,5.804295178,9.860711048,,0,0,0
16/5/2022,Klang Valley,,2.474298227,5.270971293,14.09726739,,0,0.066721156,0
17/5/2022,Klang Valley,,6.185822096,9.007602416,17.80269928,,0,0.066722981,0
18/5/2022,Klang Valley,,1.237868885,6.739439265,14.33201697,,0,0,0
19/5/2022,Klang Valley,,0,6.140525936,13.11688201,,0,0.066744847,0.017079273
20/5/2022,Klang Valley,,1.238497455,6.542077911,15.09627289,,0,0,0.017077232
21/5/2022,Klang Valley,,2.477700694,5.408245772,12.089365,,0,0,0
22/5/2022,Klang Valley,,0,5.809612973,11.96917315,,0,0,0
23/5/2022,Klang Valley,,2.476657503,7.281268036,17.75563635,,0,0.066800624,0.017072727
24/5/2022,Klang Valley,,0,5.88115784,10.4471678,,0,0,0.017070536
25/5/2022,Klang Valley,,2.476258868,5.951166997,13.51826502,,0,0,0.017068516
26/5/2022,Klang Valley,,0,5.218473396,9.215491993,,0,0,0
27/5/2022,Klang Valley,,0,4.751633458,12.20084676,,0,0,0.017064121
28/5/2022,Klang Valley,,3.710345681,4.418439621,10.05001975,,0,0,0
29/5/2022,Klang Valley,,0,3.481686663,9.742303282,,0,0,0.017061827
30/5/2022,Klang Valley,,1.239142018,7.09968969,16.58244366,,0,0.066978205,0
31/5/2022,Klang Valley,,0,7.236559097,17.84301795,,0,0,0.017058335
1/6/2022,Klang Valley,,1.23878896,5.630641954,14.10595775,,0,0,0
2/6/2022,Klang Valley,,4.957243772,6.908152425,14.22372729,,0,0.134138882,0.017054829
3/6/2022,Klang Valley,,1.239879484,6.104916,12.8752364,,0,0.067086989,0
4/6/2022,Klang Valley,,1.240417773,4.361526239,11.16927852,,0,0,0
5/6/2022,Klang Valley,,0,7.583709387,16.93235516,,0,0,0
6/6/2022,Klang Valley,,1.241912048,6.445081195,18.7718248,,0,0,0
7/6/2022,Klang Valley,,1.241973745,7.253380042,20.03117021,,0,0,0
8/6/2022,Klang Valley,,2.484718978,6.247988719,12.1025526,,0,0,0
9/6/2022,Klang Valley,,2.485645398,6.989768726,16.34567332,,0,0,0
10/6/2022,Klang Valley,,1.242915382,6.655556146,11.5723658,,0,0,0
11/6/2022,Klang Valley,,2.488243052,3.496289563,9.782371213,,0,0,0
12/6/2022,Klang Valley,,1.24750499,5.446220256,10.49790579,,0,0,0
13/6/2022,Klang Valley,,0,8.811639436,23.70466206,,0,0.067264423,0.017041454
14/6/2022,Klang Valley,,0,6.123488558,14.90996596,,0,0,0.017039961
15/6/2022,Klang Valley,,1.249375312,5.45261042,15.43706313,,0,0,0
16/6/2022,Klang Valley,,1.24984377,7.002621943,16.81594868,,0,0.067332903,0
17/6/2022,Klang Valley,,0,8.8893139,17.22359411,,0,0,0
18/6/2022,Klang Valley,,0,5.388076187,10.11895737,,0,0,0
19/6/2022,Klang Valley,,5.010898705,7.543631828,18.4657673,,0,0,0
20/6/2022,Klang Valley,,5.012594143,8.824413042,21.34320833,,0,0.067361932,0
21/6/2022,Klang Valley,,2.506454119,8.55747863,21.37538601,,0,0,0
22/6/2022,Klang Valley,,2.511143198,8.896401406,20.42022055,,0,0,0.017031043
23/6/2022,Klang Valley,,3.766194637,6.808710295,16.41667007,,0,0,0
24/6/2022,Klang Valley,,1.255666194,5.596318027,14.67869911,,0,0,0
25/6/2022,Klang Valley,,2.5143633,5.933573643,12.80497378,,0,0,0
26/6/2022,Klang Valley,,2.521495751,10.45120199,20.63738882,,0,0,0
27/6/2022,Klang Valley,,6.315284251,11.12796417,25.76072458,,0,0,0.034052511
28/6/2022,Klang Valley,,2.5261137,10.05189205,23.56262858,,0,0,0
29/6/2022,Klang Valley,,1.263423879,7.962299188,18.41964549,,0,0,0.017023702
30/6/2022,Klang Valley,,2.527294784,9.988688485,24.17213831,,0,0,0.017022633
1/7/2022,Klang Valley,,2.527230913,9.315355148,20.27270275,,0,0,0.017021581
2/7/2022,Klang Valley,,3.79285931,7.965900545,19.71007467,,0,0,0
3/7/2022,Klang Valley,,0,9.721479609,24.03265173,,0,0.067510275,0
4/7/2022,Klang Valley,,1.265502404,12.56018422,34.56596483,,0,0,0.017019185
5/7/2022,Klang Valley,,0,13.37264079,32.74262172,,0,0.13507718,0.017017995
6/7/2022,Klang Valley,,1.266367804,12.15938522,30.69884804,,0,0.06755214,0
7/7/2022,Klang Valley,,1.266865142,11.28358556,29.93107685,,0,0.067566381,0.017015962
8/7/2022,Klang Valley,,1.267121986,11.35260934,30.13367885,,0,0.067575056,0
9/7/2022,Klang Valley,,1.268118239,8.176625932,20.53621119,,0,0,0.017014259
10/7/2022,Klang Valley,,1.269148275,9.86604479,22.95156437,,0,0,0.051041285
11/7/2022,Klang Valley,,1.269567205,10.67939182,32.08606005,,0,0,0.017012757
12/7/2022,Klang Valley,,2.53945681,17.37510209,44.02659628,,0,0.202822203,0.017011822
13/7/2022,Klang Valley,,8.890130685,19.74481851,42.56114678,,0,0,0
14/7/2022,Klang Valley,,2.539811546,16.84085795,41.98054266,,0,0,0.034019889
15/7/2022,Klang Valley,,5.081171718,14.88139528,36.60318373,,0,0.067642706,0
16/7/2022,Klang Valley,,3.814852492,13.1241586,29.13477871,,0,0.067650302,0.017008044
17/7/2022,Klang Valley,,1.272944831,12.8547053,31.00458249,,0,0.067656344,0.068029802
18/7/2022,Klang Valley,,7.642241215,17.72932064,45.45925325,,0,0.067669163,0
19/7/2022,Klang Valley,,5.103863625,18.34159495,42.20820686,,0,0.135362324,0.034011448
20/7/2022,Klang Valley,,1.275965906,15.23094169,34.5364053,,0,0.135386148,0.017004631
21/7/2022,Klang Valley,,2.551020408,12.72862437,31.47285301,,0,0,0.017003162
22/7/2022,Klang Valley,,5.102301138,11.71485105,29.56588977,,0,0.067715902,0
23/7/2022,Klang Valley,,5.105231586,10.42974618,26.0104375,,0,0.067725625,0.017000286
24/7/2022,Klang Valley,,2.554637305,11.65017242,28.01508055,,0,0,0.033998884
25/7/2022,Klang Valley,,1.27793894,15.37751807,40.81287831,,0,0,0.033996567
26/7/2022,Klang Valley,,3.833082054,16.8038985,37.41029009,,0,0,0.033993903
27/7/2022,Klang Valley,,2.555322737,14.23228995,28.68795762,,0,0.067772809,0
28/7/2022,Klang Valley,,2.554833106,12.94858193,32.23681706,,0,0,0.016993578
29/7/2022,Klang Valley,,7.664499317,11.86694108,27.27210166,,0,0.067811092,0.033983927
30/7/2022,Klang Valley,,0,8.613912894,20.49061603,,1.278461755,0.067826086,0.016990561
31/7/2022,Klang Valley,,2.558657217,13.56731525,27.08167435,,0,0,0
1/8/2022,Klang Valley,,6.398935217,17.09747324,38.3427245,,0,0.067847116,0
2/8/2022,Klang Valley,,6.39852578,15.20197246,35.33287989,,0,0,0
3/8/2022,Klang Valley,,3.839213729,15.81863829,33.63128729,,0,0.135782303,0.016985499
4/8/2022,Klang Valley,,3.833865815,12.90370778,25.13601898,,0,0,0
5/8/2022,Klang Valley,,0,9.578713246,21.77124904,,0,0.067934136,0.033964507
6/8/2022,Klang Valley,,2.556531298,8.358010984,18.71336608,,0,0,0.016981276
7/8/2022,Klang Valley,,1.278919569,13.86407363,31.2101436,,0,0,0.033960983
8/8/2022,Klang Valley,,12.78641571,18.28711588,34.85884206,,0,0,0.016979465
9/8/2022,Klang Valley,,6.391818472,15.30042902,29.08400166,,0,0,0.016978401
10/8/2022,Klang Valley,,1.278347353,14.41908107,27.02781165,,0,0,0
11/8/2022,Klang Valley,,1.278380037,11.83890919,25.51509771,,0,0,0.016976113
12/8/2022,Klang Valley,,2.556171877,9.392150884,20.19999009,,0,0.136118129,0
13/8/2022,Klang Valley,,0,8.985368145,18.11106821,,0,0,0.016973822
14/8/2022,Klang Valley,,1.278608874,9.054486907,18.84049804,,0,0,0.016973422
15/8/2022,Klang Valley,,8.951521119,12.80161246,26.96887191,,0,0,0
16/8/2022,Klang Valley,,2.557708293,10.55677091,22.77542094,,0,0.068108199,0
17/8/2022,Klang Valley,,6.395415766,10.69536203,21.62021996,,0,0,0
18/8/2022,Klang Valley,,5.11561285,10.42539708,17.90273605,,0,0.06813985,0
19/8/2022,Klang Valley,,2.558133586,11.85932388,20.07358845,,0,0.136314068,0.016968376
20/8/2022,Klang Valley,,1.279410448,7.294080274,13.33650966,,0,0.068168975,0
21/8/2022,Klang Valley,,1.279656028,7.090090508,13.48890881,,0,0,0
22/8/2022,Klang Valley,,0,9.61501743,18.9853799,,0,0,0.033932761
23/8/2022,Klang Valley,,1.279410448,10.02617719,18.25498,,0,0,0.016965595
24/8/2022,Klang Valley,,0,8.186086109,17.18524078,,0,0.068217384,0.033929399
25/8/2022,Klang Valley,,1.279459556,8.460502417,15.5219076,,0,0,0
26/8/2022,Klang Valley,,2.558395374,6.960765848,11.21257844,,0,0,0.016963054
27/8/2022,Klang Valley,,0,5.938019363,10.7880867,,0,0,0.0169624
28/8/2022,Klang Valley,,3.838722473,6.757559252,13.09465553,,0,0.068258174,0.016961989
29/8/2022,Klang Valley,,1.279606905,8.533675591,17.09708174,,0,0,0.016961391
30/8/2022,Klang Valley,,0,6.486594258,15.96004866,,0,0.06827994,0.050882196
31/8/2022,Klang Valley,,5.118951639,6.556105236,11.88891648,,0,0,0
1/9/2022,Klang Valley,,1.279885322,9.084513295,17.09482302,,0,0,0
2/9/2022,Klang Valley,,2.560852252,6.079986665,13.32936053,,0,0,0
3/9/2022,Klang Valley,,1.280278589,4.099368697,10.27649887,,0,0,0.033915838
4/9/2022,Klang Valley,,0,6.354520763,11.19199684,,0,0,0.016957571
5/9/2022,Klang Valley,,2.561016211,7.517008941,14.26073438,,0,0,0.016956878
6/9/2022,Klang Valley,,2.561016211,6.834578594,12.39498808,,0,0,0
7/9/2022,Klang Valley,,0,7.792649891,15.44681218,,0,0,0
8/9/2022,Klang Valley,,1.280672097,6.768397736,12.86887817,,0,0,0
9/9/2022,Klang Valley,,1.280458916,5.743589744,12.25803936,,0,0,0
10/9/2022,Klang Valley,,0,5.197085803,9.443314091,,0,0,0
11/9/2022,Klang Valley,,0,5.812895875,11.73191755,,0,0.06838701,0
12/9/2022,Klang Valley,,1.281262813,7.386832697,15.54593,,0,0,0
13/9/2022,Klang Valley,,0,7.25098675,15.40991127,,0,0,0
14/9/2022,Klang Valley,,1.281673353,7.388252678,14.17186231,,0,0,0.016951988
15/9/2022,Klang Valley,,1.2816405,4.652582115,11.00135746,,0,0,0
16/9/2022,Klang Valley,,0,3.421439975,7.915923737,,0,0,0.016950586
17/9/2022,Klang Valley,,0,3.421781831,8.729347677,,0,0,0
18/9/2022,Klang Valley,,0,4.790740457,12.00057969,,0,0.068439149,0.016949971
19/9/2022,Klang Valley,,1.282051282,9.103590648,18.00039662,,0,0.06844805,0
20/9/2022,Klang Valley,,0,5.270943615,14.88115668,,0,0,0.033897851
21/9/2022,Klang Valley,,1.282149909,5.887753404,13.57565913,,0,0,0
22/9/2022,Klang Valley,,0,7.463555254,12.25294969,,0,0.068472984,0
23/9/2022,Klang Valley,,1.282166348,5.204584691,9.795429737,,0,0,0
24/9/2022,Klang Valley,,1.282528119,3.766725975,8.303944713,,0,0,0.016946826
25/9/2022,Klang Valley,,1.282643271,4.862690629,10.86276816,,0,0,0
26/9/2022,Klang Valley,,2.565483979,8.561778713,16.08184285,,0,0,0
27/9/2022,Klang Valley,,0,4.521154895,10.60796699,,0,0,0
28/9/2022,Klang Valley,,1.283054697,6.028892095,13.0817015,,0,0,0.033890418
29/9/2022,Klang Valley,,0,3.220660468,8.794289371,,0,0,0
30/9/2022,Klang Valley,,1.282840722,4.659908885,10.84426684,,0,0,0
1/10/2022,Klang Valley,,0,4.385973929,8.471878193,,0,0.068530843,0
2/10/2022,Klang Valley,,1.282330764,4.180541839,8.166815855,,0,0,0.033887203
3/10/2022,Klang Valley,,0,6.785483452,17.70559543,,0,0,0
4/10/2022,Klang Valley,,3.846696329,6.991755897,13.60506413,,0,0,0
5/10/2022,Klang Valley,,1.28223211,5.004329087,10.43652989,,0,0,0
6/10/2022,Klang Valley,,2.564661529,4.524948923,10.94433889,,0,0,0.016941701
7/10/2022,Klang Valley,,0,5.211022409,11.24893885,,0,0,0
8/10/2022,Klang Valley,,1.282297878,2.948572103,8.182438218,,0,0,0
9/10/2022,Klang Valley,,0,3.908676851,8.792212573,,0,0,0
10/10/2022,Klang Valley,,2.564431337,7.200841058,14.36537727,,0,0,0.016940303
11/10/2022,Klang Valley,,1.282314321,10.49332337,20.19244142,,0,0,0
12/10/2022,Klang Valley,,0,8.230684128,17.85425406,,0,0,0
13/10/2022,Klang Valley,,1.282380097,6.859896223,17.05773833,,0,0,0.033878328
14/10/2022,Klang Valley,,1.282347208,5.351247664,12.58548986,,0,0,0.016938748
15/10/2022,Klang Valley,,0,5.831747898,11.28108587,,0,0.068608799,0
16/10/2022,Klang Valley,,8.97827258,7.341438648,15.15990995,,0,0,0.033876894
17/10/2022,Klang Valley,,1.282741989,11.8706823,22.1043961,,0,0,0
18/10/2022,Klang Valley,,3.848028527,12.28326724,22.32393142,,0,0,0
19/10/2022,Klang Valley,,0,7.823539383,17.25910799,,0,0.068627538,0
20/10/2022,Klang Valley,,1.282445881,9.19675286,18.71532584,,0,0,0.016936946
21/10/2022,Klang Valley,,3.847189628,7.824779842,16.68255037,,0,0,0.033873199
22/10/2022,Klang Valley,,0,7.344467179,16.191208,,0,0,0.01693641
23/10/2022,Klang Valley,,2.564727305,5.903179617,12.702243,,0,0.068641623,0
24/10/2022,Klang Valley,,1.281870505,8.580562212,18.84970082,,0,0,0
25/10/2022,Klang Valley,,2.564990445,12.56334017,29.26465443,,0,0,0
26/10/2022,Klang Valley,,6.412722842,15.24208133,33.20986467,,0,0,0
27/10/2022,Klang Valley,,1.282561018,10.91747283,24.80943307,,0,0,0.016934767
28/10/2022,Klang Valley,,2.56495755,12.29159228,27.85716269,,0,0,0
29/10/2022,Klang Valley,,1.282561018,8.583738142,17.73014516,,0,0.068669905,0
30/10/2022,Klang Valley,,0,11.74269086,20.45637703,,0,0,0.016934087
31/10/2022,Klang Valley,,2.56495755,21.15230622,42.35169962,,0,0,0
1/11/2022,Klang Valley,,6.411324964,22.87105191,44.40023612,,0,0,0.050801185
2/11/2022,Klang Valley,,1.282199228,19.78209473,37.54137044,,0,0,0
3/11/2022,Klang Valley,,3.846301781,19.64641941,36.50772767,,0,0.068693774,0.016933083
4/11/2022,Klang Valley,,0,13.8083687,23.4179903,,0,0.068698352,0
5/11/2022,Klang Valley,,2.56403682,11.47305035,20.47140446,,0,0,0.01693251
6/11/2022,Klang Valley,,2.564201187,9.618430011,16.76309397,,0,0.068703072,0
7/11/2022,Klang Valley,,2.56380674,15.93927685,24.92409749,,0,0,0
8/11/2022,Klang Valley,,1.281919803,13.60382501,22.50241406,,0,0.206118561,0
9/11/2022,Klang Valley,,5.127679212,13.05505454,22.40029203,,0,0,0
10/11/2022,Klang Valley,,2.564201187,12.78110705,19.707763,,0,0,0.050793204
11/11/2022,Klang Valley,,2.564201187,8.383813742,15.77944534,,0,0,0.050792206
12/11/2022,Klang Valley,,2.56380674,9.346333901,13.10420501,,1.28190337,0.068723043,0
13/11/2022,Klang Valley,,1.281410577,7.697118391,15.42356826,,0,0.137448543,0.033860743
14/11/2022,Klang Valley,,3.843837688,13.19579467,24.85331381,,0,0,0.01693005
15/11/2022,Klang Valley,,5.124985586,12.85296687,21.55150157,,0,0.068732443,0.016929695
16/11/2022,Klang Valley,,2.560524395,12.64789096,20.99232054,,0,0,0.016929291
17/11/2022,Klang Valley,,,,,,0,0,0
18/11/2022,Klang Valley,,,,,,0,0.068748982,0.03385661
19/11/2022,Klang Valley,,,,,,0,0,0.016927912
20/11/2022,Klang Valley,,,,,,0,0,0
21/11/2022,Klang Valley,,,,,,0,0,0.016927342
22/11/2022,Klang Valley,,,,,,0,0,0
23/11/2022,Klang Valley,,,,,,0,0,0
24/5/2021,Johor,,7.66724171,4.301568639,,,1.916810427,0,
25/5/2021,Johor,,8.958165368,11.43935711,,,3.583266147,0,
26/5/2021,Johor,,12.90052086,7.147962831,,,0,0,
27/5/2021,Johor,,17.66046945,4.288777698,,,1.605497222,0,
28/5/2021,Johor,,18.77199844,12.8663331,,,0,0,
29/5/2021,Johor,,7.603290704,10.0070049,,,0,0,
30/5/2021,Johor,,7.888509072,8.577064928,,,0,0,
31/5/2021,Johor,,8.944200963,8.464772439,,,0,0,
1/6/2021,Johor,,10.75821509,8.314164565,,,0,0,
2/6/2021,Johor,,6.712235286,5.412426932,,,0,0,
3/6/2021,Johor,,4.063265037,2.59030449,,,0,0,
4/6/2021,Johor,,2.824885357,2.589734293,,,0,0,
5/6/2021,Johor,,4.629972591,6.472659486,,,0.925994518,0,
6/6/2021,Johor,,5.920863431,1.234766074,,,0,0,
7/6/2021,Johor,,7.769343724,10.8462484,,,0,0,
8/6/2021,Johor,,3.816298648,3.562226154,,,0,0,
9/6/2021,Johor,,3.764464957,5.935352144,,,0.752892991,0,
10/6/2021,Johor,,2.868884793,2.256164971,,,0,0,
11/6/2021,Johor,,2.680911242,3.379938936,,,0.67022781,0,
12/6/2021,Johor,,2.598904562,2.252937267,,,0,0,
13/6/2021,Johor,,5.776673791,0,,,0.641852643,0,
14/6/2021,Johor,,1.817796225,3.117045041,,,0.605932075,0,
15/6/2021,Johor,,8.009519886,5.082023865,,,0,0,
16/6/2021,Johor,,4.976830091,5.072794603,,,0,0,
17/6/2021,Johor,,5.066061441,2.02882967,,,0,0,
18/6/2021,Johor,,5.826685247,2.02882967,,,0.485557104,0,
19/6/2021,Johor,,3.314597963,1.011521227,,,0,0,
20/6/2021,Johor,,4.28602043,1.009958188,,,0.952448984,0,
21/6/2021,Johor,,4.740280056,2.008193429,,,0.474028006,0,
22/6/2021,Johor,,4.749240122,0.926766881,,,0.474924012,0,
23/6/2021,Johor,,2.352343404,2.633057155,,,0.470468681,0,
24/6/2021,Johor,,4.694064356,0.843725216,,,0.938812871,0,
25/6/2021,Johor,,4.168828281,2.518405346,,,0,0,
26/6/2021,Johor,,1.802548804,2.351852868,,,1.351911603,0,
27/6/2021,Johor,,2.774232925,4.575891155,,,0.924744308,0,
28/6/2021,Johor,,5.270344728,5.857544517,,,0,0,
29/6/2021,Johor,,4.679325803,4.170112802,,,0.935865161,0,
30/6/2021,Johor,,4.731488053,4.158378787,,,0.473148805,0,
1/7/2021,Johor,,14.97765431,3.326325873,,,0.966300278,0.665265175,
2/7/2021,Johor,,3.449890343,3.283921265,,,0,0,
3/7/2021,Johor,,6.754670372,3.697632283,,,0,0.616272047,
4/7/2021,Johor,,5.413412468,4.149820372,,,0.984256812,0,
5/7/2021,Johor,,11.22878653,3.947620713,,,0,0,
6/7/2021,Johor,,10.50050665,4.865048948,,,0.525025332,0,
7/7/2021,Johor,,31.29176655,11.348747,,,0,0,
8/7/2021,Johor,,7.645844484,6.955070246,,,1.092263498,0,
9/7/2021,Johor,,14.75700138,3.45159143,,,0.546555607,0.98616898,
10/7/2021,Johor,,8.404641463,4.687265637,,,0,0,
11/7/2021,Johor,,6.386762697,5.352149111,,,0.982578877,0,
12/7/2021,Johor,,11.82827241,4.866309214,,,0.473130896,0,
13/7/2021,Johor,,11.68975393,4.683222568,,,0.44960592,0,
14/7/2021,Johor,,9.860199519,10.56408131,,,2.572225961,0,
15/7/2021,Johor,,15.63072012,10.08220878,,,0.82266948,0,
16/7/2021,Johor,,13.09737513,10.75107799,,,0.770433831,0.383967071,
17/7/2021,Johor,,9.299418972,7.817909714,,,0.371976759,0,
18/7/2021,Johor,,8.784196878,7.151669021,,,0,0,
19/7/2021,Johor,,15.39104977,8.219009198,,,1.003764115,0,
20/7/2021,Johor,,18.24806036,20.84656925,,,1.887730382,0,
21/7/2021,Johor,,14.64797975,11.0619469,,,0,0,
22/7/2021,Johor,,21.45030902,13.70576464,,,0.536257725,0.609145095,
23/7/2021,Johor,,23.49171917,10.82938011,,,1.24955953,0,
24/7/2021,Johor,,20.33558444,15.04686656,,,1.182301421,0,
25/7/2021,Johor,,20.02162335,15.66652354,,,2.002162335,0,
26/7/2021,Johor,,23.78381956,13.13839009,,,0.827263289,0.285617176,
27/7/2021,Johor,,23.03475176,12.9128969,,,1.151737588,0,
28/7/2021,Johor,,20.67036696,11.59807693,,,1.078453928,0,
29/7/2021,Johor,,24.36036994,19.77430208,,,0.681408949,0.812642551,
30/7/2021,Johor,,29.74679656,16.8641738,,,1.131671608,0,
31/7/2021,Johor,,30.03761634,22.55647079,,,1.69442964,0.265370245,
1/8/2021,Johor,,28.25567781,19.82459201,,,1.352665427,0.264327893,
2/8/2021,Johor,,27.86056946,14.90924975,,,1.305964193,0.261565785,
3/8/2021,Johor,,32.4554507,23.91871796,,,0.69947092,0,
4/8/2021,Johor,,29.85429483,19.05796971,,,1.215785762,0.257540131,
5/8/2021,Johor,,38.88547445,24.17438126,,,1.957322539,0.254467171,
6/8/2021,Johor,,37.43829436,24.6996348,,,1.415193258,0.25203709,
7/8/2021,Johor,,40.03262101,22.80587439,,,1.239400031,0.501228009,
8/8/2021,Johor,,33.83873907,18.21975521,,,1.571084314,0,
9/8/2021,Johor,,39.51879089,22.21755928,,,1.1796654,0.24686177,
10/8/2021,Johor,,35.56747617,30.44444011,,,1.632605463,1.948444167,
11/8/2021,Johor,,29.86467137,24.245916,,,0.926036321,0.480117149,
12/8/2021,Johor,,38.25168916,21.3907263,,,1.506884724,0.705188779,
13/8/2021,Johor,,63.65255568,30.45860975,,,1.261582185,0.922988174,
14/8/2021,Johor,,51.29830637,21.08267293,,,1.456065465,1.331537238,
15/8/2021,Johor,,35.86848077,22.98362092,,,2.428020236,0.216826612,
16/8/2021,Johor,,38.59680645,19.00486313,,,1.552745087,0.211165146,
17/8/2021,Johor,,51.83911552,28.35684417,,,1.228944549,0.410968756,
18/8/2021,Johor,,55.81501693,24.06893343,,,2.353645292,0.200574445,
19/8/2021,Johor,,59.65035028,25.44068274,,,1.121247186,0.77092978,
20/8/2021,Johor,,54.57301668,27.83052535,,,1.796642524,0.378646603,
21/8/2021,Johor,,62.5726491,29.78357271,,,2.36761375,0.919246071,
22/8/2021,Johor,,53.00240747,25.8920249,,,1.677291376,0.892828445,
23/8/2021,Johor,,58.79256173,25.62554712,,,0.447091724,0.687934151,
24/8/2021,Johor,,72.70690379,33.74176304,,,1.568407786,0.330801598,
25/8/2021,Johor,,87.86281282,40.4958068,,,0.897704346,0.941762949,
26/8/2021,Johor,,81.26667965,36.50131868,,,1.013019552,1.047168979,
27/8/2021,Johor,,87.99234344,41.7534731,,,1.788916766,1.007842454,
28/8/2021,Johor,,82.86197674,24.64513771,,,1.563433523,0.415367489,
29/8/2021,Johor,,92.19398498,40.80964217,,,1.324943497,0.924490276,
30/8/2021,Johor,,79.13219829,46.00571373,,,1.87883711,0.376068505,
31/8/2021,Johor,,70.04919887,30.09666763,,,0.986608435,1.313743428,
1/9/2021,Johor,,91.09896218,44.02349597,,,1.295245908,1.372160913,
2/9/2021,Johor,,101.6554553,46.5042483,,,1.817184796,0.547108804,
3/9/2021,Johor,,88.91114065,41.67187128,,,1.726429916,0.734768511,
4/9/2021,Johor,,97.59538552,35.35697848,,,1.423950631,0.406402052,
5/9/2021,Johor,,76.51605683,36.23586899,,,1.539116086,1.276602431,
6/9/2021,Johor,,59.36440798,26.97336168,,,0.76388025,0.66250362,
7/9/2021,Johor,,61.88118812,29.57775023,,,1.200516877,0.182578705,
8/9/2021,Johor,,76.3191725,35.80044865,,,0.879759914,0.35271378,
9/9/2021,Johor,,84.20678431,35.17540947,,,1.221998189,0.600555771,
10/9/2021,Johor,,94.12932077,42.329827,,,1.132723475,0.667926264,
11/9/2021,Johor,,80.00879981,37.50503464,,,1.042082776,0.40766342,
12/9/2021,Johor,,82.16220348,38.06145614,,,1.313639881,0.874062667,
13/9/2021,Johor,,65.56153331,27.28037934,0,,1.104969662,0.310887514,0
14/9/2021,Johor,,92.60341238,39.49721648,0,,2.512982697,0.53477856,0
15/9/2021,Johor,,92.93197795,37.98218875,0,,2.076692245,0.448608528,0
16/9/2021,Johor,,101.5614742,41.86226659,0,,1.741819478,1.019255187,0
17/9/2021,Johor,,61.47558007,35.52212591,0,,2.492253246,0.704804086,0
18/9/2021,Johor,,78.08091919,31.35822369,0,,1.139867433,0.412608207,0
19/9/2021,Johor,,81.87265081,39.8813412,0,,0.893156191,0.472367831,0
20/9/2021,Johor,,70.02410564,36.20737045,0,,2.323808816,0.660718439,0
21/9/2021,Johor,,76.28677362,35.1182303,0,,1.292996163,0.451888993,0
22/9/2021,Johor,,67.49359066,40.15050125,0,,1.5300814,0.378778314,0
23/9/2021,Johor,,58.95603027,35.73776259,0,,0.716790642,0.493786012,0
24/9/2021,Johor,,65.84780925,37.72004365,0,,1.496541119,0.663872768,0
25/9/2021,Johor,,68.53442673,30.97626569,0,,0.984690039,0.177007233,0
26/9/2021,Johor,,51.86927277,30.40058258,0,,1.041551662,0.346774706,0
27/9/2021,Johor,,54.89357481,28.55055691,0,,1.102280619,0.397323854,0
28/9/2021,Johor,,63.83068268,32.77207908,0,,0.701436073,0.222183587,0
29/9/2021,Johor,,44.71299999,24.63978591,0,,1.998346368,0.435139707,0
30/9/2021,Johor,,36.20208215,24.23946024,0,,0.798575342,0.106781763,0
1/10/2021,Johor,,41.64310174,27.69474609,0,,0.281372309,0.210206801,0
2/10/2021,Johor,,36.80289674,20.5363117,0,,0.296797554,0.308816717,0
3/10/2021,Johor,,30.83785518,24.47898702,0,,0.311493487,0.303458517,0
4/10/2021,Johor,,32.51061571,19.77665302,0,,0.331740977,0.149070249,0
5/10/2021,Johor,,35.72338078,22.77136815,0,,1.414787357,0.438848637,0
6/10/2021,Johor,,45.56323311,24.99189678,0,,0.376555646,0.191508788,0
7/10/2021,Johor,,23.15341533,15.29490849,0,,1.596787264,0.188826031,0
8/10/2021,Johor,,40.79065894,24.09722626,0,,0,0.325638193,0
9/10/2021,Johor,,44.50357864,18.34653672,0,,0.45879978,0.275198051,0
10/10/2021,Johor,,24.4789481,13.75157419,0,,0.999140739,0.090470883,0
11/10/2021,Johor,,25.38496022,18.2142044,0,,1.62031661,0.133927974,0
12/10/2021,Johor,,44.381117,19.77464828,0,,1.167924132,0.220207665,0
13/10/2021,Johor,,32.46266793,19.70719373,0,,1.872846227,0.174014956,0
14/10/2021,Johor,,34.63491338,15.54111939,0,,0.692698268,0.086100384,0
15/10/2021,Johor,,40.8477842,23.68774179,0,,0,0.213403079,0
16/10/2021,Johor,,24.80671435,11.73782529,0,,1.653780957,0.211874103,0
17/10/2021,Johor,,24.97925829,16.25092435,0,,0,0.251952316,0
18/10/2021,Johor,,22.87871422,16.52554049,0,,1.906559518,0.083252093,0
19/10/2021,Johor,,33.89188489,13.82388454,0,,0,0.247591962,0
20/10/2021,Johor,,22.94510904,12.04104769,0,,0,0.040955945,0
21/10/2021,Johor,,32.07006757,17.76486313,0,,2.211728798,0.081303721,0
22/10/2021,Johor,,22.93661045,14.76123104,0,,0,0.120993697,0
23/10/2021,Johor,,20.45800355,9.804643479,0,,0,0.320151624,0
24/10/2021,Johor,,14.56239988,7.911172245,0,,1.323854535,0.119263903,0
25/10/2021,Johor,,21.70904453,14.49839313,0,,1.356815283,0.158020634,0
26/10/2021,Johor,,12.50451552,12.69084895,289.8550725,,0,0.19645277,0
27/10/2021,Johor,,11.52472053,15.25147181,0,,0,0.117018965,0
28/10/2021,Johor,,7.524001565,9.647487023,35.94536305,,0,0.116234783,0
29/10/2021,Johor,,23.93375138,13.5448334,0,,0,0.077178538,0
30/10/2021,Johor,,5.023863351,6.612594609,0,,1.674621117,0.076890635,0
31/10/2021,Johor,,12.18578093,8.125329373,43.70629371,,0,0.038327025,0
1/11/2021,Johor,,15.9940289,12.92377458,80.3729304,,0,0.229416117,0
2/11/2021,Johor,,7.321582194,12.09229511,12.65822785,,0,0.114438124,0
3/11/2021,Johor,,7.625147737,9.283751001,9.858044164,,0,0.03804816,0
4/11/2021,Johor,,6.007328941,12.58950589,0,,0,0.265441389,0
5/11/2021,Johor,,6.152205566,7.37827269,59.16459591,,2.050735189,0.075674592,0
6/11/2021,Johor,,10.58850935,6.387964923,0,,2.11770187,0.075597218,0
7/11/2021,Johor,,10.83470573,8.04510395,27.46347358,,0,0.037770441,0
8/11/2021,Johor,,22.38989768,16.27229323,19.00689,,0,0,0
9/11/2021,Johor,,6.968641115,14.82560673,4.089143324,,0,0,0
10/11/2021,Johor,,11.97031362,17.19053179,14.15328002,,0,0.150794138,0
11/11/2021,Johor,,17.50568935,14.1792995,6.995942353,,0,0.037710903,0
12/11/2021,Johor,,31.96079476,14.50603922,3.341799225,,0,0.075356048,0
13/11/2021,Johor,,2.752924983,7.641136113,0,,0,0.075282129,0
14/11/2021,Johor,,5.63396152,12.34446631,0,,0,0,0
15/11/2021,Johor,,14.34020707,16.3756938,12.17322499,,0,0,0
16/11/2021,Johor,,8.834702712,11.52320155,13.4148959,,0,0.075315043,0
17/11/2021,Johor,,9.024456277,13.86274451,9.568462348,,0,0,0
18/11/2021,Johor,,12.43239883,11.1837869,8.068257458,,3.108099708,0,0
19/11/2021,Johor,,9.542288241,11.59599261,9.537252508,,0,0.037649327,0
20/11/2021,Johor,,6.41087284,8.467572584,3.787376674,,0,0.075267312,0
21/11/2021,Johor,,6.454319553,10.26843108,1.86734389,,3.227159777,0.112839902,0
22/11/2021,Johor,,26.00104004,17.94365692,8.685984296,,0,0.112853188,0
23/11/2021,Johor,,6.545573556,11.86093115,7.76421628,,0,0.075307499,0
24/11/2021,Johor,,9.820288716,13.0013431,5.608131791,,0,0.075370105,0
25/11/2021,Johor,,3.298697015,9.701935404,6.317199207,,0,0.151002886,0
26/11/2021,Johor,,9.884678748,11.51917962,7.216742843,,0,0.075535604,0
27/11/2021,Johor,,6.609385327,8.344027658,2.37467645,,0,0.113267344,0
28/11/2021,Johor,,9.921291091,10.19341053,4.683402023,,0,0.151013489,0
29/11/2021,Johor,,13.31114809,14.20922095,6.498148028,,0,0.075580963,0
30/11/2021,Johor,,13.36451721,13.48186103,3.873529269,,0,0.075740792,0
1/12/2021,Johor,,13.4943661,15.63471833,11.30415123,,0,0.037948345,0
2/12/2021,Johor,,6.781730019,11.14571058,8.580610939,,0,0.114119904,0
3/12/2021,Johor,,0,16.91203722,10.29775215,,3.439617515,0.076180348,0
4/12/2021,Johor,,0,8.191168929,3.597355224,,3.455186235,0,0
5/12/2021,Johor,,10.41919911,8.460204645,4.888097483,,0,0.11432709,0
6/12/2021,Johor,,13.9256371,13.02616043,5.271272881,,0,0.152799536,0
7/12/2021,Johor,,6.998635266,12.42668162,4.281895534,,0,0.076707911,0
8/12/2021,Johor,,17.63481819,13.44286378,9.160812335,,0,0.077036469,0
9/12/2021,Johor,,7.113134403,10.83740639,5.317027781,,0,0.116115068,0
10/12/2021,Johor,,7.236151814,14.47830176,4.592422503,,0,0.038815822,0
11/12/2021,Johor,,0,5.828787527,1.500712839,,3.635570421,0.077717167,0
12/12/2021,Johor,,14.55392228,8.989726027,6.813679923,,0,0.038916563,0
13/12/2021,Johor,,36.43252696,14.60052913,7.500433619,,0,0.078077696,0
14/12/2021,Johor,,7.331378299,10.70346883,4.889149644,,0,0.078413691,0
15/12/2021,Johor,,7.390163692,10.7484589,7.190258469,,7.390163692,0,0
16/12/2021,Johor,,3.726337755,10.95933336,3.994695045,,0,0.03956438,0
17/12/2021,Johor,,7.54916393,10.51582711,3.0725388,,0,0.158729466,0
18/12/2021,Johor,,0,6.874728538,3.371986287,,3.784868097,0,0
19/12/2021,Johor,,3.785011355,9.318020454,5.105873943,,0,0.0796412,0
20/12/2021,Johor,,22.781638,13.77775719,6.278186441,,0,0.159742112,0
21/12/2021,Johor,,11.47578609,11.23166881,2.961890344,,0,0.040113103,0
22/12/2021,Johor,,7.709803015,10.43475458,4.352124147,,0,0.040288628,0
23/12/2021,Johor,,0,10.65109366,4.403721438,,0,0.202492275,0
24/12/2021,Johor,,3.919263179,13.86471937,6.203666367,,0,0.040659001,0
25/12/2021,Johor,,3.931744908,6.359238261,4.946808072,,0,0.040764348,0
26/12/2021,Johor,,3.934684242,3.515855281,2.397500206,,0,0,0
27/12/2021,Johor,,3.949291102,11.83268582,3.575387036,,0,0,0
28/12/2021,Johor,,7.945651742,13.48599814,6.578738978,,0,0.041368092,0
29/12/2021,Johor,,0,10.87485953,3.483373857,,0,0.124998385,0
30/12/2021,Johor,,16.0836349,9.908006677,6.18395044,,0,0.083966158,0
31/12/2021,Johor,,0,13.25922244,5.136381633,,0,0,0
1/1/2022,Johor,,12.17285453,9.283299598,3.168561114,,0,0.084778992,0
2/1/2022,Johor,,8.132064731,6.601953326,2.885205901,,0,0.085186495,0
3/1/2022,Johor,,0,12.34943763,6.78675226,,0,0,0
4/1/2022,Johor,,0,7.650057829,2.30182266,,0,0.043220666,0
5/1/2022,Johor,,0,10.81137636,8.076358297,,0,0.130782779,0
6/1/2022,Johor,,0,9.285382036,5.761927627,,0,0.04400655,0
7/1/2022,Johor,,0,12.75369558,6.741906341,,0,0,0
8/1/2022,Johor,,4.207160587,5.106345189,2.1544545,,0,0.088806003,0
9/1/2022,Johor,,4.232087689,6.650209258,2.906652844,,0,0.089264554,0
10/1/2022,Johor,,4.252966444,15.14478777,7.165756408,,0,0.089880046,0
11/1/2022,Johor,,8.569347444,10.701982,4.030169551,,0,0,0
12/1/2022,Johor,,8.62477899,16.40603375,6.743688195,,0,0.09165382,0
13/1/2022,Johor,,0,8.121603139,4.824185988,,0,0.092818322,0
14/1/2022,Johor,,4.38096907,14.10260795,5.902490851,,0,0,0
15/1/2022,Johor,,0,6.590217011,3.150131321,,0,0.047072979,0
16/1/2022,Johor,,8.783487044,6.259929339,4.622288418,,0,0.047423707,0
17/1/2022,Johor,,4.407033626,18.0231828,6.463674151,,0,0,0
18/1/2022,Johor,,13.28197636,13.06790111,7.541559379,,0,0.048579558,0
19/1/2022,Johor,,0,7.776049767,4.256670317,,0,0.049215505,0
20/1/2022,Johor,,8.930564858,18.86256724,11.42125929,,0,0.099801943,0
21/1/2022,Johor,,18.0750113,16.93298318,10.24007037,,0,0.050395783,0
22/1/2022,Johor,,4.517119884,9.958934638,4.845272541,,0,0.050810891,0
23/1/2022,Johor,,4.521204449,12.29934767,7.632690193,,0,0.051247282,0
24/1/2022,Johor,,27.16653083,27.57066606,12.0388856,,0,0.103844317,0
25/1/2022,Johor,,4.534119247,21.63156901,12.1411093,,0,0.052759924,0
26/1/2022,Johor,,0,26.96347255,16.8701145,,0,0.053712097,0
27/1/2022,Johor,,36.48636322,22.95596281,11.9222261,,0,0.163971163,0
28/1/2022,Johor,,22.95473327,30.82344045,17.24726371,,0,0,0.091255364
29/1/2022,Johor,,9.201748332,19.24526036,12.79027438,,0,0.112217262,0
30/1/2022,Johor,,4.605747973,23.03808832,14.06364679,,0,0.05674406,0
31/1/2022,Johor,,4.609569466,32.61745887,18.46167057,,0,0.057628019,0
1/2/2022,Johor,,18.43827786,39.84719618,23.07427995,,0,0,0
2/2/2022,Johor,,4.611057315,24.27078141,16.22249476,,0,0.177591084,0.081112474
3/2/2022,Johor,,18.46210653,33.68892526,28.3016643,,0,0,0
4/2/2022,Johor,,18.48770568,57.23196414,39.55417235,,0,0.183240013,0
5/2/2022,Johor,,13.85617293,40.36979225,32.91034379,,0,0.061916859,0
6/2/2022,Johor,,27.72258929,52.20708098,49.72355629,,4.620431548,0.062673567,0
7/2/2022,Johor,,46.26844954,92.23551609,70.98677478,,0,0.063742582,0.146515531
8/2/2022,Johor,,18.52280621,99.7783931,82.19284076,,0,0,0.072995418
9/2/2022,Johor,,41.63389925,116.2657442,73.59314915,,4.625988805,0,0.072720503
10/2/2022,Johor,,32.40590713,68.53554854,56.89595521,,0,0.136797502,0
11/2/2022,Johor,,13.87347392,60.29430897,50.85158652,,0,0.069946994,0.071021769
12/2/2022,Johor,,18.4808723,70.03567909,56.37302274,,0,0.071102212,0.210085799
13/2/2022,Johor,,9.220413997,78.63150849,56.91771246,,4.610206998,0.36102621,0.069074894
14/2/2022,Johor,,32.2491477,82.14928826,64.63975039,,0,0.292086358,0.06782765
15/2/2022,Johor,,22.96422174,88.45141145,87.41612665,,0,0.073282031,0.132750382
16/2/2022,Johor,,13.7136588,74.87931411,66.72301632,,4.571219601,0.44133191,0.064968857
17/2/2022,Johor,,36.4298725,84.93693321,77.73958954,,4.553734062,0.595004786,0.127129337
18/2/2022,Johor,,31.74171315,74.537663,70.98371811,,0,0.527566877,0.062485667
19/2/2022,Johor,,18.10938066,54.32532915,64.64672287,,0,0.535601837,0
20/2/2022,Johor,,9.018352347,50.72486847,54.84346584,,0,0.699117636,0
21/2/2022,Johor,,31.47198993,68.20817134,80.63494189,,4.495998561,0.396559136,0.119547727
22/2/2022,Johor,,22.40143369,63.48069536,65.49023954,,0,0.488313041,0.05894711
23/2/2022,Johor,,40.04449388,63.52778128,69.65124378,,0,0.501535115,0.23255841
24/2/2022,Johor,,22.15231935,69.93518307,77.29830671,,4.43046387,0.344084542,0.171901349
25/2/2022,Johor,,48.53512178,52.22534576,64.19178583,,0,0.616488061,0
26/2/2022,Johor,,30.75976623,44.10980726,59.2989865,,0,0.541224629,0.055889714
27/2/2022,Johor,,26.30771254,43.74384708,59.52282261,,0,0.644646168,0.165801734
28/2/2022,Johor,,17.48328161,52.76672592,67.13060767,,0,0.94058335,0.109600992
1/3/2022,Johor,,26.15860836,52.98968576,77.98381714,,0,1.057870315,0
2/3/2022,Johor,,13.05767138,48.29810654,69.61750186,,0,0.491834079,0.053800233
3/3/2022,Johor,,26.06542421,42.1548171,52.96140758,,0,0.907639603,0.053388516
4/3/2022,Johor,,34.74635163,56.67155274,71.68580319,,4.343293954,0.825814976,0.052982855
5/3/2022,Johor,,43.46125429,50.22760703,58.10159735,,8.692250858,0.527600914,0.157741893
6/3/2022,Johor,,8.682816706,56.16554282,67.82170347,,0,0.539016726,0.156391322
7/3/2022,Johor,,21.68821029,49.87405431,79.62897148,,0,0.876906449,0.310848295
8/3/2022,Johor,,13.02422506,49.9738392,85.64414497,,0,0.447193192,0.103061546
9/3/2022,Johor,,39.17983544,55.8903411,81.29114531,,0,0.341488846,0.102510902
10/3/2022,Johor,,30.50241841,53.91721278,74.94769965,,0,0.809915213,0.305701018
11/3/2022,Johor,,56.54140571,58.93826423,86.79493706,,0,0.705847476,0.152271819
12/3/2022,Johor,,8.683947723,22.61701613,40.35108478,,0,0.957334016,0.151695807
13/3/2022,Johor,,17.37619461,24.53161099,44.34138432,,0,0.976382527,0.30232762
14/3/2022,Johor,,26.080153,35.66461884,52.92283158,,4.346692167,0.495341928,0.150634245
15/3/2022,Johor,,26.14948791,32.10828519,58.24875421,,0,0.752537934,0.150125655
16/3/2022,Johor,,21.78459394,31.25686921,44.49459231,,0,0.762362664,0.14964549
17/3/2022,Johor,,21.77984928,21.53413289,39.21627102,,0,0.386840711,0.397630124
18/3/2022,Johor,,13.08044474,19.52657176,34.25681307,,8.72029649,0.650885725,0.049575706
19/3/2022,Johor,,8.714217245,11.96118792,24.86388016,,4.357108623,1.051533004,0.099059284
20/3/2022,Johor,,8.697542944,18.30296986,25.80253547,,0,0.530520865,0.148290434
21/3/2022,Johor,,21.74764038,29.98047254,42.75537956,,0,0.401524186,0.197256653
22/3/2022,Johor,,8.695274119,20.11868675,31.69193081,,0,0.40507423,0.098422145
23/3/2022,Johor,,21.72401807,16.74978007,27.5074786,,4.344803615,0.408531221,0.19648199
24/3/2022,Johor,,8.686965209,10.58654986,23.72338533,,0,0.687438302,0.049015259
25/3/2022,Johor,,26.14151272,14.81553277,25.70327842,,0,0.276925846,0.146875877
26/3/2022,Johor,,0,10.13332963,19.94765696,,0,0.416438204,0.097782632
27/3/2022,Johor,,4.3493389,15.91214264,24.74828263,,0,0.139580199,0.048813181
28/3/2022,Johor,,8.702084149,14.46779581,31.00377651,,0,0.561856148,0
29/3/2022,Johor,,8.692250858,15.2586554,26.62865633,,0,0,0.048681273
30/3/2022,Johor,,4.34461485,11.21910486,18.67687929,,0,0.568055942,0.194550826
31/3/2022,Johor,,4.340277778,11.0008172,17.87215484,,4.340277778,0.285735512,0
1/4/2022,Johor,,13.09872069,11.18003876,17.8521358,,0,0.716669151,0.048511239
2/4/2022,Johor,,0,4.892663595,13.08346817,,0,0,0.04845729
3/4/2022,Johor,,4.363382494,6.216136512,9.481956224,,0,0,0
4/4/2022,Johor,,13.08386759,11.89861222,18.87702463,,0,0.145105027,0.048278835
5/4/2022,Johor,,8.730193374,11.36267623,19.70124436,,0,0.291350673,0
6/4/2022,Johor,,8.736294937,13.290861,20.76062709,,0,0.292106835,0.048057007
7/4/2022,Johor,,0,7.626623958,10.06208305,,4.367765888,0.146665845,0
8/4/2022,Johor,,13.12967745,7.357550465,15.88970629,,0,0,0
9/4/2022,Johor,,4.369865408,6.496037417,11.23998028,,0,0,0.047829703
10/4/2022,Johor,,8.737821661,5.192832111,7.84122851,,0,0,0
11/4/2022,Johor,,13.10329766,6.568350404,8.455379006,,0,0.149280691,0
12/4/2022,Johor,,0,5.110676203,7.542241325,,0,0.150314006,0
13/4/2022,Johor,,4.385772554,4.087793697,6.535801163,,0,0.302799533,0
14/4/2022,Johor,,0,2.291556226,3.860302791,,0,0.152770415,0
15/4/2022,Johor,,0,2.146271467,5.81083263,,0,0.153305105,0.047629776
16/4/2022,Johor,,0,2.765002442,5.427310225,,0,0.153611247,0
17/4/2022,Johor,,0,2.152941918,3.901050334,,0,0,0.047573785
18/4/2022,Johor,,0,3.083788064,4.563633451,,0,0.308378806,0
19/4/2022,Johor,,4.377708707,3.090612111,3.848160152,,0,0,0
20/4/2022,Johor,,0,2.630740043,4.320487085,,0,0.154749414,0
21/4/2022,Johor,,0,1.862836261,3.082991279,,0,0,0.047430635
22/4/2022,Johor,,0,1.399728142,4.029486359,,0,0,0
23/4/2022,Johor,,0,1.245966184,2.558829383,,0,0,0
24/4/2022,Johor,,0,2.809804344,4.21532246,,0,0,0
25/4/2022,Johor,,0,1.40812016,3.313902816,,0,0,0
26/4/2022,Johor,,0,3.135071417,3.975034888,,0,0.156753571,0
27/4/2022,Johor,,0,0.785362107,2.459936155,,0,0,0
28/4/2022,Johor,,4.400827356,1.10298752,2.505762071,,0,0,0
29/4/2022,Johor,,0,1.262620284,2.268660441,,0,0,0
30/4/2022,Johor,,0,0.474114906,1.653811824,,0,0,0
1/5/2022,Johor,,0,1.266211464,1.605961328,,0,0,0.047234157
2/5/2022,Johor,,4.414816123,0.950990695,0.89716124,,0,0,0
3/5/2022,Johor,,0,1.110876593,1.180082474,,0,0,0
4/5/2022,Johor,,0,1.429697031,1.557264142,,0,0,0
5/5/2022,Johor,,0,1.750627839,2.830263441,,0,0,0
6/5/2022,Johor,,0,1.59299084,3.20696931,,0,0,0
7/5/2022,Johor,,0,1.275380063,3.2064854,,0,0,0
8/5/2022,Johor,,0,1.436378029,3.725037533,,0,0,0
9/5/2022,Johor,,4.423017382,2.396288628,3.913560298,,0,0,0
10/5/2022,Johor,,0,2.398380613,3.347668585,,0,0,0
11/5/2022,Johor,,0,1.760304181,2.640247844,,0,0,0
12/5/2022,Johor,,4.43577005,1.121575589,2.82853692,,0,0,0
13/5/2022,Johor,,0,2.565011006,2.639776147,,0,0.160313188,0.04713886
14/5/2022,Johor,,4.4345898,0.801915616,1.036983547,,0,0,0
15/5/2022,Johor,,0,0.481195675,2.120814808,,0,0,0.047129218
16/5/2022,Johor,,0,0.9624531,2.497441301,,0,0,0
17/5/2022,Johor,,4.44681608,1.122921392,2.402749877,,0,0,0
18/5/2022,Johor,,0,1.764964492,2.779186998,,0,0.160451317,0.094209729
19/5/2022,Johor,,8.902341316,1.123498124,2.401499666,,0,0,0
20/5/2022,Johor,,0,1.284208093,2.777773854,,0,0.160526012,0.047080913
21/5/2022,Johor,,0,0.802774388,1.553474109,,0,0,0
22/5/2022,Johor,,4.454541405,1.284940339,2.447640498,,0,0,0.04707001
23/5/2022,Johor,,0,0.321378069,1.411901577,,0,0.321378069,0
24/5/2022,Johor,,0,0.803889539,1.788110757,,0,0.160777908,0.047055546
25/5/2022,Johor,,0,0.643436465,1.505533069,,0,0,0
26/5/2022,Johor,,0,0.966224029,1.270047345,,0,0.161037338,0
27/5/2022,Johor,,0,0.64443578,1.834322143,,0,0,0
28/5/2022,Johor,,0,0.483488856,1.269819173,,0,0,0
29/5/2022,Johor,,0,0.161202961,0.893469724,,0,0,0.047024722
30/5/2022,Johor,,0,0,1.645646278,,0,0,0
31/5/2022,Johor,,0,0.806486734,1.69244193,,0,0.161297347,0
1/6/2022,Johor,,0,0.645488199,1.786217079,,0,0,0.094011425
2/6/2022,Johor,,0,0.645863406,1.832875584,,0,0,0
3/6/2022,Johor,,0,0.484546206,1.268813687,,0,0.161515402,0
4/6/2022,Johor,,0,0.646187895,1.174765658,,0,0,0
5/6/2022,Johor,,0,0.969638987,2.255296776,,0,0,0
6/6/2022,Johor,,0,0.323351473,1.50331787,,0,0,0
7/6/2022,Johor,,0,0.808718634,2.254642097,,0,0,0
8/6/2022,Johor,,0,0.323582184,2.160458167,,0,0,0
9/6/2022,Johor,,0,0.161891148,1.643625387,,0,0,0
10/6/2022,Johor,,0,1.781154415,1.831350466,,0,0,0.046957704
11/6/2022,Johor,,4.462492748,0.485842548,1.83122922,,0,0,0
12/6/2022,Johor,,4.46488369,1.13396868,2.159753187,,0,0,0
13/6/2022,Johor,,0,1.296522888,1.784060174,,0,0,0
14/6/2022,Johor,,0,0.810702571,1.173627923,,0,0,0.046945117
15/6/2022,Johor,,4.469273743,2.595077139,2.347010144,,0,0,0
16/6/2022,Johor,,0,1.135775467,1.408036226,,0,0,0
17/6/2022,Johor,,0,1.135976372,2.675020239,,0,0,0
18/6/2022,Johor,,0,1.136195789,1.548634152,,0,0,0
19/6/2022,Johor,,0,0.974078157,1.92389178,,0,0,0.04692419
20/6/2022,Johor,,0,0.974226829,1.923757276,,0,0,0
21/6/2022,Johor,,0,0.97444201,2.439664058,,0,0.162407002,0
22/6/2022,Johor,,4.491757625,1.137211006,1.92342877,,0,0,0
23/6/2022,Johor,,0,1.950188925,2.110848636,,0,0,0.046907747
24/6/2022,Johor,,0,1.625564274,2.063717271,,0,0,0.046902665
25/6/2022,Johor,,0,1.463155311,2.01669637,,0,0.162572812,0
26/6/2022,Johor,,0,1.463521721,1.922758568,,0,0,0
27/6/2022,Johor,,0,0.487945311,2.110177527,,0,0,0.046892834
28/6/2022,Johor,,0,1.952346476,2.438234137,,0,0,0
29/6/2022,Johor,,0,0.976397224,2.39112751,,0,0.162732871,0
30/6/2022,Johor,,0,1.302316495,2.531519765,,0,0,0
1/7/2022,Johor,,0,0.651360774,2.156345351,,0,0.162840194,0
2/7/2022,Johor,,0,1.302893401,2.437483242,,0,0,0.046874678
3/7/2022,Johor,,0,1.628908566,2.390499872,,0,0,0
4/7/2022,Johor,,0,1.792237331,2.249733547,,0,0,0
5/7/2022,Johor,,0,0.977824568,3.233782814,,0,0,0
6/7/2022,Johor,,0,0.652060511,1.968253016,,0,0,0
7/7/2022,Johor,,4.528985507,1.304531453,3.280031263,,0,0,0
8/7/2022,Johor,,0,1.141623258,1.921062151,,0,0,0
9/7/2022,Johor,,0,1.304886801,2.483241633,,0,0,0
10/7/2022,Johor,,0,1.794415453,1.686608469,,0,0,0
11/7/2022,Johor,,4.539676775,1.794781428,2.201801167,,0,0,0
12/7/2022,Johor,,0,0.815973497,4.403309415,,0,0.326389399,0
13/7/2022,Johor,,0,0.979399954,3.278846708,,0,0,0
14/7/2022,Johor,,0,1.142849679,3.465823004,,0,0.16326424,0
15/7/2022,Johor,,0,1.796161766,2.997297281,,0,0,0.04683277
16/7/2022,Johor,,0,2.122934222,2.763028617,,0,0,0.046830994
17/7/2022,Johor,,4.55145419,2.123395407,3.137650115,,0,0,0
18/7/2022,Johor,,0,1.470326363,4.401894875,,0,0,0
19/7/2022,Johor,,4.557885141,1.960841986,5.431746592,,4.557885141,0,0
20/7/2022,Johor,,0,1.797805696,3.511635453,,0,0,0
21/7/2022,Johor,,0,1.634943317,3.839010621,,0,0,0.046817203
22/7/2022,Johor,,0,1.798725848,2.481134019,,0,0.163520532,0
23/7/2022,Johor,,0,1.308284055,2.715064724,,0,0.163535507,0
24/7/2022,Johor,,0,1.635395185,3.136108024,,0,0,0
25/7/2022,Johor,,0,1.635590448,3.931463361,,0,0,0
26/7/2022,Johor,,0,1.308765621,2.995089457,,0,0,0.046798273
27/7/2022,Johor,,0,1.636358579,3.649952691,,0,0,0
28/7/2022,Johor,,4.580642206,2.454915477,3.462365722,,0,0,0.046788726
29/7/2022,Johor,,0,1.800654456,3.087849313,,0,0,0
30/7/2022,Johor,,0,1.309731963,1.777761144,,0,0,0.046783188
31/7/2022,Johor,,0,2.620090197,3.602029112,,0,0.163755637,0.046779599
1/8/2022,Johor,,9.179786111,2.78468945,3.835568253,,0,0,0
2/8/2022,Johor,,0,3.441122396,3.367493121,,0,0,0.093541476
3/8/2022,Johor,,0,2.294713308,3.928433299,,0,0.163908093,0
4/8/2022,Johor,,0,3.115453799,3.086232131,,0,0,0.093522186
5/8/2022,Johor,,9.186954525,1.312019575,3.974445717,,0,0.492007341,0
6/8/2022,Johor,,4.596433168,2.132311573,2.5248499,,0,0,0.04675648
7/8/2022,Johor,,0,1.804660289,3.45973361,,0,0,0
8/8/2022,Johor,,0,2.953957647,4.861964617,,4.598335403,0,0.09349932
9/8/2022,Johor,,0,2.46239108,3.412417272,,0,0,0
10/8/2022,Johor,,4.597067071,2.298801503,4.066545512,,0,0,0.140225707
11/8/2022,Johor,,0,1.971191043,3.552072447,,0,0,0.093475591
12/8/2022,Johor,,4.59664445,2.628738353,3.925719774,,0,0.164296147,0
13/8/2022,Johor,,0,1.643139646,2.19643206,,0,0,0
14/8/2022,Johor,,4.594110351,3.286986819,3.738349201,,0,0.164349341,0
15/8/2022,Johor,,0,2.301465705,3.971752893,,0,0.164390407,0.046726505
16/8/2022,Johor,,0,2.137672699,2.569752425,,0,0,0.046722771
17/8/2022,Johor,,0,2.138196579,3.270378546,,0,0,0
18/8/2022,Johor,,4.596010663,2.632375587,3.176514719,,0,0.164523474,0.046713452
19/8/2022,Johor,,0,2.139199347,2.80264869,,4.596433168,0.329107592,0
20/8/2022,Johor,,0,1.81034199,2.14859797,,0,0.329153089,0.046708652
21/8/2022,Johor,,4.59664445,1.975360668,2.615540326,,0,0.164613389,0.046706077
22/8/2022,Johor,,0,1.646459125,4.016503158,,0,0,0
23/8/2022,Johor,,0,1.811579285,2.335061746,,0,0,0
24/8/2022,Johor,,4.597701149,2.305779271,2.84861569,,0,0,0
25/8/2022,Johor,,0,2.14206505,3.175166463,,0,0.164774235,0
26/8/2022,Johor,,0,2.142425126,2.334534062,,0,0,0
27/8/2022,Johor,,0,0.824126467,1.820866004,,0,0.164825293,0
28/8/2022,Johor,,4.59495474,1.648530088,2.334301913,,0,0,0.046686038
29/8/2022,Johor,,0,1.154176553,2.147430436,,0,0,0
30/8/2022,Johor,,0,1.813984169,1.680505944,,0,0.164907652,0
31/8/2022,Johor,,0,1.814328245,1.026906826,,0,0.164938931,0.093355166
1/9/2022,Johor,,0,2.14498091,1.960279144,,0,0.164998532,0.046673313
2/9/2022,Johor,,0,2.640538538,4.200435445,,0,0.165033659,0.046671505
3/9/2022,Johor,,0,1.980639251,1.586780069,,0,0,0
4/9/2022,Johor,,0,1.981018541,2.519959009,,0,0,0
5/9/2022,Johor,,9.207679204,1.981401247,2.14653859,,0,0,0
6/9/2022,Johor,,0,2.642343891,2.426405262,,0,0,0.04666164
7/9/2022,Johor,,0,1.651844119,2.193049991,,0,0,0.046660638
8/9/2022,Johor,,0,1.817568952,2.332927404,,0,0,0
9/9/2022,Johor,,0,1.322027792,1.446361677,,0,0,0
10/9/2022,Johor,,0,1.322171998,2.006188391,,0,0,0
11/9/2022,Johor,,0,1.322506414,1.726177813,,0,0,0
12/9/2022,Johor,,0,1.653357142,2.145986818,,0,0,0
13/9/2022,Johor,,0,1.157533726,2.425745369,,0,0,0
14/9/2022,Johor,,4.612546125,1.15761221,1.865843084,,0,0,0
15/9/2022,Johor,,0,0.992385098,1.539209257,,0,0,0
16/9/2022,Johor,,0,0.661669956,1.399232847,,0,0,0
17/9/2022,Johor,,0,0.661725781,1.305920203,,0,0.165431445,0
18/9/2022,Johor,,0,0.496368239,1.072690649,,0,0.16545608,0
19/9/2022,Johor,,0,0.496420806,1.772220261,,0,0,0
20/9/2022,Johor,,0,0.827543289,1.165870766,,0,0,0
21/9/2022,Johor,,0,1.324334481,1.538869751,,0,0,0
22/9/2022,Johor,,0,0.993489333,1.818522632,,0,0,0
23/9/2022,Johor,,0,0.82799278,0.839306397,,0,0.165598556,0.046628133
24/9/2022,Johor,,0,0.993662092,1.631952701,,0,0,0
25/9/2022,Johor,,4.583371528,1.656237889,1.212287937,,0,0,0
26/9/2022,Johor,,0,1.656369569,2.377875131,,0,0,0
27/9/2022,Johor,,0,1.656663182,1.585181352,,0,0,0
28/9/2022,Johor,,0,0.662779465,1.352005934,,0,0,0
29/9/2022,Johor,,0,0.994422945,1.445148682,,0,0,0
30/9/2022,Johor,,0,1.16021202,0.652621323,,0,0,0
1/10/2022,Johor,,0,0.331509479,1.072137614,,0,0,0
2/10/2022,Johor,,0,1.160338952,1.444994423,,0,0,0
3/10/2022,Johor,,0,2.32090104,1.77122239,,0,0,0
4/10/2022,Johor,,0,1.989643903,1.444884642,,0,0.165803659,0
5/10/2022,Johor,,0,0.331657908,1.444830768,,0,0,0.046607444
6/10/2022,Johor,,0,1.326919887,1.537971109,,0,0,0
7/10/2022,Johor,,0,0.829439117,0.88546963,,0,0,0
8/10/2022,Johor,,4.587366393,0.9954062,0.978653243,,0,0,0
9/10/2022,Johor,,0,0.995543285,0.978618126,,0,0,0
10/10/2022,Johor,,0,1.327529815,2.050383515,,0,0.165941227,0
11/10/2022,Johor,,0,1.16175631,1.444541938,,0,0.165965187,0
12/10/2022,Johor,,0,0.497782379,2.190034411,,0,0,0
13/10/2022,Johor,,0,0.995726673,1.86376615,,0,0,0
14/10/2022,Johor,,0,0.995830788,1.397788791,,0,0,0
15/10/2022,Johor,,0,0.331968941,1.39776209,,0,0,0.093184139
16/10/2022,Johor,,0,1.660043095,1.118201336,,0,0,0
17/10/2022,Johor,,0,0.996111843,2.422697319,,0,0,0
18/10/2022,Johor,,0,0.830180033,1.910152929,,0,0,0
19/10/2022,Johor,,0,1.328435833,1.490797586,,0,0,0.046587425
20/10/2022,Johor,,0,1.826908704,1.024879891,,0,0,0
21/10/2022,Johor,,0,1.660961265,1.024860794,,0,0,0.046584582
22/10/2022,Johor,,0,0.332214325,1.816762287,,0,0,0
23/10/2022,Johor,,0,0.996666152,1.211159061,,0,0.166111025,0
24/10/2022,Johor,,0,1.661256508,1.537185209,,0,0,0
25/10/2022,Johor,,0,1.495260026,1.676889482,,0,0.166140003,0
26/10/2022,Johor,,0,1.495433942,1.583687645,,0,0,0
27/10/2022,Johor,,0,1.329466801,1.956225268,,0,0,0
28/10/2022,Johor,,4.587366393,0.49857905,1.443842223,,0,0,0.046575556
29/10/2022,Johor,,0,0.664810737,0.79177375,,0,0,0
30/10/2022,Johor,,0,0.831042426,1.769805168,,0,0.166208485,0.04657382
31/10/2022,Johor,,0,1.329827023,2.747832356,,0,0.166228378,0
1/11/2022,Johor,,0,1.994876492,4.424383101,,0,0.166239708,0
2/11/2022,Johor,,0,1.163768882,2.561432465,,0,0,0
3/11/2022,Johor,,0,1.3302361,1.909296317,,0,0.166279513,0.139704609
4/11/2022,Johor,,4.561003421,1.164063046,1.676427198,,0,0,0
5/11/2022,Johor,,4.561003421,1.995619615,1.722965736,,0,0,0
6/11/2022,Johor,,4.561003421,2.16210103,1.490089508,,0,0,0
7/11/2022,Johor,,0,1.496876518,2.188524125,,0,0.332639226,0
8/11/2022,Johor,,0,2.328641121,2.514430035,,0,0.166331509,0
9/11/2022,Johor,,0,1.497080693,2.979961158,,0,0,0
10/11/2022,Johor,,0,1.33105944,1.163989336,,0,0,0
11/11/2022,Johor,,4.55996352,1.663918428,2.234775244,,0,0,0
12/11/2022,Johor,,0,0.332802513,1.955396475,,0,0,0
13/11/2022,Johor,,0,1.997007817,1.955333661,,0,0.166417318,0
14/11/2022,Johor,,0,1.49785557,2.234616065,,0,0,0
15/11/2022,Johor,,0,2.496579686,2.607004742,,0,0.332877291,0
16/11/2022,Johor,,0,1.831038432,1.722436363,,0,0,0
17/11/2022,Johor,,,,,,0,0,0.046550449
18/11/2022,Johor,,,,,,0,0,0.093098341
19/11/2022,Johor,,,,,,0,0,0
20/11/2022,Johor,,,,,,0,0.166532608,0
21/11/2022,Johor,,,,,,0,0.166544811,0
22/11/2022,Johor,,,,,,0,0.166555352,0
23/11/2022,Johor,,,,,,0,0,0
24/5/2021,Kedah,,38.51709196,37.35689015,,,3.209757663,0,
25/5/2021,Kedah,,16.91618033,27.74221084,,,0,0,
26/5/2021,Kedah,,21.59477406,16.96280904,,,2.699346758,0,
27/5/2021,Kedah,,12.95941112,14.84245791,,,0,0,
28/5/2021,Kedah,,16.83582664,21.2035113,,,0,0,
29/5/2021,Kedah,,9.269558769,25.44421356,,,0,0,
30/5/2021,Kedah,,13.10759148,12.72183703,,,0,0,
31/5/2021,Kedah,,4.428403782,16.20417257,,,2.214201891,0,
1/6/2021,Kedah,,9.942927596,11.54889997,,,0,0,
2/6/2021,Kedah,,10.31761044,16.62694674,,,0,0,
3/6/2021,Kedah,,4.380841121,8.964750601,,,0,0,
4/6/2021,Kedah,,5.062201805,16.13626177,,,0,0,
5/6/2021,Kedah,,8.331548002,1.785076758,,,0,0,
6/6/2021,Kedah,,2.287596651,29.94011976,,,0,0,
7/6/2021,Kedah,,1.024758157,6.869075422,,,0,0,
8/6/2021,Kedah,,2.983797977,3.265092892,,,0.994599326,0,
9/6/2021,Kedah,,4.644077872,12.98258711,,,0,0,
10/6/2021,Kedah,,4.481330776,13.98297185,,,0,0,
11/6/2021,Kedah,,4.383657724,3.10395133,,,0,0,
12/6/2021,Kedah,,6.088280061,10.8079732,,,0,0,
13/6/2021,Kedah,,6.94571059,8.845252311,,,0,0,
14/6/2021,Kedah,,7.808500855,4.300828626,,,0,0,
15/6/2021,Kedah,,13.16852197,7.099751509,,,0.877901464,0,
16/6/2021,Kedah,,2.638336792,7.072736017,,,0,0,
17/6/2021,Kedah,,4.289967482,0,,,0,0,
18/6/2021,Kedah,,26.93380366,1.410775503,,,0,0,
19/6/2021,Kedah,,5.189054554,5.643102013,,,0.864842426,0,
20/6/2021,Kedah,,6.208976406,4.220834037,,,0.886996629,0,
21/6/2021,Kedah,,5.385803023,0,,,0,0,
22/6/2021,Kedah,,7.482859575,8.260594212,,,0.935357447,0,
23/6/2021,Kedah,,8.849731558,1.318461092,,,0.983303506,0,
24/6/2021,Kedah,,12.9428895,7.537877836,,,0,0,
25/6/2021,Kedah,,13.11835138,6.227192906,,,0,0,
26/6/2021,Kedah,,11.23160824,3.697222154,,,2.495912943,0,
27/6/2021,Kedah,,6.46044913,16.32557868,,,1.292089826,0,
28/6/2021,Kedah,,16.25391572,5.468006693,,,0,0,
29/6/2021,Kedah,,13.10730514,4.169272462,,,0,0,
30/6/2021,Kedah,,17.90306305,12.37585471,,,1.627551186,0,
1/7/2021,Kedah,,22.85714286,25.44753404,,,1.758241758,0,
2/7/2021,Kedah,,18.1475029,9.68054211,,,0,0,
3/7/2021,Kedah,,10.73633354,8.455944529,,,0,0,
4/7/2021,Kedah,,11.78808393,7.382729949,,,0,0,
5/7/2021,Kedah,,18.15181518,13.8145398,,,0,0,
6/7/2021,Kedah,,15.31205978,4.030567826,,,0,0,
7/7/2021,Kedah,,12.89564557,23.06976744,,,1.432849508,0,
8/7/2021,Kedah,,31.18016941,19.99379503,,,1.299173726,0,
9/7/2021,Kedah,,14.20975974,16.76086272,,,0,0,
10/7/2021,Kedah,,6.849784232,9.855582859,,,0,0.657038857,
11/7/2021,Kedah,,18.52013247,14.76750411,,,0,0,
12/7/2021,Kedah,,14.29461195,18.67222416,,,0,0,
13/7/2021,Kedah,,24.10532171,10.30591388,,,0,0,
14/7/2021,Kedah,,28.68711375,18.21463463,,,0.819631821,0,
15/7/2021,Kedah,,15.62311369,9.628139843,,,0,0,
16/7/2021,Kedah,,21.42704093,12.68371569,,,0.630207086,0,
17/7/2021,Kedah,,23.58407132,17.28717135,,,1.179203566,0,
18/7/2021,Kedah,,35.14977098,12.74443833,,,1.647645515,0.509777533,
19/7/2021,Kedah,,30.47135692,26.94691458,,,0,0,
20/7/2021,Kedah,,28.5320502,13.68129425,,,0.967188142,0.488617652,
21/7/2021,Kedah,,37.03365253,13.90180532,,,0,0,
22/7/2021,Kedah,,47.10559662,25.85230344,,,1.413167898,0.470041881,
23/7/2021,Kedah,,45.53056634,13.5261194,,,2.704786119,0,
24/7/2021,Kedah,,39.00053461,17.70398013,,,1.752833016,0.931788428,
25/7/2021,Kedah,,36.92397525,27.82853909,,,1.288045648,0,
26/7/2021,Kedah,,43.62837019,20.99977174,,,0.839007119,0.456516777,
27/7/2021,Kedah,,72.45020066,36.06365235,,,0.407023599,0,
28/7/2021,Kedah,,58.19462958,23.75903852,,,1.966034783,0,
29/7/2021,Kedah,,53.85961875,20.02385063,,,0.769423125,0,
30/7/2021,Kedah,,75.63066521,30.17528289,,,1.89076663,0,
31/7/2021,Kedah,,97.66848735,34.55425017,,,2.579922307,0.443003207,
1/8/2021,Kedah,,51.64266108,26.05834419,,,1.768584284,0,
2/8/2021,Kedah,,54.29493418,25.12116632,,,3.414775735,0.433123557,
3/8/2021,Kedah,,82.30424798,37.63122267,,,1.693503045,0.432542789,
4/8/2021,Kedah,,100.6525413,34.9199643,,,3.060381324,0.862221341,
5/8/2021,Kedah,,86.73086824,36.53992412,,,1.727706539,0.424882839,
6/8/2021,Kedah,,105.0551714,41.07154831,,,2.782918447,0,
7/8/2021,Kedah,,119.4233558,40.57959133,,,1.023628764,0,
8/8/2021,Kedah,,88.58849006,38.53855445,,,2.62484415,0.397304685,
9/8/2021,Kedah,,108.8544687,43.72959765,,,1.619858165,0,
10/8/2021,Kedah,,93.6904835,48.94562956,,,1.843091479,0,
11/8/2021,Kedah,,141.3505991,57.01355854,,,1.16818677,0.712669482,
12/8/2021,Kedah,,123.4237531,51.44368117,,,2.730614006,1.028873623,
13/8/2021,Kedah,,113.4304298,45.88394062,,,1.601370773,1.349527665,
14/8/2021,Kedah,,100.1308797,33.9401522,,,1.31405354,0.33274659,
15/8/2021,Kedah,,89.55624494,42.2879746,,,1.290435806,0.325292112,
16/8/2021,Kedah,,98.3099922,51.44674482,,,0.256684053,0.623596907,
17/8/2021,Kedah,,116.6364324,51.93186539,,,1.548271226,0.296753517,
18/8/2021,Kedah,,136.1794757,54.28179282,,,1.041525627,0.562505625,
19/8/2021,Kedah,,139.4076216,66.24285485,,,1.820621924,0.534216571,
20/8/2021,Kedah,,90.63491319,45.91451599,,,1.82311607,0.778212135,
21/8/2021,Kedah,,109.951928,49.63016708,,,2.301319423,0,
22/8/2021,Kedah,,104.6826523,51.19919627,,,2.275709832,0.724516928,
23/8/2021,Kedah,,112.8182816,54.83423822,,,2.782513672,0.235340078,
24/8/2021,Kedah,,139.1618367,78.35409482,,,0.748181918,0.703779295,
25/8/2021,Kedah,,103.5599982,51.62060935,,,1.232857122,0.694447659,
26/8/2021,Kedah,,139.8181153,63.00236539,,,2.423190906,0.448415412,
27/8/2021,Kedah,,135.0141512,78.8245265,,,0.722000809,0.658700779,
28/8/2021,Kedah,,105.4904716,54.17420878,,,1.419154326,1.289862114,
29/8/2021,Kedah,,109.2001092,68.03048603,,,2.155265313,1.674596579,
30/8/2021,Kedah,,135.7857943,56.79098484,,,0.719712691,0.608474838,
31/8/2021,Kedah,,118.5881592,69.64102504,,,1.188258109,0.784687606,
1/9/2021,Kedah,,146.4087421,88.30543021,,,0.707288609,1.141880563,
2/9/2021,Kedah,,71.02947604,41.26038448,,,1.18778388,0,
3/9/2021,Kedah,,88.29918942,54.40211349,,,1.167978696,0.727787472,
4/9/2021,Kedah,,124.6824784,68.23064089,,,1.163082821,0.177683961,
5/9/2021,Kedah,,101.1306547,48.21475786,,,1.16779047,0.345625504,
6/9/2021,Kedah,,99.99885585,49.02035103,,,0.457660667,0.673819258,
7/9/2021,Kedah,,103.2889615,55.74602113,,,0.892345239,0.491876657,
8/9/2021,Kedah,,102.2186693,57.88045607,,,1.310495761,0.799453813,
9/9/2021,Kedah,,97.77146247,58.30260138,,,2.172699166,0.777368018,
10/9/2021,Kedah,,70.83749235,39.83772968,,,0.429318135,0.304104807,
11/9/2021,Kedah,,78.83837474,42.62819804,,,2.415660507,0.295004831,
12/9/2021,Kedah,,73.25247762,47.27643205,,,0.901568955,0.143697362,
13/9/2021,Kedah,,74.84303752,34.2928808,,,1.616979206,0.279941884,
14/9/2021,Kedah,,64.46993108,41.05678512,,,1.189482123,0.41332334,
15/9/2021,Kedah,,86.12734543,40.6296932,0,,1.476468779,0.80454838,0
16/9/2021,Kedah,,89.01658479,44.97875346,0,,0.513063889,0.526067292,0
17/9/2021,Kedah,,72.41573019,30.76403853,0,,1.863640115,0,0
18/9/2021,Kedah,,45.75726885,27.49444996,0,,0.279007737,0.127881163,0
19/9/2021,Kedah,,75.62860805,40.17830069,0,,1.168009391,0.126346858,0
20/9/2021,Kedah,,51.94233789,24.52366534,0,,0.611086328,0.500482966,0
21/9/2021,Kedah,,78.15920479,41.05445651,0,,0.972936159,0.123658002,0
22/9/2021,Kedah,,61.37424045,33.63687772,0,,1.695421007,0.243745491,0
23/9/2021,Kedah,,70.80086811,40.84135603,0,,0.355783257,0.120475976,0
24/9/2021,Kedah,,48.27932486,26.25100215,0,,1.544938396,0.354743272,0
25/9/2021,Kedah,,47.73824997,28.97697374,0,,1.203485293,0.579539475,0
26/9/2021,Kedah,,51.68984439,29.02605629,0,,1.240556265,0.113827672,0
27/9/2021,Kedah,,78.41374946,30.81289095,0,,0,0.223281818,0
28/9/2021,Kedah,,61.75839307,32.91408876,0,,2.024865346,0.109349132,0
29/9/2021,Kedah,,89.63898896,39.34860943,0,,0.570948974,0.106925569,0
30/9/2021,Kedah,,62.45268736,32.3727661,0,,0.630835226,0.420425534,0
1/10/2021,Kedah,,55.77364481,30.31768604,0,,1.430093457,0.515606905,0
2/10/2021,Kedah,,64.67540047,27.65993878,0,,2.366173188,0.405273828,0
3/10/2021,Kedah,,63.6818286,25.45118691,0,,0,0.397674795,0
4/10/2021,Kedah,,62.03756922,23.73213039,0,,0.912317194,0.486314147,0
5/10/2021,Kedah,,48.08462895,28.45454458,0,,0,0.095806547,0
6/10/2021,Kedah,,54.91307261,20.92109355,0,,0,0.09423916,0
7/10/2021,Kedah,,70.81547684,28.64500822,0,,0,0.092106136,0
8/10/2021,Kedah,,31.84206337,16.59578504,0,,0,0,0
9/10/2021,Kedah,,40.34277447,18.27678839,0,,0,0.09047915,0
10/10/2021,Kedah,,43.57551637,15.03711514,0,,0,0.088453618,0
11/10/2021,Kedah,,101.9936573,21.95587823,0,,0,0.173564255,0
12/10/2021,Kedah,,59.7762128,17.85352964,0,,0,0.085016808,0
13/10/2021,Kedah,,78.45661751,16.66335912,0,,0,0.083735473,0
14/10/2021,Kedah,,57.39007593,18.85366428,0,,2.207310613,0.411652059,0
15/10/2021,Kedah,,55.62811397,14.89890725,0,,0,0.325659175,0
16/10/2021,Kedah,,38.72266825,15.99598,0,,0,0,0
17/10/2021,Kedah,,43.69913148,15.95885022,0,,0,0,0
18/10/2021,Kedah,,42.25947317,12.7956409,0,,0,0,0
19/10/2021,Kedah,,42.93319595,13.79267948,0,,0,0.157630623,0
20/10/2021,Kedah,,46.40102082,11.10294463,0,,0,0.156379502,0
21/10/2021,Kedah,,47.70423375,22.14113302,0,,0,0,0
22/10/2021,Kedah,,28.20432466,15.56822873,0,,3.133813851,0.077453874,0
23/10/2021,Kedah,,38.5034974,16.22294341,0,,6.417249567,0,0
24/10/2021,Kedah,,13.05483029,16.36686363,0,,0,0,0
25/10/2021,Kedah,,13.37792642,17.00044979,0,,3.344481605,0.076235201,0
26/10/2021,Kedah,,34.5172759,22.70337172,63.81620932,,0,0,0
27/10/2021,Kedah,,32.68804707,16.86237354,0,,0,0.15123205,0
28/10/2021,Kedah,,26.13305458,20.4122983,24.57002457,,0,0.150644268,0
29/10/2021,Kedah,,11.70366325,16.45959395,72.86859364,,7.802442164,0.150315926,0
30/10/2021,Kedah,,11.78967225,15.22956125,0,,0,0.225067408,0
31/10/2021,Kedah,,19.80904085,15.06054564,0,,0,0.074928088,0
1/11/2021,Kedah,,20.38071169,17.30092144,63.22111585,,0,0.149791528,0
2/11/2021,Kedah,,12.70701851,17.29124748,13.36183859,,0,0,0
3/11/2021,Kedah,,17.59711407,17.50454071,23.33994632,,0,0.149611459,0
4/11/2021,Kedah,,9.127002236,13.52860365,8.75120329,,0,0.074743667,0
5/11/2021,Kedah,,18.5288123,11.12950259,7.913270555,,0,0.149389297,0
6/11/2021,Kedah,,9.33794005,16.94754548,15.56299121,,0,0,0
7/11/2021,Kedah,,9.397613006,15.14947984,14.69615695,,0,0.373139898,0
8/11/2021,Kedah,,9.857072449,19.25032662,13.30406439,,0,0,0
9/11/2021,Kedah,,15.38303764,22.89141714,28.9117613,,0,0,0
10/11/2021,Kedah,,5.164488974,18.34123647,25.20034272,,0,0,0
11/11/2021,Kedah,,36.98029479,16.93442201,0,,0,0.149201956,0
12/11/2021,Kedah,,16.47355994,16.94474967,28.4522003,,5.491186645,0.149292949,0
13/11/2021,Kedah,,27.46649088,15.82385954,4.667662435,,0,0.074640847,0
14/11/2021,Kedah,,27.54517409,21.86449683,13.47466762,,0,0.074622856,0
15/11/2021,Kedah,,22.37011353,14.62770622,4.30200043,,0,0.149262308,0
16/11/2021,Kedah,,11.29496809,21.35987734,11.84880919,,0,0.224054657,0
17/11/2021,Kedah,,17.11351968,22.9496334,17.76766995,,5.70450656,0.373772531,0
18/11/2021,Kedah,,45.83213979,22.79569378,9.508716323,,0,0.298959918,0
19/11/2021,Kedah,,17.62942939,13.98490528,6.060422411,,0,0.149571179,0
20/11/2021,Kedah,,17.66680408,15.2580518,8.979885057,,0,0.074794372,0
21/11/2021,Kedah,,5.909816205,20.71193733,17.3817318,,0,0.074772337,0
22/11/2021,Kedah,,29.60682141,23.10240646,16.151175,,0,0.149530139,0
23/11/2021,Kedah,,11.85466185,19.83610141,9.668842156,,0,0.299412851,0
24/11/2021,Kedah,,11.86098921,23.08875001,8.751969193,,0,0,0
25/11/2021,Kedah,,30.03363767,19.82126326,15.66630765,,0,0.150161085,0
26/11/2021,Kedah,,29.88464527,21.56946005,12.94570203,,0,0.075154913,0
27/11/2021,Kedah,,23.79677554,13.98156688,7.106436655,,0,0.150339429,0
28/11/2021,Kedah,,17.83803068,14.43839168,8.472565832,,0,0.075199957,0
29/11/2021,Kedah,,17.97268152,18.1523745,12.36896626,,0,0.075321056,0
30/11/2021,Kedah,,18.04077215,18.65749151,13.95965659,,0,0.075536403,0
1/12/2021,Kedah,,6.045949214,15.98524812,19.12045889,,0,0,0
2/12/2021,Kedah,,24.4170431,17.63374856,11.7259413,,0,0.076007537,0
3/12/2021,Kedah,,12.4331717,17.67135694,7.841467923,,6.216585851,0.152339284,0
4/12/2021,Kedah,,31.1759571,16.93655809,11.05974474,,0,0.152581604,0
5/12/2021,Kedah,,18.70207593,16.81448124,4.339430233,,0,0,0
6/12/2021,Kedah,,25.01250625,19.18599208,6.137291204,,0,0.383719842,0
7/12/2021,Kedah,,25.06893958,18.43691951,5.706731089,,0,0,0
8/12/2021,Kedah,,12.54626435,17.75185542,6.085686465,,0,0.155038039,0
9/12/2021,Kedah,,31.60156744,17.91942957,8.758798611,,0,0.077910563,0
10/12/2021,Kedah,,0,13.20726259,10.47402442,,0,0,0
11/12/2021,Kedah,,6.476683938,8.994866669,2.183851149,,0,0.156432464,0
12/12/2021,Kedah,,6.464959917,12.60626257,4.205568172,,0,0.078299768,0
13/12/2021,Kedah,,19.47419669,14.54586626,4.006410256,,0,0,0
14/12/2021,Kedah,,13.03016483,14.07327114,6.349649817,,0,0.237189963,0
15/12/2021,Kedah,,6.519754857,12.506821,6.021557175,,0,0,0
16/12/2021,Kedah,,19.69408521,13.32974661,5.123446599,,0,0.160599357,0
17/12/2021,Kedah,,0,11.87989187,7.11782742,,0,0.080815591,0
18/12/2021,Kedah,,0,7.375898482,2.703184892,,0,0.405269147,0
19/12/2021,Kedah,,13.29698823,16.27763128,3.188368831,,0,0.162776313,0
20/12/2021,Kedah,,6.619009796,9.985006122,3.589541103,,6.619009796,0.245532937,0
21/12/2021,Kedah,,19.87413051,10.95260487,5.912553336,,6.624710169,0.164700825,0
22/12/2021,Kedah,,0,11.93924912,5.646394542,,0,0.082911452,0
23/12/2021,Kedah,,0,14.70196363,11.23635906,,0,0.083533884,0
24/12/2021,Kedah,,0,8.065335942,3.031142827,,0,0,0
25/12/2021,Kedah,,0,10.01702895,6.357979688,,0,0,0
26/12/2021,Kedah,,0,16.03405295,9.103285045,,0,0.168779505,0
27/12/2021,Kedah,,0,12.13523231,7.261871142,,0,0,0
28/12/2021,Kedah,,6.749460043,13.92269912,8.232001317,,0,0.085415332,0
29/12/2021,Kedah,,20.35416243,17.30503,14.07812982,,0,0,0
30/12/2021,Kedah,,0,14.32356322,6.640228719,,0,0,0
31/12/2021,Kedah,,0,11.71705584,10.4616095,,0,0.087440715,0
1/1/2022,Kedah,,6.913238852,13.96356125,6.839034328,,0,0.17564228,0
2/1/2022,Kedah,,20.71251036,10.41398227,8.495094083,,0,0,0
3/1/2022,Kedah,,13.83987267,12.77608317,6.914194842,,0,0.1774456,0.345709742
4/1/2022,Kedah,,0,9.731612832,4.710172964,,0,0,0
5/1/2022,Kedah,,6.937218176,9.976747886,8.470655694,,0,0.089880612,0.32579445
6/1/2022,Kedah,,0,13.94179932,6.957665766,,0,0.090531164,0
7/1/2022,Kedah,,13.99874011,10.10441226,5.904031521,,0,0,0
8/1/2022,Kedah,,0,11.29377476,5.240330819,,0,0.182157657,0
9/1/2022,Kedah,,0,12.98723867,4.540240148,,0,0,0
10/1/2022,Kedah,,7.016559079,11.86931607,5.579160953,,0,0,0
11/1/2022,Kedah,,14.0944327,8.803812143,5.112663215,,0,0,0
12/1/2022,Kedah,,7.053180985,10.93849481,5.494384739,,0,0,0.274719237
13/1/2022,Kedah,,7.072635971,10.93683413,6.101621174,,0,0,0
14/1/2022,Kedah,,0,8.529972903,5.706311699,,0,0.094777477,0
15/1/2022,Kedah,,0,10.35595016,4.348337656,,0,0.190017434,0
16/1/2022,Kedah,,0,12.42016461,3.513562351,,0,0,0
17/1/2022,Kedah,,0,12.82967688,7.081755201,,0,0,0.244198455
18/1/2022,Kedah,,0,12.5816466,6.400257907,,0,0.097532144,0
19/1/2022,Kedah,,7.129616427,12.82657192,10.81949627,,0,0,0
20/1/2022,Kedah,,14.32870039,17.78522048,10.94368025,,0,0.099916969,0
21/1/2022,Kedah,,0,14.5116819,10.46289596,,0,0.100775569,0
22/1/2022,Kedah,,7.153075823,11.14566267,6.449088744,,0,0,0
23/1/2022,Kedah,,7.158708569,16.02732608,6.978278522,,0,0,0
24/1/2022,Kedah,,0,16.92826339,10.29883088,,0,0,0
25/1/2022,Kedah,,0,18.71357257,12.33252532,,0,0,0
26/1/2022,Kedah,,7.207726683,22.98439074,10.99621809,,0,0,0
27/1/2022,Kedah,,0,32.44018974,15.1280426,,0,0,0
28/1/2022,Kedah,,0,22.06564911,13.21712335,,0,0,0
29/1/2022,Kedah,,0,21.56330691,15.14887982,,0,0,0
30/1/2022,Kedah,,14.47701773,27.92664014,21.26687712,,0,0,0
31/1/2022,Kedah,,0,36.71039083,22.96587927,,7.249003262,0.111921923,0
1/2/2022,Kedah,,14.54016721,22.84024043,16.70774736,,0,0,0
2/2/2022,Kedah,,29.0486565,28.62351911,19.84731742,,0,0.114953892,0
3/2/2022,Kedah,,14.55074573,39.66902036,27.26919944,,0,0,0
4/2/2022,Kedah,,0,46.83912408,50.08326993,,0,0,0
5/2/2022,Kedah,,14.62629808,42.61979121,43.41586367,,7.313149042,0,0
6/2/2022,Kedah,,14.63271876,77.85933334,64.24588184,,0,0.238466565,0
7/2/2022,Kedah,,14.65845793,85.80912104,71.14687745,,0,0.120349398,0.170207841
8/2/2022,Kedah,,14.69831704,90.52104888,76.63707671,,0,0.121504764,0.169926999
9/2/2022,Kedah,,51.46302014,120.0625944,93.29719057,,0,0.122637992,0
10/2/2022,Kedah,,29.45725017,116.9846917,88.60350102,,0,0.123793325,0
11/2/2022,Kedah,,36.89764593,94.65981629,78.52177721,,0,0.24910478,0
12/2/2022,Kedah,,22.14512438,113.695349,101.1863049,,0,0.125077392,0.167250091
13/2/2022,Kedah,,36.88947912,156.9754227,104.4470801,,0,0,0.33316453
14/2/2022,Kedah,,59.01010548,171.7261315,144.1892878,,0,0.126176438,0
15/2/2022,Kedah,,44.24452474,166.6293993,125.867089,,0,0,0.164963419
16/2/2022,Kedah,,22.13042195,171.896068,148.6103215,,0,0.126487173,0
17/2/2022,Kedah,,81.16284218,161.5917615,139.5724436,,7.378440198,0.381412498,0
18/2/2022,Kedah,,22.16639574,127.3852863,103.7751861,,0,0.637563995,0
19/2/2022,Kedah,,73.86069872,118.3595318,106.8549717,,0,0,0.160926162
20/2/2022,Kedah,,73.76263185,139.7391109,116.2746064,,0,0.512804077,0
21/2/2022,Kedah,,81.15086684,145.0393458,136.0132991,,0,0.12858098,0.159079882
22/2/2022,Kedah,,140.2007084,150.0793664,161.3518118,,7.378984652,1.03324865,0.316376102
23/2/2022,Kedah,,51.56917637,152.2990931,141.6624346,,0,0.129837249,0.157228007
24/2/2022,Kedah,,73.56727728,147.4241935,147.2038304,,0,0.653476035,0.156267336
25/2/2022,Kedah,,36.7593001,109.7154616,130.8977939,,0,0.656192952,0.155645415
26/2/2022,Kedah,,80.78730905,114.984616,122.8619386,,7.344300823,0.131712046,0.15512871
27/2/2022,Kedah,,102.9260403,134.0956355,158.4803173,,7.351860021,0.264749527,0.308627687
28/2/2022,Kedah,,73.53481874,169.3639943,190.7125155,,0,0.531755084,0.15355275
1/3/2022,Kedah,,88.25476208,149.3173207,179.8195693,,0,0.534230128,0.458333652
2/3/2022,Kedah,,117.6384089,164.973972,220.4278304,,0,0.67117157,0.607239202
3/3/2022,Kedah,,88.19638395,168.2611218,215.729876,,0,0.404798208,0.150860053
4/3/2022,Kedah,,73.51860021,136.0711849,198.7315456,,0,0.947759497,0.300652868
5/3/2022,Kedah,,58.85382182,114.4657248,170.3779183,,0,1.086270223,0.599394611
6/3/2022,Kedah,,44.12738104,148.2754623,216.056419,,0,0.682039845,0
7/3/2022,Kedah,,95.70787013,154.2639036,233.1116255,,0,0.548006762,0.296202828
8/3/2022,Kedah,,66.30322676,131.5651853,203.9395807,,0,0.275240973,0.443346915
9/3/2022,Kedah,,88.35223089,137.9953715,204.0702143,,0,1.24569543,1.030657648
10/3/2022,Kedah,,51.53500699,118.6018347,213.0589131,,0,0.556816125,0.293267602
11/3/2022,Kedah,,58.92317891,92.17310668,176.8924046,,0,0.977593556,0
12/3/2022,Kedah,,44.19238418,85.15966737,146.3983234,,7.365397363,1.540717666,0.585008285
13/3/2022,Kedah,,29.45725017,88.98851598,166.9390665,,0,0.563218456,0.583193245
14/3/2022,Kedah,,66.30322676,91.4823684,169.5206027,,0,0.708067867,0.290772903
15/3/2022,Kedah,,29.47461499,84.99890026,155.7736225,,0,0.851408016,0.579622781
16/3/2022,Kedah,,29.44423997,68.92161875,136.2124278,,0,0.284800077,0.577783363
17/3/2022,Kedah,,73.61601885,66.47700467,121.4077546,,0,0.857767802,0
18/3/2022,Kedah,,44.14361389,44.80556104,91.65099645,,0,0.429446272,0.143653599
19/3/2022,Kedah,,7.357810316,43.85619182,80.36935459,,0,0.573283553,0
20/3/2022,Kedah,,51.47437312,49.30704199,100.797503,,0,0.143752309,0.429534814
21/3/2022,Kedah,,14.6939975,50.4512504,98.98939399,,0,0,0.428525515
22/3/2022,Kedah,,7.342683016,50.03629801,83.88986927,,0,0.72306789,0.142427622
23/3/2022,Kedah,,14.67028534,38.29716862,74.54135767,,0,0.580260131,0.283967077
24/3/2022,Kedah,,22.00381399,36.99857104,61.7329399,,7.334604665,0.436990997,0
25/3/2022,Kedah,,14.6767447,23.19177115,49.51223377,,0,0.437580588,0.141463525
26/3/2022,Kedah,,7.329228965,21.16970659,47.71793898,,0,0.145997976,0
27/3/2022,Kedah,,14.65630954,32.04926514,52.92211722,,0,0.146343676,0.281500624
28/3/2022,Kedah,,7.327080891,30.07161445,56.20361445,,0,0.293381604,0.140509036
29/3/2022,Kedah,,14.56452083,26.33503162,43.76680709,,0,0.441369245,0
30/3/2022,Kedah,,14.57725948,24.79174199,40.18819839,,0,0.442709678,0
31/3/2022,Kedah,,14.55815985,23.08617804,32.41857976,,0,0.591953283,0.139735258
1/4/2022,Kedah,,29.13752914,13.92334753,27.36375364,,0,0.296241437,0
2/4/2022,Kedah,,7.284382284,14.69479359,24.81946627,,0,0.148432258,0
3/4/2022,Kedah,,0,10.86985655,20.30281792,,0,0.148902144,0
4/4/2022,Kedah,,0,17.75070257,29.818785,,0,0.149165568,0.138692023
5/4/2022,Kedah,,0,18.67748467,34.84778295,,0,0.298839755,0
6/4/2022,Kedah,,14.58044762,13.02354267,24.53723871,,0,0,0
7/4/2022,Kedah,,21.88503064,13.35215637,24.16128758,,0,0.150024229,0.137280043
8/4/2022,Kedah,,0,8.559445348,19.74742495,,0,0.150165708,0
9/4/2022,Kedah,,7.308338815,9.623437883,14.93782985,,0,0.150366217,0
10/4/2022,Kedah,,21.94265652,10.85761594,16.03099874,,7.314218841,0,0.137017083
11/4/2022,Kedah,,7.32171621,10.43454591,20.53497723,,0,0.151225303,0
12/4/2022,Kedah,,29.27614726,7.888457215,14.63842408,,0,0.1517011,0.136807702
13/4/2022,Kedah,,0,4.414399467,9.159612398,,0,0.304441343,0
14/4/2022,Kedah,,0,1.682011196,4.234839616,,0,0.152910109,0.273215459
15/4/2022,Kedah,,0,3.367926016,9.968510431,,0,0,0.136554937
16/4/2022,Kedah,,0,4.749152812,6.416548689,,0,0,0
17/4/2022,Kedah,,0,6.588927537,6.958040288,,0,0,0
18/4/2022,Kedah,,0,3.374217603,10.22652433,,0,0.153373527,0
19/4/2022,Kedah,,0,5.064954201,8.449744463,,0,0,0
20/4/2022,Kedah,,7.368653747,4.915174834,7.217306283,,0,0,0
21/4/2022,Kedah,,14.75470306,3.535589552,6.804804192,,0,0.153721285,0.136096084
22/4/2022,Kedah,,0,1.845407166,5.986728511,,0,0.153783931,0.136062012
23/4/2022,Kedah,,0,4.76843114,7.345279842,,0,0.153820359,0
24/4/2022,Kedah,,7.385524372,2.616761434,6.525409673,,0,0,0
25/4/2022,Kedah,,0,2.618361491,6.522501271,,0,0,0
26/4/2022,Kedah,,0,3.390232739,6.655709648,,0,0,0
27/4/2022,Kedah,,0,2.930502365,7.465492458,,0,0.154236967,0
28/4/2022,Kedah,,0,1.388974628,4.069755611,,0,0,0.13565852
29/4/2022,Kedah,,0,1.234947152,4.34016593,,0,0,0
30/4/2022,Kedah,,0,1.544115376,2.983160061,,0,0,0.135598185
1/5/2022,Kedah,,0,1.545052972,1.219827896,,7.384978953,0,0
2/5/2022,Kedah,,0,0.463731555,1.896535842,,0,0,0
3/5/2022,Kedah,,0,1.237141461,3.249654724,,0,0,0
4/5/2022,Kedah,,0,1.392835255,3.518967914,,0,0,0
5/5/2022,Kedah,,0,1.548555739,5.817902362,,0,0.154855574,0
6/5/2022,Kedah,,0,2.478230296,4.193751311,,0,0,0
7/5/2022,Kedah,,0,2.323927624,5.816698253,,7.383343178,0,0
8/5/2022,Kedah,,0,2.32508754,6.086929469,,0,0,0
9/5/2022,Kedah,,0,4.962956185,8.656907807,,0,0,0
10/5/2022,Kedah,,0,3.103474495,6.627846423,,0,0,0.135262172
11/5/2022,Kedah,,0,2.173234751,5.139698354,,0,0.155231054,0
12/5/2022,Kedah,,0,2.018752659,6.762257945,,0,0.155288666,0
13/5/2022,Kedah,,0,1.708416748,3.651293369,,0,0,0
14/5/2022,Kedah,,0,1.397908418,2.569254943,,0,0,0
15/5/2022,Kedah,,0,1.863982118,2.568365843,,0,0,0
16/5/2022,Kedah,,0,2.329995744,4.729863956,,0,0,0
17/5/2022,Kedah,,0,2.019364149,4.863622669,,0,0,0
18/5/2022,Kedah,,0,2.796207721,7.428015774,,0,0,0.135054832
19/5/2022,Kedah,,0,1.708934309,5.129534238,,0,0,0
20/5/2022,Kedah,,0,1.709077688,3.913815092,,0,0,0
21/5/2022,Kedah,,0,1.55382287,3.778228766,,0,0,0
22/5/2022,Kedah,,0,1.088090231,4.857362209,,0,0,0
23/5/2022,Kedah,,0,1.865839892,4.721250619,,0,0,0
24/5/2022,Kedah,,0,1.244286005,4.854958126,,0,0,0
25/5/2022,Kedah,,0,1.555950421,3.775431916,,0,0,0
26/5/2022,Kedah,,0,0.311358191,2.830673175,,0,0.155679096,0
27/5/2022,Kedah,,0,1.245721724,3.234653926,,0,0,0
28/5/2022,Kedah,,0,1.557431049,1.886731426,,0,0,0
29/5/2022,Kedah,,0,1.869056983,2.694687827,,0,0,0
30/5/2022,Kedah,,0,1.0905822,2.694157853,,0,0,0
31/5/2022,Kedah,,0,0.779188802,3.097718194,,0,0,0
1/6/2022,Kedah,,0,1.558647219,4.30853993,,0,0.155864722,0
2/6/2022,Kedah,,0,0.779572701,2.422999108,,0,0,0
3/6/2022,Kedah,,0,0.935611235,2.961248031,,0,0,0.134602183
4/6/2022,Kedah,,0,0.311897648,2.82653932,,0,0,0
5/6/2022,Kedah,,0,0.935939613,3.095112817,,0,0,0
6/6/2022,Kedah,,7.276961141,1.404218272,2.960124433,,0,0,0.134551111
7/6/2022,Kedah,,0,2.496898384,3.901273564,,0,0,0.134526675
8/6/2022,Kedah,,7.284382284,0.780428112,4.035295384,,0,0,0
9/6/2022,Kedah,,14.56876457,1.248991049,4.03475267,,0,0,0
10/6/2022,Kedah,,0,0.780670596,2.420731141,,0,0,0
11/6/2022,Kedah,,0,0.936839821,2.824083787,,0,0,0
12/6/2022,Kedah,,0,2.030257077,2.823734429,,0,0,0
13/6/2022,Kedah,,0,1.093387815,5.378498377,,0,0,0
14/6/2022,Kedah,,0,3.124585016,8.738720329,,0,0,0
15/6/2022,Kedah,,7.286505392,1.093753418,4.301711275,,0,0,0
16/6/2022,Kedah,,0,0.781359879,1.075271708,,0,0,0
17/6/2022,Kedah,,0,1.093965374,2.150442252,,0,0,0
18/6/2022,Kedah,,0,1.094006408,2.28475277,,0,0,0
19/6/2022,Kedah,,0,0.3126143,2.822038237,,0,0,0
20/6/2022,Kedah,,0,0.781529641,5.777915731,,0,0,0
21/6/2022,Kedah,,0,1.406957876,3.895561344,,0,0,0
22/6/2022,Kedah,,0,1.094415199,4.163834811,,0,0,0
23/6/2022,Kedah,,0,1.407316482,3.894525506,,0,0,0
24/6/2022,Kedah,,0,0.781877946,2.014323181,,0,0.156375589,0
25/6/2022,Kedah,,0,0.781913405,2.82001837,,0,0,0
26/6/2022,Kedah,,0,2.346004364,3.759928561,,0,0,0
27/6/2022,Kedah,,0,2.033413679,3.893704551,,0,0,0
28/6/2022,Kedah,,0,1.564614675,4.296045893,,0,0,0
29/6/2022,Kedah,,0,2.190686765,4.295647972,,0,0,0
30/6/2022,Kedah,,0,1.56506279,4.295065641,,0,0,0
1/7/2022,Kedah,,0,1.878160592,3.355371413,,0,0.156513383,0
2/7/2022,Kedah,,0,0.782573038,1.878944946,,0,0,0
3/7/2022,Kedah,,0,2.034750407,4.428537496,,0,0,0
4/7/2022,Kedah,,0,2.504649255,5.770301733,,0,0,0
5/7/2022,Kedah,,0,2.504911976,4.830645616,,0,0,0
6/7/2022,Kedah,,0,2.348590298,4.2930892,,0,0,0
7/7/2022,Kedah,,0,1.409326295,4.828896114,,0,0,0
8/7/2022,Kedah,,0,0.939584704,3.353310119,,0,0,0
9/7/2022,Kedah,,0,1.566018648,3.353139209,,0,0,0
10/7/2022,Kedah,,0,0.783087809,3.486862575,,0,0,0.134110099
11/7/2022,Kedah,,0,1.879481388,3.218439513,,0,0,0
12/7/2022,Kedah,,0,1.566337527,6.57011723,,0,0.156633753,0
13/7/2022,Kedah,,7.280669822,3.446568784,9.787293947,,0,0.156662217,0
14/7/2022,Kedah,,0,2.820445724,5.898036356,,0,0,0
15/7/2022,Kedah,,7.286505392,3.760700368,8.176647762,,0,0,0.134043406
16/7/2022,Kedah,,7.289161018,3.60419089,7.104071974,,0,0,0
17/7/2022,Kedah,,0,4.231530545,7.640228349,,0,0,0
18/7/2022,Kedah,,7.295010213,3.761608087,10.58906003,,0,0,0
19/7/2022,Kedah,,0,3.291587642,9.381919165,,0,0,0.134027417
20/7/2022,Kedah,,0,3.448465041,9.381277918,,0,0.156748411,0
21/7/2022,Kedah,,0,3.762764001,10.3179676,,0,0,0.133999579
22/7/2022,Kedah,,0,3.292475283,8.575639823,,0,0,0
23/7/2022,Kedah,,7.299270073,3.135793991,8.039220678,,0,0,0
24/7/2022,Kedah,,0,4.703690986,11.1189852,,0,0,0
25/7/2022,Kedah,,0,3.91975478,12.18803323,,0,0,0
26/7/2022,Kedah,,7.301935013,3.606502367,13.79373149,,0,0,0.133919723
27/7/2022,Kedah,,14.61027102,4.861280995,12.05114506,,0,0,0
28/7/2022,Kedah,,0,5.959849435,10.57644291,,0,0.156838143,0.133879024
29/7/2022,Kedah,,0,4.234789264,8.433994621,,0,0,0
30/7/2022,Kedah,,0,2.50965039,7.095027858,,0,0,0
31/7/2022,Kedah,,0,4.54955485,10.84193661,,0,0,0
1/8/2022,Kedah,,7.325470661,5.805861409,13.65112802,,0,0,0
2/8/2022,Kedah,,7.326544069,4.551111334,11.64223804,,0,0,0
3/8/2022,Kedah,,14.64879514,6.12044086,8.964385966,,0,0.156934381,0.133796805
4/8/2022,Kedah,,7.318501171,4.551889976,9.898870994,,0,0,0
5/8/2022,Kedah,,14.64128843,2.511505836,5.484318861,,0,0,0.133763875
6/8/2022,Kedah,,7.319572537,4.866180049,8.159258016,,0,0,0
7/8/2022,Kedah,,0,3.767897513,10.56590449,,0,0,0
8/8/2022,Kedah,,0,6.280647598,12.43694602,,0,0,0
9/8/2022,Kedah,,7.337295473,3.297516028,12.43609785,,0,0,0
10/8/2022,Kedah,,0,4.86815161,8.423225641,,0,0,0
11/8/2022,Kedah,,0,3.769738113,8.555360535,,0,0,0
12/8/2022,Kedah,,0,3.769868384,8.956177557,,0,0.314155699,0.133674292
13/8/2022,Kedah,,0,3.927118956,5.346843023,,0,0,0
14/8/2022,Kedah,,7.335142669,5.969820984,10.69239971,,0,0,0
15/8/2022,Kedah,,0,2.513908987,10.42432342,,0,0,0
16/8/2022,Kedah,,7.336757153,0.942791417,3.073366606,,0,0.157131903,0
17/8/2022,Kedah,,0,2.671645356,8.283941446,,0,0,0
18/8/2022,Kedah,,0,2.515003568,7.614182684,,0,0,0.133582152
19/8/2022,Kedah,,7.333528894,3.458227753,6.812380366,,0,0.157192171,0
20/8/2022,Kedah,,0,2.515126126,3.873561606,,0,0.157195383,0
21/8/2022,Kedah,,7.335680751,4.873677425,6.410478996,,0,0,0
22/8/2022,Kedah,,7.335142669,4.402190404,7.211085843,,0,0,0
23/8/2022,Kedah,,0,3.773869726,9.881145839,,0,0,0
24/8/2022,Kedah,,0,3.45974508,9.74661472,,0,0,0
25/8/2022,Kedah,,0,2.831404046,5.339676869,,0,0,0
26/8/2022,Kedah,,0,2.831542121,7.608846552,,0,0,0
27/8/2022,Kedah,,0,2.517029276,4.939036274,,0,0,0
28/8/2022,Kedah,,0,3.461470684,6.273383369,,0,0,0
29/8/2022,Kedah,,7.32976618,4.091292471,8.00730266,,0,0.157357403,0
30/8/2022,Kedah,,0,3.619448081,5.204343892,,0,0,0
31/8/2022,Kedah,,0,2.675315805,3.469289449,,0,0.157371518,0
1/9/2022,Kedah,,7.33406674,3.305446904,6.937542109,,0,0,0
2/9/2022,Kedah,,7.333528894,1.888880319,4.535946038,,0,0,0
3/9/2022,Kedah,,7.333528894,1.416660239,4.268920657,,0,0,0
4/9/2022,Kedah,,0,2.991009655,6.002465012,,0,0,0
5/9/2022,Kedah,,7.335680751,4.565972796,9.336383219,,0,0,0
6/9/2022,Kedah,,7.335680751,4.566389796,7.868649566,,0,0,0
7/9/2022,Kedah,,0,1.259792922,2.267225916,,0,0,0
8/9/2022,Kedah,,0,2.677477375,7.201123375,,0,0,0
9/9/2022,Kedah,,0,1.575038785,4.26721856,,0,0,0
10/9/2022,Kedah,,0,2.835221643,6.134020344,,0,0,0.133348268
11/9/2022,Kedah,,0,3.30818587,6.666862228,,0,0,0
12/9/2022,Kedah,,7.220737959,2.993394052,8.399686412,,0,0,0
13/9/2022,Kedah,,7.219174126,4.726806349,6.532706194,,0,0,0.133320535
14/9/2022,Kedah,,0,1.575607081,5.465806713,,0,0.157560708,0.133312359
15/9/2022,Kedah,,0,2.678785281,3.732228594,,0,0,0
16/9/2022,Kedah,,0,1.733383549,3.598872353,,0,0,0.266583137
17/9/2022,Kedah,,0,1.418243018,3.9986831,,0,0.157582558,0
18/9/2022,Kedah,,0,3.782338998,5.464429893,,0,0,0
19/9/2022,Kedah,,7.242702977,3.940228313,7.863091581,,0,0,0
20/9/2022,Kedah,,0,3.152346607,6.529929064,,0,0,0
21/9/2022,Kedah,,0,2.679638217,5.19708963,,0,0,0
22/9/2022,Kedah,,0,2.522390154,5.596112567,,0,0,0
23/9/2022,Kedah,,0,1.576526156,3.863925855,,0,0,0
24/9/2022,Kedah,,0,2.364830245,3.464140154,,0,0.15765535,0
25/9/2022,Kedah,,14.47178003,2.680386039,5.462595212,,0,0,0.13323403
26/9/2022,Kedah,,0,3.311237394,3.99675996,,0,0,0
27/9/2022,Kedah,,7.238508867,2.68071572,5.861500731,,0,0,0
28/9/2022,Kedah,,0,2.995990104,3.863071435,,0,0,0
29/9/2022,Kedah,,0,1.892469862,5.194666809,,0,0,0
30/9/2022,Kedah,,0,1.892499708,2.663878474,,0,0,0
1/10/2022,Kedah,,0,1.577115424,2.264218292,,0,0,0
2/10/2022,Kedah,,0,3.469681294,4.394802414,,0,0,0
3/10/2022,Kedah,,0,1.892696714,6.392184489,,0,0,0
4/10/2022,Kedah,,0,2.20828897,5.459809146,,0,0,0
5/10/2022,Kedah,,0,1.73518546,5.193131218,,0,0,0
6/10/2022,Kedah,,0,1.893129675,4.926318256,,0,0,0
7/10/2022,Kedah,,7.231703789,2.524220686,5.192584989,,0,0.157763793,0
8/10/2022,Kedah,,0,0.946615613,3.59480431,,0,0,0.1331409
9/10/2022,Kedah,,0,1.735667333,1.597612102,,0,0,0
10/10/2022,Kedah,,0,2.366904988,5.192128733,,0,0,0
11/10/2022,Kedah,,0,2.681976017,6.523061686,,0,0,0.133123708
12/10/2022,Kedah,,0,3.944343732,5.191617269,,0,0,0
13/10/2022,Kedah,,14.45922499,1.893485149,3.727022242,,0,0,0
14/10/2022,Kedah,,0,1.262317457,3.593871252,,0,0,0
15/10/2022,Kedah,,0,2.209097379,3.194505451,,0,0,0
16/10/2022,Kedah,,0,2.524810205,3.593766014,,0,0,0
17/10/2022,Kedah,,21.68413444,3.156077501,6.920783646,,0,0,0
18/10/2022,Kedah,,0,2.998453429,5.722742445,,0,0.157813338,0
19/10/2022,Kedah,,0,3.629855721,5.98859771,,0,0,0
20/10/2022,Kedah,,0,2.367510184,5.056587203,,0,0,0
21/10/2022,Kedah,,28.93518519,2.051868068,5.189551703,,0,0,0
22/10/2022,Kedah,,0,2.525407972,3.326569309,,0,0,0
23/10/2022,Kedah,,7.233273056,2.36761108,3.725549419,,0,0,0
24/10/2022,Kedah,,0,0.947132635,3.32623736,,0,0,0
25/10/2022,Kedah,,0,4.577995627,6.519095628,,0,0,0
26/10/2022,Kedah,,0,1.894459653,6.119763777,,0,0,0
27/10/2022,Kedah,,0,2.526201446,3.99093791,,0,0,0
28/10/2022,Kedah,,0,2.684152605,6.252461075,,0,0,0
29/10/2022,Kedah,,7.255314518,2.210523989,6.119299739,,0,0,0.133028255
30/10/2022,Kedah,,0,3.158090871,6.385152392,,0,0,0
31/10/2022,Kedah,,0,4.737375683,8.247433651,,0,0,0
1/11/2022,Kedah,,0,4.579701814,10.10958255,,0,0,0
2/11/2022,Kedah,,0,3.948168445,12.63674286,,0,0.157926738,0
3/11/2022,Kedah,,0,5.369738052,10.37494796,,0,0,0
4/11/2022,Kedah,,7.252683493,5.527680254,8.246676722,,0,0,0
5/11/2022,Kedah,,7.252157517,3.948442813,7.714550973,,0,0,0
6/11/2022,Kedah,,0,4.422409613,11.17233729,,0,0.315886401,0
7/11/2022,Kedah,,0,4.89604589,10.77286674,,0,0,0.132998355
8/11/2022,Kedah,,43.51925727,7.738691245,15.42739879,,0,0,0
9/11/2022,Kedah,,0,3.632343651,14.36319193,,0,0.157927985,0
10/11/2022,Kedah,,7.244801855,4.264271094,11.17074754,,0,0,0
11/11/2022,Kedah,,0,3.474624188,9.042913946,,0,0,0
12/11/2022,Kedah,,0,4.422304842,8.909799583,,0,0,0
13/11/2022,Kedah,,7.232226803,3.948661088,7.579706599,,0,0,0
14/11/2022,Kedah,,7.231703789,8.055650328,16.88766908,,0,0,0
15/11/2022,Kedah,,0,9.319561444,13.03084054,,0,0,0
16/11/2022,Kedah,,7.229612493,6.476417941,12.76476924,,0,0,0
17/11/2022,Kedah,,,,,,0,0,0
18/11/2022,Kedah,,,,,,0,0,0
19/11/2022,Kedah,,,,,,0,0,0.132951673
20/11/2022,Kedah,,,,,,0,0,0
21/11/2022,Kedah,,,,,,0,0,0.132942129
22/11/2022,Kedah,,,,,,0,0,0
23/11/2022,Kedah,,,,,,0,0,0
24/5/2021,Kelantan,,24.57347469,27.00594131,,,0,0,
25/5/2021,Kelantan,,25.89080553,38.19036428,,,0,0,
26/5/2021,Kelantan,,35.88946046,32.20423339,,,2.990788372,0,
27/5/2021,Kelantan,,50.71599045,76.11909711,,,0,0,
28/5/2021,Kelantan,,24.31980544,73.19143953,,,0,0,
29/5/2021,Kelantan,,21.26754573,32.20423339,,,0,0,
30/5/2021,Kelantan,,45.65098302,20.30103535,,,0,0,
31/5/2021,Kelantan,,57.60534578,27.43860612,,,0,0,
1/6/2021,Kelantan,,34.62511653,20.47764098,,,0,0,
2/6/2021,Kelantan,,18.8036197,19.36858416,,,0,0,
3/6/2021,Kelantan,,17.6883316,11.93887297,,,0,0,
4/6/2021,Kelantan,,18.454518,19.10219675,,,0,0,
5/6/2021,Kelantan,,19.97702642,21.48997135,,,0,0,
6/6/2021,Kelantan,,23.01647322,16.56804734,,,0,0,
7/6/2021,Kelantan,,11.90759705,6.890057647,,,0,0,
8/6/2021,Kelantan,,7.436271156,6.66888963,,,0,0,
9/6/2021,Kelantan,,11.15231271,8.89185284,,,0,0,
10/6/2021,Kelantan,,14.29053966,18.50785556,,,0,0,
11/6/2021,Kelantan,,21.13954587,6.169285185,,,0,0,
12/6/2021,Kelantan,,8.64902266,6.16168255,,,0,0,
13/6/2021,Kelantan,,17.27200947,5.934718101,,,0,1.978239367,
14/6/2021,Kelantan,,8.419634588,13.21253303,,,1.202804941,0,
15/6/2021,Kelantan,,16.21552753,7.256894049,,,1.158251966,0,
16/6/2021,Kelantan,,11.08315693,7.234057945,,,2.216631385,0,
17/6/2021,Kelantan,,13.87429885,7.190881962,,,0,0,
18/6/2021,Kelantan,,13.14356529,14.38176392,,,0,0,
19/6/2021,Kelantan,,7.481040239,1.797558915,,,0,0,
20/6/2021,Kelantan,,17.67721407,16.05165064,,,0.930379688,0,
21/6/2021,Kelantan,,5.528781917,5.329543436,,,0,0,
22/6/2021,Kelantan,,2.768319353,6.774608766,,,0.922773118,0,
23/6/2021,Kelantan,,9.493881194,11.30217163,,,0.949388119,0,
24/6/2021,Kelantan,,2.994520028,0,,,0,0,
25/6/2021,Kelantan,,2.133538153,4.572055596,,,0,0,
26/6/2021,Kelantan,,13.8931934,7.618235007,,,0,0,
27/6/2021,Kelantan,,8.525966898,0,,,0,0,
28/6/2021,Kelantan,,16.91761123,4.146280786,,,0,0,
29/6/2021,Kelantan,,12.85470964,3.917983544,,,0,0,
30/6/2021,Kelantan,,8.974948675,1.290239339,,,1.121868584,0,
1/7/2021,Kelantan,,11.77246186,2.48342315,,,0,0,
2/7/2021,Kelantan,,4.908758452,1.241511167,,,0,0,
3/7/2021,Kelantan,,8.5732832,3.724348549,,,1.224754743,0,
4/7/2021,Kelantan,,3.666137114,4.746760336,,,0,0,
5/7/2021,Kelantan,,6.102174815,1.119570085,,,0,0,
6/7/2021,Kelantan,,8.598980407,5.186775796,,,0,0,
7/7/2021,Kelantan,,7.506286515,1.913582609,,,0,0,
8/7/2021,Kelantan,,12.1838956,4.422626155,,,0,0,
9/7/2021,Kelantan,,8.498463195,3.523732337,,,0,0,
10/7/2021,Kelantan,,4.274174016,6.131100445,,,0,0,
11/7/2021,Kelantan,,14.22131206,2.474696231,,,0,0,
12/7/2021,Kelantan,,19.32793992,9.014693951,,,0,0,
13/7/2021,Kelantan,,28.36916014,10.86366105,,,0,0,
14/7/2021,Kelantan,,16.31891829,10.96595437,,,0,0,
15/7/2021,Kelantan,,8.300218918,4.185793417,,,1.037527365,0,
16/7/2021,Kelantan,,24.54969495,4.868481451,,,0,0,
17/7/2021,Kelantan,,8.082622362,4.860773557,,,0,0,
18/7/2021,Kelantan,,23.14196707,11.39708101,,,0,0,
19/7/2021,Kelantan,,10.40557739,12.200917,,,0,0,
20/7/2021,Kelantan,,19.79775828,15.2409286,,,0,0,
21/7/2021,Kelantan,,9.895036497,6.836399269,,,0,0,
22/7/2021,Kelantan,,18.95547737,13.00820059,,,0,0,
23/7/2021,Kelantan,,27.01434604,23.25229278,,,0,0,
24/7/2021,Kelantan,,15.64277588,10.78318255,,,0.711035267,0,
25/7/2021,Kelantan,,20.63675049,17.36275531,,,0,0,
26/7/2021,Kelantan,,37.09963313,24.13585921,,,0.687030243,0.513528919,
27/7/2021,Kelantan,,34.38351629,32.69634153,,,0.636731783,0,
28/7/2021,Kelantan,,32.87703987,19.80894275,,,0,0,
29/7/2021,Kelantan,,23.82680682,16.6620111,,,0.554111787,0,
30/7/2021,Kelantan,,36.30856052,30.81166735,,,0.518693722,0.489074085,
31/7/2021,Kelantan,,25.62880267,20.48200997,,,1.025152107,0.487666904,
1/8/2021,Kelantan,,34.39902873,24.64029994,,,0,0,
2/8/2021,Kelantan,,60.46120563,39.5193692,,,1.417059507,0,
3/8/2021,Kelantan,,60.59436338,47.51577194,,,0,0,
4/8/2021,Kelantan,,55.06868528,45.03997298,,,0.430224104,0,
5/8/2021,Kelantan,,77.15019684,38.81126636,,,0,0,
6/8/2021,Kelantan,,72.51691037,45.10766002,,,0,0,
7/8/2021,Kelantan,,93.26116792,41.3388268,,,0.814508017,0,
8/8/2021,Kelantan,,63.79673805,35.1955805,,,0.396253031,0,
9/8/2021,Kelantan,,98.74085343,52.48706259,,,0,0,
10/8/2021,Kelantan,,49.02945786,20.15341789,,,0.803761604,0.419862873,
11/8/2021,Kelantan,,102.8166993,53.60218992,,,1.594057354,0.409177022,
12/8/2021,Kelantan,,101.3246434,60.62273911,,,0.37115254,0,
13/8/2021,Kelantan,,80.89270082,48.2542721,,,0.738746126,0,
14/8/2021,Kelantan,,91.53149163,44.14940796,,,0.369078595,0,
15/8/2021,Kelantan,,96.17935792,59.05641831,,,0.737006574,0.388529068,
16/8/2021,Kelantan,,112.4233351,48.59413431,,,0.742068218,0,
17/8/2021,Kelantan,,109.4607538,51.64381547,,,0.380072062,0.358637607,
18/8/2021,Kelantan,,100.1067286,65.06180872,,,0.389520345,0.342430572,
19/8/2021,Kelantan,,86.25773812,59.92938755,,,0.401198782,0.325703193,
20/8/2021,Kelantan,,85.66285253,59.27336682,,,0,0.647796359,
21/8/2021,Kelantan,,69.0722679,44.22307799,,,0.832195999,0.32279619,
22/8/2021,Kelantan,,100.5981168,64.91659763,,,0.420912623,0.309126655,
23/8/2021,Kelantan,,121.2563784,79.18434174,,,0.901534412,0.297685495,
24/8/2021,Kelantan,,121.6942924,65.17469198,,,0.962010217,0,
25/8/2021,Kelantan,,135.4766036,69.62220326,,,1.01480602,0.592529389,
26/8/2021,Kelantan,,104.9907346,56.96863862,,,2.099814691,1.145098264,
27/8/2021,Kelantan,,143.379298,61.69436725,,,1.086206803,0.285622071,
28/8/2021,Kelantan,,150.1718158,61.35967328,,,0.534419273,0,
29/8/2021,Kelantan,,142.8526079,77.11016528,,,0.529083733,0.276380521,
30/8/2021,Kelantan,,159.8692625,87.41166404,,,1.015042936,0,
31/8/2021,Kelantan,,150.8397064,74.31523816,,,0.480381231,0,
1/9/2021,Kelantan,,107.7460426,67.87865905,,,0.448941844,0.241561064,
2/9/2021,Kelantan,,126.8373424,69.64706753,,,1.799111239,0.231385606,
3/9/2021,Kelantan,,131.7799275,66.98571202,,,0.427856908,0.23019145,
4/9/2021,Kelantan,,108.84365,60.49137256,,,1.65541673,0.22826933,
5/9/2021,Kelantan,,113.1390589,74.06274578,,,0.785687909,0.436948353,
6/9/2021,Kelantan,,129.1546347,85.31745202,,,1.156608669,0.627334206,
7/9/2021,Kelantan,,124.8251696,78.81532346,,,0.751958853,0,
8/9/2021,Kelantan,,109.5318338,78.34465085,,,0.366327203,0.578901361,
9/9/2021,Kelantan,,126.6530215,70.48618731,,,1.451610562,0,
10/9/2021,Kelantan,,132.0595167,74.72998245,,,0.359835195,0.554925612,
11/9/2021,Kelantan,,98.8381188,57.61492445,,,0.711065603,0.364651421,
12/9/2021,Kelantan,,102.5749113,57.06751678,,,1.756419714,0.536685111,
13/9/2021,Kelantan,,146.4246525,77.1391204,,,0.698924355,0.175316183,
14/9/2021,Kelantan,,109.9312754,69.09193951,,,1.05029881,0.524748908,
15/9/2021,Kelantan,,116.6607981,62.43580871,,,1.067019494,0.338405467,
16/9/2021,Kelantan,,73.32180612,52.26914461,,,0.72957021,0.331867585,
17/9/2021,Kelantan,,109.8104753,74.43510552,,,0.73946448,0.99467847,
18/9/2021,Kelantan,,99.03488061,73.35202182,0,,0.376558481,0.331160369,0
19/9/2021,Kelantan,,88.414244,60.38755755,0,,1.163345316,0.32641923,0
20/9/2021,Kelantan,,139.0062303,83.43005218,0,,2.913304228,0,0
21/9/2021,Kelantan,,138.5895365,90.40031031,0,,0.899932055,0,0
22/9/2021,Kelantan,,100.0701914,69.05173113,0,,0.94853262,0.155872982,0
23/9/2021,Kelantan,,99.70243449,70.81271803,0,,1.027860149,0.153606764,0
24/9/2021,Kelantan,,113.6324703,74.75688661,0,,0.571017439,0.614019603,0
25/9/2021,Kelantan,,94.47190798,64.56540276,0,,0.594162943,0,0
26/9/2021,Kelantan,,97.79888175,51.6884907,0,,1.930241087,0.152473424,0
27/9/2021,Kelantan,,109.7838846,82.25002192,0,,1.380929365,0,0
28/9/2021,Kelantan,,155.3134542,94.40845804,0,,0,0.893455439,0
29/9/2021,Kelantan,,88.13858097,56.09794936,0,,0.847486355,0.438265229,0
30/9/2021,Kelantan,,181.6675766,93.55647857,0,,4.706413901,0.14482427,0
1/10/2021,Kelantan,,61.76910916,54.11410756,0,,1.046934054,0.143538747,0
2/10/2021,Kelantan,,112.235868,67.55321409,0,,3.237573115,0.424862982,0
3/10/2021,Kelantan,,73.98273736,55.37144321,0,,1.120950566,0.550959634,0
4/10/2021,Kelantan,,138.6213054,102.840569,0,,1.174756825,0.133906991,0
5/10/2021,Kelantan,,90.87740265,62.56136205,0,,1.244895927,0.262862866,0
6/10/2021,Kelantan,,151.3855065,88.90622254,0,,2.632791417,0.51316723,0
7/10/2021,Kelantan,,93.101989,63.65038714,0,,1.410636197,0.499218723,0
8/10/2021,Kelantan,,95.21199094,65.4130606,0,,2.885211847,0.494616715,0
9/10/2021,Kelantan,,61.10779706,45.34562974,0,,0,0.121570053,0
10/10/2021,Kelantan,,76.35605415,65.71670713,0,,0,0.598512815,0
11/10/2021,Kelantan,,104.7169516,71.11203206,0,,1.562939577,0.235470305,0
12/10/2021,Kelantan,,69.04565433,62.73011149,0,,1.68404035,0.231050134,0
13/10/2021,Kelantan,,89.72472455,62.69435535,0,,0,0.227565718,0
14/10/2021,Kelantan,,53.48921619,51.39259341,0,,1.91032915,0.224421805,0
15/10/2021,Kelantan,,64.85741503,44.05212462,0,,0,0.447229692,0
16/10/2021,Kelantan,,36.76770978,38.40433869,0,,0,0.111316924,0
17/10/2021,Kelantan,,72.27074687,46.14322325,0,,0,0.221310423,0
18/10/2021,Kelantan,,63.94134447,44.83181477,0,,0,0.329645697,0
19/10/2021,Kelantan,,51.3599214,29.05017927,0,,0,0.218422401,0
20/10/2021,Kelantan,,53.71771342,41.20907424,0,,2.238238059,0.216889864,0
21/10/2021,Kelantan,,51.90882922,45.51690883,0,,0,0.432464692,0
22/10/2021,Kelantan,,26.93042158,33.37657526,0,,2.448220144,0.756103647,0
23/10/2021,Kelantan,,41.72803142,32.158123,0,,4.909180167,0,0
24/10/2021,Kelantan,,46.81417237,44.11632111,0,,2.463903809,0.107338981,0
25/10/2021,Kelantan,,70.29968495,45.13266122,52.54860746,,0,0.106696599,0
26/10/2021,Kelantan,,33.028735,40.56075779,0,,0,0.318539983,0
27/10/2021,Kelantan,,37.62009492,38.04986011,143.3178072,,2.893853455,0.211388112,0
28/10/2021,Kelantan,,45.82391397,36.73235689,169.286578,,0,0.210500613,0
29/10/2021,Kelantan,,24.5934397,25.66162829,23.95209581,,0,0.210341216,0
30/10/2021,Kelantan,,12.36590719,26.48291169,23.75296912,,0,0.420363678,0
31/10/2021,Kelantan,,37.06449222,38.38574316,61.17455139,,0,0.209758159,0
1/11/2021,Kelantan,,45.29571632,48.36268243,65.97394029,,0,0.837449046,0
2/11/2021,Kelantan,,24.02031432,38.39880137,97.83368274,,0,0.104628887,0
3/11/2021,Kelantan,,28.39195088,35.69419468,11.89060642,,0,0.208737981,0
4/11/2021,Kelantan,,10.93573433,30.64210851,56.11672278,,3.645244778,0.208449718,0
5/11/2021,Kelantan,,18.41349341,22.815756,34.83713639,,0,0.312544603,0
6/11/2021,Kelantan,,14.82469795,32.49346746,76.39419404,,0,0.520728645,0
7/11/2021,Kelantan,,18.52263466,56.00087274,24.10994133,,0,0.311693169,0
8/11/2021,Kelantan,,48.7951355,56.52512568,112.6760563,,0,0.311147481,0
9/11/2021,Kelantan,,57.67234419,53.12027237,36.24501631,,0,0.207096578,0
10/11/2021,Kelantan,,35.04263521,49.32761395,30.11292346,,0,0.103412189,0
11/11/2021,Kelantan,,19.89178867,33.95114761,24.44509631,,0,0.414038385,0
12/11/2021,Kelantan,,8.040524242,26.51201326,18.63064741,,0,0.414250207,0
13/11/2021,Kelantan,,20.21590587,36.97592836,9.048545446,,0,0.414296116,0
14/11/2021,Kelantan,,32.24116391,55.33776725,49.66065221,,4.030145488,0.310305237,0
15/11/2021,Kelantan,,20.34339653,50.76257589,68.37483806,,0,0,0
16/11/2021,Kelantan,,24.80774001,55.6759453,54.69129801,,0,0.103486887,0
17/11/2021,Kelantan,,29.45632048,48.33463332,63.86885595,,0,0.311167167,0
18/11/2021,Kelantan,,17.13649216,53.31253384,65.60851901,,0,0.207441766,0
19/11/2021,Kelantan,,13.17812431,36.95276689,55.41367513,,0,0.311399721,0
20/11/2021,Kelantan,,8.774623788,35.30552781,22.94367328,,0,0.519198938,0
21/11/2021,Kelantan,,26.36783125,50.83825948,28.15742165,,0,0.415854883,0
22/11/2021,Kelantan,,22.19263205,41.49001269,46.46276918,,0,0.104246263,0
23/11/2021,Kelantan,,13.43664621,37.28447531,26.17018095,,0,0.314195017,0
24/11/2021,Kelantan,,22.71281912,37.85285963,22.6567674,,0,0.315440497,0
25/11/2021,Kelantan,,9.180207473,34.54213245,21.10115569,,0,0.421245518,0
26/11/2021,Kelantan,,23.33068919,30.48555365,20.71383047,,0,0.21097269,0
27/11/2021,Kelantan,,18.75029297,23.35651018,6.281111129,,4.687573243,0.317056699,0
28/11/2021,Kelantan,,23.68770135,33.24524402,16.90954928,,0,0.211753147,0
29/11/2021,Kelantan,,33.71544167,41.29950101,24.98052988,,0,0.212336766,0
30/11/2021,Kelantan,,34.18803419,50.28423376,33.55845463,,0,0.213068787,0
1/12/2021,Kelantan,,14.77759716,45.75117986,22.83289011,,0,0,0
2/12/2021,Kelantan,,19.84717674,37.9722395,14.24187889,,0,0.214532427,0
3/12/2021,Kelantan,,20.0672252,27.70481699,25.58428102,,0,0.536915058,0
4/12/2021,Kelantan,,20.16230657,29.3366689,15.23925632,,0,0,0
5/12/2021,Kelantan,,20.4154545,42.27060934,16.28970616,,0,0.107558802,0
6/12/2021,Kelantan,,5.203996669,43.14021973,26.79724232,,0,0.431402197,0
7/12/2021,Kelantan,,0,34.72943498,17.81980612,,0,0.216382772,0
8/12/2021,Kelantan,,10.69061364,34.49925631,20.77466414,,0,0.108488227,0
9/12/2021,Kelantan,,16.14465612,31.64718715,17.84260591,,0,0.217506441,0
10/12/2021,Kelantan,,10.93972213,25.7973223,7.720048967,,0,0.108849461,0
11/12/2021,Kelantan,,0,20.25270145,10.95902421,,0,0.217770983,0
12/12/2021,Kelantan,,5.567928731,35.84596477,12.98321919,,0,0.326862901,0
13/12/2021,Kelantan,,16.86340641,28.92990992,17.01584601,,0,0.109169471,0
14/12/2021,Kelantan,,0,8.749987695,10.43743281,,0,0.109374846,0
15/12/2021,Kelantan,,11.41291942,10.52331572,10.23572884,,0,0.109617872,0
16/12/2021,Kelantan,,28.68288206,38.36889327,17.98561151,,0,0,0
17/12/2021,Kelantan,,23.12539747,28.50253827,17.87168133,,0,0.330145231,0
18/12/2021,Kelantan,,0,14.31104956,9.877616334,,0,0.110084997,0
19/12/2021,Kelantan,,5.790723261,18.06760368,11.70720286,,0,0.110168315,0
20/12/2021,Kelantan,,23.22475759,32.10202044,19.06904903,,0,0.110316221,0
21/12/2021,Kelantan,,11.68565586,24.41743427,17.55780213,,0,0.110486128,0
22/12/2021,Kelantan,,23.52249338,28.88772305,12.53469424,,0,0.221361862,0
23/12/2021,Kelantan,,5.909117769,28.28346017,25.13499224,,0,0.33274659,0
24/12/2021,Kelantan,,5.95167242,17.86671431,20.60191941,,0,0,0
25/12/2021,Kelantan,,5.95167242,23.31219694,14.48213586,,5.95167242,0.111010462,0
26/12/2021,Kelantan,,0,28.89441093,19.07937851,,0,0.11113235,0
27/12/2021,Kelantan,,0,19.60491638,16.84311838,,0,0,0
28/12/2021,Kelantan,,6.013229104,36.21604885,25.50054478,,0,0.111777929,0
29/12/2021,Kelantan,,0,28.15937533,23.84021099,,0,0,0
30/12/2021,Kelantan,,18.23043267,27.14067881,24.55316844,,0,0,0
31/12/2021,Kelantan,,30.58103976,21.08534264,20.05931827,,0,0.112755843,0
1/1/2022,Kelantan,,12.22718102,18.84818408,12.1176697,,0,0,0
2/1/2022,Kelantan,,0,17.21433546,22.66497624,,0,0,0
3/1/2022,Kelantan,,6.12257393,30.26031837,21.48331924,,0,0.113760595,0
4/1/2022,Kelantan,,12.28350326,21.72652706,14.21512218,,0,0,0
5/1/2022,Kelantan,,0,23.10528076,17.77180996,,0,0.114951646,0
6/1/2022,Kelantan,,6.185822096,24.71479816,18.55430012,,0,0.115489711,0
7/1/2022,Kelantan,,6.222000996,20.69904969,17.82701429,,0,0.115637149,0
8/1/2022,Kelantan,,0,14.11880161,10.76508061,,0,0.231455764,0
9/1/2022,Kelantan,,0,12.39521985,11.19277693,,0,0.115843176,0
10/1/2022,Kelantan,,18.65555625,27.08058508,12.67243564,,0,0,0
11/1/2022,Kelantan,,18.71841268,14.1167796,9.931182745,,0,0.1166676,0
12/1/2022,Kelantan,,6.246486351,20.39486331,11.32361767,,0,0.117211858,0
13/1/2022,Kelantan,,12.52661907,18.84647777,8.225172317,,0,0,0
14/1/2022,Kelantan,,0,16.15156535,4.898465692,,0,0.117894638,0
15/1/2022,Kelantan,,12.54154386,11.09257105,5.948325276,,0,0.118006075,0
16/1/2022,Kelantan,,0,10.89251104,9.040437344,,0,0,0
17/1/2022,Kelantan,,0,21.0751669,14.57794253,,0,0,0
18/1/2022,Kelantan,,6.286540517,20.97028929,15.24769887,,0,0,0
19/1/2022,Kelantan,,37.73347588,19.29612558,14.83826293,,0,0,0
20/1/2022,Kelantan,,6.302388605,20.76290943,26.89424319,,0,0,0
21/1/2022,Kelantan,,12.63344072,24.68859533,29.49754266,,0,0,0
22/1/2022,Kelantan,,6.319914049,11.08309888,8.931719356,,0,0,0
23/1/2022,Kelantan,,0,15.52195318,11.07624146,,0,0,0
24/1/2022,Kelantan,,12.69277147,26.1580783,27.17859052,,0,0.122807879,0
25/1/2022,Kelantan,,12.72912424,18.40221815,17.82729805,,0,0.12350482,0
26/1/2022,Kelantan,,12.75835672,21.50778258,24.98290643,,0,0.124322443,0
27/1/2022,Kelantan,,0,20.66612559,19.892322,,0,0,0
28/1/2022,Kelantan,,0,23.1024304,17.67370885,,0,0,0
29/1/2022,Kelantan,,6.404098623,15.8703968,15.0332019,,0,0.25191106,0
30/1/2022,Kelantan,,0,17.4676911,12.35888497,,0,0,0
31/1/2022,Kelantan,,0,32.31124635,27.45767294,,0,0,0
1/2/2022,Kelantan,,0,24.02383983,23.02334148,,0,0.127786382,0
2/2/2022,Kelantan,,12.88410745,17.71754383,13.69374155,,0,0,0
3/2/2022,Kelantan,,6.442468754,24.48778639,28.83577614,,0,0,0
4/2/2022,Kelantan,,25.80978191,44.76385454,63.70683348,,0,0,0
5/2/2022,Kelantan,,0,26.60227023,40.19177217,,0,0.129137234,0
6/2/2022,Kelantan,,19.38986556,45.68692163,73.90771744,,0,0,0
7/2/2022,Kelantan,,25.88494144,91.34742644,113.7088161,,0,0.129754867,0
8/2/2022,Kelantan,,12.95252898,101.3542964,117.1743546,,0,0,0
9/2/2022,Kelantan,,12.97185108,122.1053785,171.1760564,,0,0.130454464,0
10/2/2022,Kelantan,,12.97605917,102.6371873,120.4824132,,0,0.130748009,0
11/2/2022,Kelantan,,32.49285157,68.68814796,82.88137503,,0,0,0
12/2/2022,Kelantan,,6.50026001,78.94685162,97.60486498,,0,0.130923469,0
13/2/2022,Kelantan,,39.03454557,131.2231016,156.8489369,,0,0,0
14/2/2022,Kelantan,,32.56268317,121.3353188,174.8774066,,0,0,0
15/2/2022,Kelantan,,32.56480396,115.2197847,159.3017602,,0,0.131379458,0
16/2/2022,Kelantan,,13.03441084,124.7551565,177.902475,,0,0,0
17/2/2022,Kelantan,,65.21030323,137.0227239,186.3209378,,0,0.131626056,0
18/2/2022,Kelantan,,26.08242045,87.04641378,113.8295113,,0,0,0
19/2/2022,Kelantan,,19.56436677,108.5684772,150.5413699,,0,0,0
20/2/2022,Kelantan,,65.24008351,155.3948255,213.0649099,,0,0,0
21/2/2022,Kelantan,,65.25711303,142.800717,213.5603174,,0,0,0
22/2/2022,Kelantan,,45.70980802,123.0285959,188.5349547,,0,0.132431212,0
23/2/2022,Kelantan,,84.86747617,120.3278336,202.5280308,,0,0.265624357,0
24/2/2022,Kelantan,,13.05738722,106.5860876,186.3877312,,0,0.399697828,0.372775462
25/2/2022,Kelantan,,19.59375612,51.73912812,105.3368173,,0,0.133348268,0
26/2/2022,Kelantan,,19.59503592,65.40763641,115.866679,,0,0.133484972,0
27/2/2022,Kelantan,,45.70682338,94.54690369,183.1440967,,0,0.267459416,0
28/2/2022,Kelantan,,45.73071144,111.5169386,180.1160666,,0,0,0
1/3/2022,Kelantan,,19.60271824,119.4577773,195.4681955,,0,0.268746406,0.364000364
2/3/2022,Kelantan,,58.76591577,111.2841599,204.7249212,,0,0.269453172,0
3/3/2022,Kelantan,,19.61810097,114.2983755,196.5508723,,6.539366989,0.270208926,0
4/3/2022,Kelantan,,19.62323391,59.34284892,131.2068528,,0,0.270354665,0
5/3/2022,Kelantan,,26.15575754,80.09015554,150.0629124,,6.538939384,0.5411497,0.356443972
6/3/2022,Kelantan,,52.29783618,116.9896648,228.6998855,,0,0.135561605,0
7/3/2022,Kelantan,,32.66266005,114.8208591,209.9959481,,0,0.271765347,0.352342195
8/3/2022,Kelantan,,58.80431232,101.794971,191.8451795,,0,0.408815145,0.700164889
9/3/2022,Kelantan,,39.19007185,95.67939203,170.0366848,,0,0,0.347723282
10/3/2022,Kelantan,,26.1335424,80.89893803,153.127182,,0,0.274233688,0
11/3/2022,Kelantan,,13.06335728,42.2545259,98.04970844,,0,0.411570057,0
12/3/2022,Kelantan,,45.70980802,48.07137638,112.2887267,,0,0.13734679,0.688887894
13/3/2022,Kelantan,,13.04971943,67.84671322,141.2855614,,0,0.275240216,0.34292612
14/3/2022,Kelantan,,26.10454872,58.21701427,135.0245499,,0,0,0
15/3/2022,Kelantan,,39.17727718,49.51207099,128.7485304,,6.529546197,0.138301874,0
16/3/2022,Kelantan,,19.59503592,39.51834761,97.23764342,,6.531678641,0.277321738,0.336462434
17/3/2022,Kelantan,,39.2003136,32.93999917,90.30462761,,0,0.277974677,0
18/3/2022,Kelantan,,26.14891809,21.83148044,70.48040244,,0,0.278108031,0
19/3/2022,Kelantan,,6.537229522,22.82625186,54.69164252,,0,0,0.66697125
20/3/2022,Kelantan,,26.14549971,35.27528666,88.39441188,,0,0,0.332309819
21/3/2022,Kelantan,,26.15233737,32.14184897,68.096022,,0,0,0
22/3/2022,Kelantan,,13.07189542,26.19972315,70.35678121,,0,0.140105471,0
23/3/2022,Kelantan,,6.540650141,19.810104,53.95295302,,0,0.140497191,0.326987594
24/3/2022,Kelantan,,13.07787877,14.22539218,46.81130493,,0,0,0
25/3/2022,Kelantan,,6.544074341,12.11928192,33.4480743,,0,0,0
26/3/2022,Kelantan,,6.544074341,13.25564211,39.19802779,,0,0.141017469,0
27/3/2022,Kelantan,,13.08557969,16.38198264,53.27753722,,0,0,0
28/3/2022,Kelantan,,0,16.5597595,36.71899661,,0,0,0
29/3/2022,Kelantan,,6.570733951,12.20026018,36.93877158,,0,0,0
30/3/2022,Kelantan,,13.16395709,10.52230444,24.34929707,,0,0.142193303,0.320385488
31/3/2022,Kelantan,,0,8.410285066,23.32178958,,0,0,0
1/4/2022,Kelantan,,6.597611665,4.563585723,24.2689769,,0,0,0
2/4/2022,Kelantan,,6.594566078,5.853296405,20.72558685,,0,0,0
3/4/2022,Kelantan,,0,7.148269404,20.3449098,,0,0.142965388,0
4/4/2022,Kelantan,,13.19087192,7.871592853,17.72870023,,0,0,0
5/4/2022,Kelantan,,0,8.454090705,21.10841217,,0,0,0
6/4/2022,Kelantan,,0,5.307688115,18.8071856,,0,0,0
7/4/2022,Kelantan,,0,5.601444311,12.46451508,,0,0.143626777,0
8/4/2022,Kelantan,,19.79936642,3.160429129,5.606446167,,0,0,0
9/4/2022,Kelantan,,0,3.593761231,7.467167797,,0,0,0
10/4/2022,Kelantan,,0,7.197133813,13.98814427,,0,0,0
11/4/2022,Kelantan,,0,3.172058204,12.73446163,,0,0,0
12/4/2022,Kelantan,,6.612881894,4.767800874,7.446270504,,0,0,0
13/4/2022,Kelantan,,0,4.489103787,5.579872779,,0,0,0
14/4/2022,Kelantan,,0,0.725966516,2.786955808,,0,0,0
15/4/2022,Kelantan,,0,1.30701869,3.095639791,,0,0,0
16/4/2022,Kelantan,,0,0.871774977,2.475102021,,0,0,0
17/4/2022,Kelantan,,0,2.761676076,6.161581308,,0,0,0
18/4/2022,Kelantan,,0,3.198892602,5.535429826,,0,0,0
19/4/2022,Kelantan,,0,1.600237417,3.071592682,,0,0,0
20/4/2022,Kelantan,,0,0.436600512,2.455026975,,0,0,0
21/4/2022,Kelantan,,0,0.873623134,3.065697906,,0,0,0
22/4/2022,Kelantan,,6.619886138,1.747475262,2.758544592,,0,0,0
23/4/2022,Kelantan,,0,0.582641083,1.532008248,,0,0,0
24/4/2022,Kelantan,,6.620762712,1.605448015,3.062149384,,0,0,0
25/4/2022,Kelantan,,0,2.044977827,1.530006487,,0,0,0
26/4/2022,Kelantan,,0,1.02304332,2.447276487,,0,0,0
27/4/2022,Kelantan,,0,1.023481592,0.611224527,,0,0,0
28/4/2022,Kelantan,,0,0.877669028,3.053043579,,0,0,0
29/4/2022,Kelantan,,0,0.731457194,0.610524838,,0,0,0
30/4/2022,Kelantan,,0,0.292626971,0.610368327,,0,0,0
1/5/2022,Kelantan,,0,0.731769785,3.965663455,,0,0,0
2/5/2022,Kelantan,,0,0.292800476,0,,0,0,0
3/5/2022,Kelantan,,0,1.024947215,0,,0,0,0
4/5/2022,Kelantan,,0,0.439460635,3.349145359,,0,0,0
5/5/2022,Kelantan,,0,0.439661578,3.043148807,,0,0,0
6/5/2022,Kelantan,,0,0.293125332,1.521463283,,0,0,0
7/5/2022,Kelantan,,0,1.465796374,3.650756467,,0,0,0
8/5/2022,Kelantan,,0,1.905895668,6.692788824,,0,0,0
9/5/2022,Kelantan,,0,3.079400133,4.867482781,,0,0,0
10/5/2022,Kelantan,,0,1.466809045,4.867453166,,0,0,0
11/5/2022,Kelantan,,0,1.614103153,3.650545452,,0,0,0
12/5/2022,Kelantan,,0,0.880625361,3.041751075,,0,0,0
13/5/2022,Kelantan,,0,0.440328191,0.912439285,,0,0,0
14/5/2022,Kelantan,,0,0.293580567,0.608242908,,0,0,0
15/5/2022,Kelantan,,0,0.440377962,2.431788337,,0,0,0
16/5/2022,Kelantan,,0,1.027548577,1.519004262,,0,0,0
17/5/2022,Kelantan,,6.598482349,0.733965424,0.607162698,,0,0,0
18/5/2022,Kelantan,,0,1.027557628,2.730756511,,0,0,0
19/5/2022,Kelantan,,0,0.4404077,1.818903868,,0,0,0
20/5/2022,Kelantan,,0,0.146809248,1.818666796,,0,0,0
21/5/2022,Kelantan,,0,0.734074259,1.515110194,,0,0,0
22/5/2022,Kelantan,,0,0.440543513,2.120890774,,0,0,0
23/5/2022,Kelantan,,0,0.293773327,1.817130085,,0,0,0
24/5/2022,Kelantan,,0,0.587747809,1.81547511,,0,0,0
25/5/2022,Kelantan,,0,0.734866166,3.023943585,,0,0,0
26/5/2022,Kelantan,,0,0.441099278,1.813390072,,0,0,0
27/5/2022,Kelantan,,0,0,0.906615574,,0,0,0
28/5/2022,Kelantan,,0,0,0.906432042,,0,0,0
29/5/2022,Kelantan,,0,0.58827682,1.207959243,,0,0,0
30/5/2022,Kelantan,,0,0.735486642,1.207477911,,0,0,0
31/5/2022,Kelantan,,0,0.294319342,1.508714334,,0,0,0
1/6/2022,Kelantan,,0,1.47200179,3.61931993,,0,0,0
2/6/2022,Kelantan,,0,0.294472747,1.808372766,,0,0.147236373,0
3/6/2022,Kelantan,,0,0,1.808111187,,0,0,0
4/6/2022,Kelantan,,0,0.736282685,0.301270155,,0,0,0
5/6/2022,Kelantan,,6.58631364,1.472925421,4.216156311,,0,0,0
6/6/2022,Kelantan,,0,0,2.107107273,,0,0,0
7/6/2022,Kelantan,,0,0.44205017,2.707646393,,0,0,0
8/6/2022,Kelantan,,0,1.031658657,2.406058455,,0,0,0
9/6/2022,Kelantan,,0,0.442290653,2.104320169,,0,0,0
10/6/2022,Kelantan,,0,0.442321954,2.104162033,,0,0,0
11/6/2022,Kelantan,,6.594566078,0.294919133,1.502819289,,0,0,0
12/6/2022,Kelantan,,0,0.884904851,3.906707817,,0,0,0
13/6/2022,Kelantan,,0,0.590061012,2.103447551,,0,0,0
14/6/2022,Kelantan,,0,0.295105818,3.002002336,,0,0,0
15/6/2022,Kelantan,,0,0.737853819,3.301122382,,0,0,0
16/6/2022,Kelantan,,0,0.295207309,0.599950204,,0,0,0
17/6/2022,Kelantan,,0,0.442826651,0.599903416,,0,0,0
18/6/2022,Kelantan,,0,0.590465168,2.099422659,,0,0,0
19/6/2022,Kelantan,,0,0.590507881,2.698683043,,0,0,0
20/6/2022,Kelantan,,0,0.738163184,3.897010993,,0,0,0
21/6/2022,Kelantan,,0,1.329143087,2.397089933,,0,0,0
22/6/2022,Kelantan,,0,1.181638519,3.295337098,,0,0,0
23/6/2022,Kelantan,,0,0.590931855,3.293995047,,0,0,0
24/6/2022,Kelantan,,0,0.443215261,2.096078238,,0,0,0
25/6/2022,Kelantan,,0,0.443234251,2.993940265,,0,0,0
26/6/2022,Kelantan,,0,1.182069775,2.99325918,,0,0,0
27/6/2022,Kelantan,,0,0.443326605,4.488975077,,0,0,0
28/6/2022,Kelantan,,6.619886138,1.034647385,2.991817379,,0,0,0
29/6/2022,Kelantan,,0,0.73910267,2.093814871,,0,0,0
30/6/2022,Kelantan,,0,0.887091051,2.092975973,,0,0,0
1/7/2022,Kelantan,,0,0.295703138,1.793845317,,0,0,0
2/7/2022,Kelantan,,0,0.443585531,0.896812728,,0,0,0
3/7/2022,Kelantan,,0,0.739385748,4.184663209,,0,0,0
4/7/2022,Kelantan,,0,1.331010474,3.885096769,,0,0,0
5/7/2022,Kelantan,,0,1.626963819,5.975464742,,0,0,0
6/7/2022,Kelantan,,0,1.331266419,2.091012827,,0,0,0
7/7/2022,Kelantan,,0,1.627416343,2.388865498,,0,0,0
8/7/2022,Kelantan,,6.640547181,0.887711849,3.58318055,,0,0,0
9/7/2022,Kelantan,,0,0.295919273,4.180077749,,0,0,0
10/7/2022,Kelantan,,0,0.887805109,1.19389086,,0,0,0
11/7/2022,Kelantan,,0,1.183831233,1.790333987,,0,0,0
12/7/2022,Kelantan,,0,1.627965487,4.176623439,,0,0,0
13/7/2022,Kelantan,,6.641429236,3.700217277,8.054243841,,0,0,0
14/7/2022,Kelantan,,0,3.256740713,7.754064919,,0,0,0
15/7/2022,Kelantan,,0,1.628396873,2.385830552,,0,0,0
16/7/2022,Kelantan,,0,1.480411199,5.66568859,,0,0,0
17/7/2022,Kelantan,,0,3.997435719,8.945824089,,0,0,0
18/7/2022,Kelantan,,0,4.145998371,7.156552569,,0,0,0
19/7/2022,Kelantan,,0,2.813614339,8.050761542,,0,0,0
20/7/2022,Kelantan,,0,3.257985025,8.049201489,,0,0,0
21/7/2022,Kelantan,,0,3.702634054,8.045363934,,0,0,0
22/7/2022,Kelantan,,0,1.481060202,3.277555301,,0,0,0
23/7/2022,Kelantan,,6.649820455,1.925483778,5.065176909,,0,0,0
24/7/2022,Kelantan,,0,2.369826188,7.745794927,,0,0,0
25/7/2022,Kelantan,,0,2.962304673,10.42436084,,0,0,0
26/7/2022,Kelantan,,6.652474721,2.962370489,6.252940371,,0,0,0
27/7/2022,Kelantan,,0,3.258906815,4.763237334,,0,0,0
28/7/2022,Kelantan,,6.655574043,2.963305389,7.139924674,,0,0,0
29/7/2022,Kelantan,,0,2.66704598,4.462386544,,0,0,0
30/7/2022,Kelantan,,0,2.518910349,3.56943139,,0,0,0
31/7/2022,Kelantan,,6.653802648,1.926334023,6.245910416,,0,0,0
1/8/2022,Kelantan,,0,5.335080078,11.59713343,,0,0,0
2/8/2022,Kelantan,,0,4.594675512,12.1872557,,0,0,0
3/8/2022,Kelantan,,0,4.743319701,10.40239433,,0,0,0
4/8/2022,Kelantan,,6.645401382,3.410378226,10.39686312,,0,0,0
5/8/2022,Kelantan,,6.644959798,1.927619375,2.079354093,,0,0,0
6/8/2022,Kelantan,,0,1.927739429,4.455269098,,0,0,0
7/8/2022,Kelantan,,6.644076806,3.410747413,11.87969434,,0,0,0
8/8/2022,Kelantan,,0,4.597544318,10.39365215,,0,0,0
9/8/2022,Kelantan,,0,4.005013684,8.015222986,,0,0,0
10/8/2022,Kelantan,,0,3.856925852,5.935986323,,0,0,0
11/8/2022,Kelantan,,6.640547181,2.819233703,9.494196672,,0,0,0
12/8/2022,Kelantan,,0,3.116009016,7.713897476,,0,0,0
13/8/2022,Kelantan,,0,3.561338113,8.306165251,,0,0,0
14/8/2022,Kelantan,,6.638783775,5.787397719,15.72093851,,0,0,0
15/8/2022,Kelantan,,0,5.787689732,14.82861092,,0,0,0
16/8/2022,Kelantan,,0,0.445282235,2.075322342,,0,0,0
17/8/2022,Kelantan,,6.63834307,4.750142504,13.04279519,,0,0,0
18/8/2022,Kelantan,,0,3.414732641,9.483054966,,0,0,0
19/8/2022,Kelantan,,0,2.227019387,4.148824253,,0,0,0
20/8/2022,Kelantan,,0,1.484772177,5.333760034,,0,0,0
21/8/2022,Kelantan,,0,4.751475556,15.40695091,,0,0,0
22/8/2022,Kelantan,,0,6.236811742,11.25772487,,0,0,0
23/8/2022,Kelantan,,0,4.307060758,11.25359078,,0,0,0
24/8/2022,Kelantan,,0,6.535345824,11.24992599,,0,0,0
25/8/2022,Kelantan,,6.649378283,3.713761119,9.470593806,,0,0,0
26/8/2022,Kelantan,,0,2.971013309,5.031193399,,0,0,0
27/8/2022,Kelantan,,0,2.674019229,9.174094724,,0,0,0
28/8/2022,Kelantan,,0,5.942582765,12.72452875,,0,0,0
29/8/2022,Kelantan,,0,7.428614727,13.9066832,,0,0,0
30/8/2022,Kelantan,,0,3.714953132,10.65069851,,0,0,0
31/8/2022,Kelantan,,0,2.377944564,3.845289225,,0,0,0
1/9/2022,Kelantan,,0,4.607966133,9.463367894,,0,0,0
2/9/2022,Kelantan,,0,2.081029337,3.844481838,,0,0,0
3/9/2022,Kelantan,,0,3.121604326,4.731572006,,0,0,0
4/9/2022,Kelantan,,0,4.608226427,8.575314921,,0,0,0
5/9/2022,Kelantan,,0,4.90571367,8.869546707,,0,0,0
6/9/2022,Kelantan,,0,3.865285868,11.232999,,0,0,0
7/9/2022,Kelantan,,0,1.635459133,2.069065403,,0,0,0
8/9/2022,Kelantan,,6.641429236,4.758173278,7.388187175,,0,0,0
9/9/2022,Kelantan,,6.642752757,2.23039704,4.137360364,,0,0,0
10/9/2022,Kelantan,,0,2.676504307,5.910427472,,0,0,0
11/9/2022,Kelantan,,0,5.501899642,13.59281826,,0,0,0
12/9/2022,Kelantan,,0,3.271662495,8.568904333,,0,0,0
13/9/2022,Kelantan,,6.643635397,3.123173501,12.99982864,,0,0,0
14/9/2022,Kelantan,,0,4.759256009,7.385109846,,0,0,0
15/9/2022,Kelantan,,0,3.420984916,5.906168698,,0,0,0
16/9/2022,Kelantan,,0,1.933605922,2.362467479,,0,0,0
17/9/2022,Kelantan,,0,2.677316436,2.953032026,,0,0,0
18/9/2022,Kelantan,,6.644076806,3.272416799,6.200946087,,0,0,0
19/9/2022,Kelantan,,13.28903654,3.272509286,10.33341502,,0,0,0
20/9/2022,Kelantan,,0,3.86770083,9.445908888,,0,0,0
21/9/2022,Kelantan,,0,2.380311255,6.198036108,,0,0,0
22/9/2022,Kelantan,,0,3.422232009,5.015977363,,0,0,0
23/9/2022,Kelantan,,0,1.636719657,2.655493922,,0,0,0
24/9/2022,Kelantan,,0,2.083116342,3.835419211,,0,0,0
25/9/2022,Kelantan,,6.637902423,4.315161543,8.260512978,,0,0,0
26/9/2022,Kelantan,,0,2.529750611,5.604504842,,0,0,0
27/9/2022,Kelantan,,0,3.869347033,5.014098465,,0,0,0
28/9/2022,Kelantan,,6.636580834,3.720775171,4.718622634,,0,0,0
29/9/2022,Kelantan,,0,0.893110988,1.47433478,,0,0,0
30/9/2022,Kelantan,,0,0.744259157,2.948643477,,0,0,0
1/10/2022,Kelantan,,0,1.488569277,3.538278274,,0,0,0
2/10/2022,Kelantan,,6.636140421,4.168074632,7.666088762,,0,0,0
3/10/2022,Kelantan,,6.637021305,2.977404477,5.306822805,,0,0,0
4/10/2022,Kelantan,,0,2.382022873,6.779920822,,0,0,0
5/10/2022,Kelantan,,0,1.78660493,4.421374694,,0,0,0
6/10/2022,Kelantan,,0,1.786735277,3.536297143,,0,0,0
7/10/2022,Kelantan,,0,1.488952715,1.178727505,,0,0,0
8/10/2022,Kelantan,,0,1.637869935,2.357385542,,0,0,0
9/10/2022,Kelantan,,0,0.744494094,2.06264549,,0,0,0
10/10/2022,Kelantan,,0,4.913843936,4.124780503,,0,0,0
11/10/2022,Kelantan,,0,3.573885618,6.775586677,,0,0,0
12/10/2022,Kelantan,,0,2.382664921,5.596547814,,0,0,0
13/10/2022,Kelantan,,6.64893617,2.829726425,4.122934116,,0,0,0
14/10/2022,Kelantan,,0,1.042547868,4.417377374,,0,0,0
15/10/2022,Kelantan,,0,1.787251535,4.122727714,,0,0,0
16/10/2022,Kelantan,,0,2.531973614,6.18380021,,0,0,0
17/10/2022,Kelantan,,6.645401382,3.127890506,6.183490669,,0,0,0
18/10/2022,Kelantan,,0,2.68118878,6.47708437,,0,0,0
19/10/2022,Kelantan,,0,3.277179362,5.592808237,,0,0,0
20/10/2022,Kelantan,,0,1.78772015,3.531655405,,0,0,0
21/10/2022,Kelantan,,0,1.48977567,3.237331732,,0,0,0
22/10/2022,Kelantan,,6.647610184,2.234700126,4.414244473,,0,0,0
23/10/2022,Kelantan,,6.647610184,3.873555238,6.473825148,,0,0,0
24/10/2022,Kelantan,,0,2.383754712,5.002147981,,0,0,0
25/10/2022,Kelantan,,6.648052121,4.767807762,9.709080638,,0,0,0
26/10/2022,Kelantan,,0,4.470206077,10.88494612,,0,0,0
27/10/2022,Kelantan,,0,4.470585781,9.118183423,,0,0,0
28/10/2022,Kelantan,,0,2.980399403,3.529619389,,0,0,0
29/10/2022,Kelantan,,0,3.725621396,8.235512116,,0,0,0
30/10/2022,Kelantan,,0,6.11021031,17.94122924,,0,0,0
31/10/2022,Kelantan,,6.652474721,5.514264807,8.52931142,,0,0,0
1/11/2022,Kelantan,,0,6.855899427,13.52861596,,0,0,0
2/11/2022,Kelantan,,0,6.707118041,19.11343086,,0,0,0
3/11/2022,Kelantan,,0,5.515226497,9.407752576,,0,0,0
4/11/2022,Kelantan,,0,3.72650439,5.585853092,,0,0,0
5/11/2022,Kelantan,,0,2.981252394,4.115734453,,0,0,0
6/11/2022,Kelantan,,6.652917304,10.881701,19.69632384,,0,0,0
7/11/2022,Kelantan,,6.653359947,8.794838771,19.10798067,,0,0,0
8/11/2022,Kelantan,,13.30317946,7.900636821,14.10905713,,0,0,0
9/11/2022,Kelantan,,6.65158973,7.453975429,19.69140338,,0,0,0
10/11/2022,Kelantan,,0,7.454686687,14.1050355,,0,0,0
11/11/2022,Kelantan,,0,2.981874675,4.995533405,,0,0,0
12/11/2022,Kelantan,,6.64893617,2.832818953,3.526186341,,0,0,0
13/11/2022,Kelantan,,0,3.28014039,7.639756115,,0,0,0
14/11/2022,Kelantan,,19.94017946,10.13872157,23.21221844,,0,0,0
15/11/2022,Kelantan,,6.646726487,8.349921347,22.0357508,,0,0,0
16/11/2022,Kelantan,,0,6.710188452,14.39508334,,0,0,0
17/11/2022,Kelantan,,,,,,0,0,0
18/11/2022,Kelantan,,,,,,0,0,0
19/11/2022,Kelantan,,,,,,0,0,0
20/11/2022,Kelantan,,,,,,0,0,0
21/11/2022,Kelantan,,,,,,0,0,0
22/11/2022,Kelantan,,,,,,0,0,0
23/11/2022,Kelantan,,,,,,0,0,0
24/5/2021,Melaka,,23.28017693,17.62269804,,,0,0,
25/5/2021,Melaka,,11.02535832,16.81449409,,,0,0,
26/5/2021,Melaka,,21.26980751,16.42575558,,,0,0,
27/5/2021,Melaka,,21.32196162,12.31931669,,,0,0,
28/5/2021,Melaka,,10.92657343,20.53219448,,,0,0,
29/5/2021,Melaka,,9.568462348,4.106438896,,,0,0,
30/5/2021,Melaka,,27.21088435,4.106438896,,,0,0,
31/5/2021,Melaka,,9.070294785,0,,,0,0,
1/6/2021,Melaka,,17.3882803,18.33920188,,,0,0,
2/6/2021,Melaka,,7.485590239,10.47595768,,,0,0,
3/6/2021,Melaka,,18.45585974,13.48754088,,,0,0,
4/6/2021,Melaka,,10.00850723,3.25203252,,,0,0,
5/6/2021,Melaka,,4.252785575,9.756097561,,,0,0,
6/6/2021,Melaka,,11.68679392,35.77119443,,,0,0,
7/6/2021,Melaka,,11.68679392,15.84283904,,,0,0,
8/6/2021,Melaka,,11.68679392,9.232473687,,,0,0,
9/6/2021,Melaka,,20.6682742,6.150439756,,,0,0,
10/6/2021,Melaka,,0,17.67044618,,,0,0,
11/6/2021,Melaka,,2.935564362,11.56671101,,,0,0,
12/6/2021,Melaka,,14.05757985,0,,,0,0,
13/6/2021,Melaka,,10.78225241,8.58565623,,,0,0,
14/6/2021,Melaka,,10.78225241,8.337270378,,,0,0,
15/6/2021,Melaka,,16.02906604,8.221655841,,,0,0,
16/6/2021,Melaka,,7.843957538,10.94900501,,,2.614652513,0,
17/6/2021,Melaka,,13.82615909,5.473453749,,,2.304359849,0,
18/6/2021,Melaka,,4.242051456,16.41586867,,,0,0,
19/6/2021,Melaka,,54.09954316,5.471806517,,,0,0,
20/6/2021,Melaka,,3.701578723,10.94361303,,,0,0,
21/6/2021,Melaka,,18.50686605,5.471806517,,,0,0,
22/6/2021,Melaka,,12.17857267,8.163043182,,,0,0,
23/6/2021,Melaka,,13.39898838,10.7869047,,,0,0,
24/6/2021,Melaka,,8.186387675,5.304336295,,,0,0,
25/6/2021,Melaka,,12.8998968,18.23391508,,,3.2249742,0,
26/6/2021,Melaka,,48.29487918,28.28127009,,,3.115798657,0,
27/6/2021,Melaka,,8.861189467,10.28409821,,,4.430594733,0,
28/6/2021,Melaka,,13.1750377,12.44555072,,,1.463893077,0,
29/6/2021,Melaka,,11.20856334,14.47981273,,,0,0,
30/6/2021,Melaka,,14.07974769,7.2372865,,,2.815949538,0,
1/7/2021,Melaka,,15.21017699,7.033008252,,,0,0,
2/7/2021,Melaka,,30.457525,17.95291847,,,1.324240217,0,
3/7/2021,Melaka,,13.89116901,8.792948056,,,0,0,
4/7/2021,Melaka,,10.91530933,30.77531819,,,1.212812148,0,
5/7/2021,Melaka,,7.276872885,14.89837182,,,1.212812148,0,
6/7/2021,Melaka,,16.06259824,12.16816403,,,1.147328446,0,
7/7/2021,Melaka,,27.30241244,42.12945232,,,1.092096498,0,
8/7/2021,Melaka,,21.8114401,19.67166208,,,4.36228802,1.788332916,
9/7/2021,Melaka,,16.78767784,23.56942036,,,2.098459731,0,
10/7/2021,Melaka,,38.374923,48.75828891,,,0,0,
11/7/2021,Melaka,,28.60850286,26.00442075,,,5.108661224,0,
12/7/2021,Melaka,,45.96433168,52.0088415,,,3.064288779,0,
13/7/2021,Melaka,,39.18022905,30.78486001,,,0,0,
14/7/2021,Melaka,,32.23222832,32.11725719,,,1.953468383,2.919750653,
15/7/2021,Melaka,,29.38332923,40.96913188,,,6.634945309,1.412728685,
16/7/2021,Melaka,,43.13826272,31.55872667,,,0.917835377,0,
17/7/2021,Melaka,,51.38792474,36.04036521,,,0.901542539,0,
18/7/2021,Melaka,,37.44183144,32.03588019,,,1.782944354,0,
19/7/2021,Melaka,,44.81861642,20.91612633,,,2.636389201,0,
20/7/2021,Melaka,,38.2619111,33.10710147,,,4.15890338,0,
21/7/2021,Melaka,,49.54395198,36.05249243,,,5.685371539,1.201749748,
22/7/2021,Melaka,,48.03496946,32.56230448,,,3.202331297,0,
23/7/2021,Melaka,,65.70198214,35.00214529,,,1.583180293,0,
24/7/2021,Melaka,,65.68482364,25.65692416,,,2.374150252,1.069038507,
25/7/2021,Melaka,,58.7595385,29.9327582,,,5.558334723,1.069027078,
26/7/2021,Melaka,,70.36197326,34.71725856,,,3.127198812,1.02109584,
27/7/2021,Melaka,,65.05633113,35.32840698,,,1.530737203,0,
28/7/2021,Melaka,,99.97369113,41.61701001,,,4.510091329,0.945841137,
29/7/2021,Melaka,,105.1698926,35.1652315,,,2.88136692,0,
30/7/2021,Melaka,,78.12666463,30.94351948,,,5.681939246,0.859542208,
31/7/2021,Melaka,,113.7077084,62.965083,,,2.790373212,0,
1/8/2021,Melaka,,52.17216815,26.03700509,,,2.006621852,0,
2/8/2021,Melaka,,107.1691563,42.89288693,,,3.287397433,0,
3/8/2021,Melaka,,95.98598218,50.79405392,,,2.576804891,0.793657093,
4/8/2021,Melaka,,77.52719755,40.41698123,,,1.890907257,0,
5/8/2021,Melaka,,99.97346383,38.67737957,,,4.936961177,0,
6/8/2021,Melaka,,86.99860925,25.79475739,,,2.450665049,1.39431121,
7/8/2021,Melaka,,70.73874025,30.23076148,,,1.798442549,1.343589399,
8/8/2021,Melaka,,139.1016499,51.72819186,,,0.586926793,0,
9/8/2021,Melaka,,75.47964683,28.38105436,,,1.755340624,0,
10/8/2021,Melaka,,112.4406229,39.37443861,,,4.810294029,0,
11/8/2021,Melaka,,98.40393616,26.29738759,,,2.400096004,1.1953358,
12/8/2021,Melaka,,133.4194623,48.96059536,,,1.811123923,1.152014008,
13/8/2021,Melaka,,134.4783086,51.17394134,,,1.206083485,0,
14/8/2021,Melaka,,60.89032507,25.05624037,,,2.411498023,0,
15/8/2021,Melaka,,507.6986111,89.33094391,,,1.18759909,0.544700878,
16/8/2021,Melaka,,113.1503181,23.73530389,,,2.36964017,0.527451198,
17/8/2021,Melaka,,120.386394,40.31434987,,,2.893903702,0,
18/8/2021,Melaka,,89.39478068,29.10447025,,,1.665741255,0.493296106,
19/8/2021,Melaka,,92.86529226,33.56767669,,,1.591976439,0,
20/8/2021,Melaka,,78.22390564,37.48777076,,,0,0,
21/8/2021,Melaka,,61.20872174,38.96563939,,,0.501710834,0.885582713,
22/8/2021,Melaka,,66.47419879,28.94533717,,,0.48521313,0,
23/8/2021,Melaka,,59.90473686,26.13133948,,,0.974060762,1.264419652,
24/8/2021,Melaka,,77.48062984,31.23269188,,,1.499625094,0.416435892,
25/8/2021,Melaka,,55.73816606,21.86296778,,,0,0,
26/8/2021,Melaka,,68.69653858,28.35661595,,,1.66201303,0.393841888,
27/8/2021,Melaka,,125.83276,42.95993986,,,1.764010655,0.383570892,
28/8/2021,Melaka,,89.68778615,20.7083771,,,0.627187316,0.753031895,
29/8/2021,Melaka,,89.25383792,29.16171291,,,0.66113954,0.373868114,
30/8/2021,Melaka,,83.41222188,23.61155004,,,1.986005283,1.089763848,
31/8/2021,Melaka,,83.66602105,24.51912314,,,0,0.710699221,
1/9/2021,Melaka,,88.42132438,30.64899241,,,0,0.348284005,
2/9/2021,Melaka,,72.34592482,25.23590455,,,1.236682476,0,
3/9/2021,Melaka,,91.37219538,32.25077136,,,0,0,
4/9/2021,Melaka,,56.83399833,29.12723036,,,2.899693792,0,
5/9/2021,Melaka,,71.70118109,24.66627504,,,0.564576229,0.973668751,
6/9/2021,Melaka,,60.95871433,26.73594947,,,0.55417013,0.314540582,
7/9/2021,Melaka,,85.31630876,29.13461101,,,0.580383053,0,
8/9/2021,Melaka,,68.5443669,31.93292924,,,0.623130608,0,
9/9/2021,Melaka,,157.2465585,33.15492824,0,,2.033360671,0.278612842,0
10/9/2021,Melaka,,78.60319216,28.44003713,0,,0.727807335,0.268302237,0
11/9/2021,Melaka,,88.86843504,31.06482452,0,,0,0.776620613,0
12/9/2021,Melaka,,48.30751182,21.57973971,0,,0.86263414,0,0
13/9/2021,Melaka,,59.50453722,19.98618676,0,,0,0.758969118,0
14/9/2021,Melaka,,59.20238245,18.80698517,0,,0.897005795,0,0
15/9/2021,Melaka,,82.44099448,29.67960862,0,,0,0,0
16/9/2021,Melaka,,76.82749855,32.61118223,0,,2.845462909,0,0
17/9/2021,Melaka,,25.44853035,21.34650901,0,,0.978789629,0.239848416,0
18/9/2021,Melaka,,60.60483627,20.56552839,0,,2.020161209,0.236385384,0
19/9/2021,Melaka,,49.13270102,19.27978256,0,,0,0.470238599,0
20/9/2021,Melaka,,48.25725504,30.70394523,0,,0,0.22913392,0
21/9/2021,Melaka,,34.99603378,21.10473279,0,,0,0,0
22/9/2021,Melaka,,46.36068614,36.79928037,0,,1.252991517,0.43040094,0
23/9/2021,Melaka,,51.89413596,26.6138023,0,,0,0.209557498,0
24/9/2021,Melaka,,32.3261195,23.29135441,0,,3.402749422,0.204310126,0
25/9/2021,Melaka,,61.57888255,31.58818602,0,,0,0.199925228,0
26/9/2021,Melaka,,49.23172596,16.52313438,0,,0,0.199073908,0
27/9/2021,Melaka,,42.04709274,14.62467934,0,,0,0.592892406,0
28/9/2021,Melaka,,43.97983694,27.62923526,0,,0,0,0
29/9/2021,Melaka,,134.6658161,29.01621403,0,,0,0,0
30/9/2021,Melaka,,66.99918112,19.53038135,0,,0,0,0
1/10/2021,Melaka,,39.88831272,18.22548959,0,,0,0.191847259,0
2/10/2021,Melaka,,48.88381946,21.81492596,0,,0,0.569085025,0
3/10/2021,Melaka,,20.64665318,15.85204756,0,,0,0,0
4/10/2021,Melaka,,8.260025606,3.172275062,0,,0,0.559813246,0
5/10/2021,Melaka,,124.8996342,46.94766532,0,,0,0.184108491,0
6/10/2021,Melaka,,28.35806787,25.2463776,0,,0,0,0
7/10/2021,Melaka,,34.76360747,19.43311827,0,,0,0,0
8/10/2021,Melaka,,54.27997612,21.15169231,0,,5.427997612,0.173374527,0
9/10/2021,Melaka,,58.52059925,18.21189799,0,,0,0.170204654,0
10/10/2021,Melaka,,12.54075746,13.65756275,0,,0,0,0
11/10/2021,Melaka,,25.07994232,13.88951643,0,,6.269985579,0.334687143,0
12/10/2021,Melaka,,59.77683316,25.18715222,0,,0,0.166802333,0
13/10/2021,Melaka,,20.57895459,20.61516312,0,,0,0.166251315,0
14/10/2021,Melaka,,74.37156032,29.94680719,0,,0,0,0
15/10/2021,Melaka,,16.5961331,18.99834136,0,,0,0.330405937,0
16/10/2021,Melaka,,26.49708532,21.61776816,0,,0,0.165021131,0
17/10/2021,Melaka,,27.52293578,8.745932316,0,,9.174311927,0.330035182,0
18/10/2021,Melaka,,27.6957164,12.49710182,0,,0,0.328871101,0
19/10/2021,Melaka,,47.54659566,27.88297679,0,,0,0,0
20/10/2021,Melaka,,0,9.32928955,0,,0,0,0
21/10/2021,Melaka,,63.43165239,26.10190838,0,,0,0,0
22/10/2021,Melaka,,65.35235813,23.5947688,0,,0,0.162722543,0
23/10/2021,Melaka,,33.95201449,17.69799428,0,,11.31733816,0.32473384,0
24/10/2021,Melaka,,57.81015146,24.67937113,0,,11.56203029,0,0
25/10/2021,Melaka,,11.5114539,15.55736698,0,,0,0,0
26/10/2021,Melaka,,35.19887364,25.73519296,0,,0,0,0
27/10/2021,Melaka,,23.41920375,26.80207635,0,,0,0.322916583,0
28/10/2021,Melaka,,23.66583836,20.44811974,0,,0,0.161008817,0
29/10/2021,Melaka,,23.95496467,22.98588217,0,,0,0,0
30/10/2021,Melaka,,0,16.70172959,0,,0,0.160593554,0
31/10/2021,Melaka,,86.85941184,16.37675528,45.40295119,,0,0.160556424,0
1/11/2021,Melaka,,0,8.505543849,0,,0,0.320963919,0
2/11/2021,Melaka,,25.18891688,29.34154683,29.455081,,0,0,0
3/11/2021,Melaka,,76.77543186,20.0483084,21.80787264,,0,0,0
4/11/2021,Melaka,,25.68713075,15.09496984,0,,0,0,0
5/11/2021,Melaka,,12.90822254,12.85594909,14.66920933,,0,0,0
6/11/2021,Melaka,,0,17.35695379,21.16850127,,0,0.160712535,0
7/11/2021,Melaka,,0,14.4711983,7.006726457,,0,0,0
8/11/2021,Melaka,,13.31380642,5.471031692,0,,0,0,0
9/11/2021,Melaka,,0,23.05154034,29.31691586,,0,0.322399166,0
10/11/2021,Melaka,,28.31257078,31.69889927,5.280946346,,0,0,0
11/11/2021,Melaka,,43.72540446,26.12292051,0,,0,0.162254165,0
12/11/2021,Melaka,,44.74272931,23.76062311,28.65466355,,0,0,0
13/11/2021,Melaka,,31.0318076,20.83967614,14.0970819,,0,0,0
14/11/2021,Melaka,,0,15.1426585,4.698364969,,0,0,0
15/11/2021,Melaka,,0,7.825045035,12.93995859,,0,0,0
16/11/2021,Melaka,,15.96933887,39.86035806,30.5471763,,15.96933887,0.326724246,0
17/11/2021,Melaka,,0,26.70432577,19.11558557,,0,0.491490658,0
18/11/2021,Melaka,,17.1203561,28.36907345,15.55169643,,0,0,0
19/11/2021,Melaka,,17.70224819,14.94768311,18.20871742,,0,0.164260254,0
20/11/2021,Melaka,,0,30.40272934,21.96981348,,0,0,0
21/11/2021,Melaka,,0,12.32532954,6.370914651,,0,0.164337727,0
22/11/2021,Melaka,,0,16.4759846,7.997920541,,0,0.494279538,0
23/11/2021,Melaka,,36.92762186,34.753597,16.37703576,,0,0,0
24/11/2021,Melaka,,18.64280388,30.36162024,8.457088732,,0,0,0
25/11/2021,Melaka,,18.64628007,15.52622075,4.741733578,,0,0,0
26/11/2021,Melaka,,18.59773108,19.74259738,11.85237862,,0,0,0
27/11/2021,Melaka,,0,18.9423351,4.434720908,,0,0.170651668,0
28/11/2021,Melaka,,18.57010214,12.66141161,1.460344349,,0,0,0
29/11/2021,Melaka,,0,8.077988684,2.771849101,,0,0.1718721,0
30/11/2021,Melaka,,55.8347292,30.14495566,9.017132552,,0,0,0
1/12/2021,Melaka,,0,20.93035425,10.80951237,,0,0.174419619,0
2/12/2021,Melaka,,95.18370455,28.97486913,10.14564639,,0,0,0
3/12/2021,Melaka,,0,25.64320225,10.72478068,,0,0,0
4/12/2021,Melaka,,38.52822192,26.17977011,9.534403305,,0,0.530671016,0
5/12/2021,Melaka,,38.62495172,14.8801352,6.297163128,,0,0,0
6/12/2021,Melaka,,0,7.308130384,4.0054073,,0,0,0
7/12/2021,Melaka,,19.55034213,37.97217773,15.18747034,,0,0.179962928,0
8/12/2021,Melaka,,0,27.81236651,7.248609173,,0,0.181780173,0
9/12/2021,Melaka,,0,21.29507074,8.661233186,,0,0,0
10/12/2021,Melaka,,19.94813485,16.65741255,6.677796327,,0,0,0
11/12/2021,Melaka,,0,15.57996417,3.304774573,,0,0,0
12/12/2021,Melaka,,20.0762899,10.58944177,2.459601053,,0,0,0
13/12/2021,Melaka,,0,4.496251251,0.802233418,,0,0,0
14/12/2021,Melaka,,20.26753141,19.30330219,13.20449885,,0,0,0
15/12/2021,Melaka,,0,17.57224197,11.33238645,,0,0,0
16/12/2021,Melaka,,81.16883117,27.19041972,6.595532626,,0,0,0
17/12/2021,Melaka,,0,21.19332002,7.811778742,,0,0.194434129,0
18/12/2021,Melaka,,20.68252327,17.15065289,7.039526944,,0,0,0
19/12/2021,Melaka,,0,8.78619669,1.396687058,,0,0,0
20/12/2021,Melaka,,0,8.241547998,2.717557459,,0,0,0
21/12/2021,Melaka,,0,21.16134238,7.885087984,,0,0,0
22/12/2021,Melaka,,20.90301003,14.73795322,3.169371197,,0,0,0
23/12/2021,Melaka,,20.85505735,12.44677498,6.123623716,,0,0.200754435,0
24/12/2021,Melaka,,0,18.22257048,10.6187799,,0,0,0
25/12/2021,Melaka,,0,13.59967036,5.806324248,,0,0,0
26/12/2021,Melaka,,0,14.44498698,8.015894373,,0,0,0
27/12/2021,Melaka,,0,10.86878505,1.67888522,,0,0.205071416,0
28/12/2021,Melaka,,42.1674046,34.80372151,15.23394995,,0,0.207165009,0
29/12/2021,Melaka,,21.23142251,26.61196197,8.966954137,,0,0,0
30/12/2021,Melaka,,0,17.16934699,4.601438717,,0,0,0
31/12/2021,Melaka,,21.56566746,24.48117097,10.91881858,,0,0,0
1/1/2022,Melaka,,0,22.46394968,16.71681712,,0,0,0
2/1/2022,Melaka,,21.64033759,7.165532486,3.399774644,,0,0.217137348,0
3/1/2022,Melaka,,0,6.132496978,1.890546793,,0,0.219017749,0
4/1/2022,Melaka,,21.80074123,20.15244996,10.52150046,,0,0.221455494,0
5/1/2022,Melaka,,21.91540653,19.06492167,10.56956757,,0,0,0
6/1/2022,Melaka,,0,22.05056627,9.762764815,,0,0,0
7/1/2022,Melaka,,0,14.28403575,6.156877232,,0,0.230387673,0
8/1/2022,Melaka,,22.1680337,23.1398992,8.119519324,,0,0,0
9/1/2022,Melaka,,0,16.75728011,6.853401706,,0,0,0
10/1/2022,Melaka,,22.14348981,16.03588265,7.057550403,,0,0,0
11/1/2022,Melaka,,44.41483455,27.0916946,15.12338794,,0,0,0
12/1/2022,Melaka,,0,21.77423301,8.755129959,,0,0,0
13/1/2022,Melaka,,44.98425551,22.48465422,9.186013235,,0,0,0
14/1/2022,Melaka,,0,23.45138045,8.235253749,,0,0,0
15/1/2022,Melaka,,22.65005663,25.66662646,6.782718989,,22.65005663,0.256666265,0
16/1/2022,Melaka,,0,15.72639172,3.691200848,,0,0,0
17/1/2022,Melaka,,0,12.59997953,3.938002711,,0,0.262499573,0
18/1/2022,Melaka,,22.67573696,25.02691066,14.31666555,,0,0.269106566,0
19/1/2022,Melaka,,45.35147392,29.55425554,13.27992539,,0,0,0
20/1/2022,Melaka,,0,18.40431737,12.90582053,,0,0,0
21/1/2022,Melaka,,0,24.36011206,11.68538275,,0,0,0
22/1/2022,Melaka,,0,22.55471716,8.930860733,,0,0,0
23/1/2022,Melaka,,22.89377289,17.73820188,8.846829981,,0,0.295636698,0
24/1/2022,Melaka,,0,24.12654372,10.89376346,,0,0,0
25/1/2022,Melaka,,0,63.65372374,21.58092574,,0,0,0
26/1/2022,Melaka,,23.23960028,47.65727701,17.84815218,,0,0,0
27/1/2022,Melaka,,23.37540907,53.41123021,15.85408009,,0,0,0
28/1/2022,Melaka,,0,42.14347133,21.9179758,,0,0,0
29/1/2022,Melaka,,23.3426704,32.13056757,16.59241978,,0,0,0
30/1/2022,Melaka,,0,31.10256858,18.67929885,,0,0,0
31/1/2022,Melaka,,23.35902826,26.91934963,12.78011807,,0,0,0
1/2/2022,Melaka,,46.98144233,46.93569071,21.49145896,,0,0,0
2/2/2022,Melaka,,0,26.78923379,16.87843958,,0,0,0
3/2/2022,Melaka,,23.49072117,53.97832135,36.51993145,,0,0,0
4/2/2022,Melaka,,23.61275089,66.28939001,50.05974873,,0,0.409193766,0
5/2/2022,Melaka,,0,77.82752416,47.17240369,,0,0.418427549,0
6/2/2022,Melaka,,23.68545713,51.43114602,31.24052238,,0,0,0
7/2/2022,Melaka,,0,53.49361121,37.56454993,,0,0,0
8/2/2022,Melaka,,0,115.8134775,80.92493367,,0,0.448889448,0
9/2/2022,Melaka,,47.78972521,139.1759489,82.13441769,,0,0,0
10/2/2022,Melaka,,47.9616307,134.8890859,62.10115588,,0,0,0.222584788
11/2/2022,Melaka,,23.98656752,102.2022622,52.24324988,,0,0,0
12/2/2022,Melaka,,0,121.3131777,55.0350434,,0,0,0
13/2/2022,Melaka,,23.91772303,148.1317264,69.1040756,,0,0,0
14/2/2022,Melaka,,23.85496183,126.0691535,56.23951001,,0,0.512476234,0.439371172
15/2/2022,Melaka,,23.76425856,177.8549861,63.02145346,,0,0,0
16/2/2022,Melaka,,0,143.6548939,69.31778304,,0,0.522381432,0
17/2/2022,Melaka,,47.30368969,163.9867959,82.25277872,,0,0,0.21532141
18/2/2022,Melaka,,23.66863905,154.820473,72.12860723,,0,0.539444157,0
19/2/2022,Melaka,,71.29277567,118.5834958,61.36694878,,0,0,0
20/2/2022,Melaka,,23.7586125,86.87012374,46.9662162,,0,1.085876547,0
21/2/2022,Melaka,,47.39336493,113.2017409,58.96861982,,0,0.549523014,0
22/2/2022,Melaka,,47.2701489,202.0891879,109.0223906,,0,0.559803845,0
23/2/2022,Melaka,,47.12535344,99.08037468,69.9237935,,0,0.569427441,0
24/2/2022,Melaka,,23.47969007,129.5808868,77.4334446,,0,1.156972204,0
25/2/2022,Melaka,,94.16195857,133.4548341,91.27158666,,0,1.175813516,0
26/2/2022,Melaka,,47.05882353,97.61033241,59.65801557,,0,1.785554861,0
27/2/2022,Melaka,,0,123.5204528,77.56264517,,0,0.599613849,0.205192183
28/2/2022,Melaka,,23.44665885,143.7175341,87.84635468,,0,0,0
1/3/2022,Melaka,,46.91531785,161.7932394,110.8778029,,0,2.479589876,0
2/3/2022,Melaka,,23.50176263,171.844102,108.8574412,,0,1.263559574,0
3/3/2022,Melaka,,70.63809748,149.6573297,103.9657818,,0,0.642306136,0
4/3/2022,Melaka,,94.2729201,163.2120124,89.06858281,,0,1.305696099,0
5/3/2022,Melaka,,47.15868899,99.76479294,79.13300524,,0,0.660693993,0.199327469
6/3/2022,Melaka,,23.57934449,96.59389926,71.30542557,,0,1.332329645,0.198622355
7/3/2022,Melaka,,23.59046945,135.8245768,109.4035626,,0,0,0.19783646
8/3/2022,Melaka,,23.61275089,123.4023191,111.0419833,,0,0,0
9/3/2022,Melaka,,47.24781479,127.8484925,110.1686443,,0,0,0.392059232
10/3/2022,Melaka,,47.29250414,123.3388467,86.31952677,,0,1.425882621,0
11/3/2022,Melaka,,0,111.6451713,75.1281168,,0,0.724968645,0
12/3/2022,Melaka,,47.38213693,71.39072068,52.22783763,,0,1.471973622,0
13/3/2022,Melaka,,71.0732054,60.40358544,71.11038774,,0,2.982893108,0.193761274
14/3/2022,Melaka,,23.70791844,102.9367242,94.77829616,,0,1.513775356,0.193425094
15/3/2022,Melaka,,47.43833017,141.0959221,110.1716826,,0,1.542031935,0.192945153
16/3/2022,Melaka,,23.71916509,68.2320832,73.95936857,,0,0,0.385205045
17/3/2022,Melaka,,0,71.65490995,51.48796373,,0,0.796165666,0.192119268
18/3/2022,Melaka,,0,58.92751915,45.81405245,,0,0,0
19/3/2022,Melaka,,23.70229912,55.44864477,49.58731484,,0,0.815421247,0
20/3/2022,Melaka,,23.70791844,59.21247409,53.75140834,,23.70791844,0.822395474,0.191286151
21/3/2022,Melaka,,118.5395922,92.77513626,67.81668481,,0,0.828349431,0
22/3/2022,Melaka,,47.4608448,77.01838395,60.47010259,,0,0.837156347,0.190757421
23/3/2022,Melaka,,23.7586125,50.61112939,52.38344683,,0,2.530556469,0.190485261
24/3/2022,Melaka,,45.58924094,53.72767743,46.02055331,,0,0,0
25/3/2022,Melaka,,22.41147468,50.81432103,41.96191908,,0,2.583779035,0
26/3/2022,Melaka,,0,31.17449926,28.26466348,,0,0,0
27/3/2022,Melaka,,0,24.34338077,25.40838287,,0,0,0
28/3/2022,Melaka,,0,41.9782238,38.26322828,,0,0,0
29/3/2022,Melaka,,22.49718785,35.21033776,28.38130089,,0,0,0.189208673
30/3/2022,Melaka,,0,34.51327434,28.53320434,,0,0.884955752,0
31/3/2022,Melaka,,0,35.66906244,23.40457257,,0,0,0.566239659
1/4/2022,Melaka,,0,24.25069833,23.18602354,,0,0.898174012,0
2/4/2022,Melaka,,22.33139795,18.04109762,17.89390609,,0,0,0
3/4/2022,Melaka,,22.33139795,12.65330839,14.11804569,,0,0.903807742,0
4/4/2022,Melaka,,0,19.07010534,18.2303413,,0,0.908100254,0
5/4/2022,Melaka,,0,28.29938928,27.57456387,,0,0,0.187582067
6/4/2022,Melaka,,0,27.55706609,17.58639786,,0,0.91856887,0
7/4/2022,Melaka,,0,25.83645524,16.79612122,,0,2.768191633,0
8/4/2022,Melaka,,0,15.78238871,16.40071418,,0,0,0
9/4/2022,Melaka,,0,11.1821384,14.8998266,,0,0,0
10/4/2022,Melaka,,0,21.49592979,12.10489168,,0,0,0.186229103
11/4/2022,Melaka,,22.54283138,22.60653329,18.80430674,,0,0,0
12/4/2022,Melaka,,22.59887006,21.87247397,15.81448309,,0,0.950977129,0
13/4/2022,Melaka,,0,42.40350793,26.02607813,,0,0,0
14/4/2022,Melaka,,0,19.52362358,15.04974778,,0,0,0
15/4/2022,Melaka,,0,10.81282991,11.14357192,,0,0,0.185726199
16/4/2022,Melaka,,0,8.877753337,10.39713336,,0,1.972834075,0
17/4/2022,Melaka,,0,9.869232667,10.58128375,,0,0,0.185636557
18/4/2022,Melaka,,0,11.85864495,21.52373177,,0,0,0
19/4/2022,Melaka,,0,10.90880241,13.53809862,,0,0,0
20/4/2022,Melaka,,0,17.92650134,13.34791717,,0,0.995916741,0.185387738
21/4/2022,Melaka,,0,8.988225425,9.265865478,,0,0.998691714,0
22/4/2022,Melaka,,0,7.004623051,8.707864128,,0,0,0
23/4/2022,Melaka,,0,13.03023013,5.186280067,,0,1.002325395,0
24/4/2022,Melaka,,0,10.02978847,6.111824157,,0,0,0.185206793
25/4/2022,Melaka,,0,10.05348454,11.2938493,,0,0,0
26/4/2022,Melaka,,0,3.024315497,6.662952687,,0,0,0
27/4/2022,Melaka,,0,5.049637941,4.996363757,,0,0,0.18505051
28/4/2022,Melaka,,0,4.047804572,7.769619677,,0,0,0
29/4/2022,Melaka,,0,4.052643844,7.212512044,,0,0,0
30/4/2022,Melaka,,0,3.043584125,5.362049264,,0,0,0
1/5/2022,Melaka,,0,4.060006902,2.588345788,,0,0,0
2/5/2022,Melaka,,0,5.083108829,2.95749707,,0,0,0
3/5/2022,Melaka,,0,1.018319569,3.696037847,,0,0,0
4/5/2022,Melaka,,0,8.153780296,2.77140355,,0,0,0
5/5/2022,Melaka,,0,12.2513987,8.312490533,,0,1.020949892,0
6/5/2022,Melaka,,0,6.134969325,7.940347676,,0,0,0
7/5/2022,Melaka,,22.85191956,5.118073966,7.754857865,,0,0,0
8/5/2022,Melaka,,0,4.096220213,7.200580478,,0,0,0
9/5/2022,Melaka,,0,11.27545947,12.55476555,,0,0,0
10/5/2022,Melaka,,0,12.31425991,12.37006813,,0,0,0
11/5/2022,Melaka,,0,10.27316342,10.89296462,,0,0,0
12/5/2022,Melaka,,22.85191956,15.42638529,9.968598913,,0,0,0
13/5/2022,Melaka,,0,9.272710413,10.1519657,,0,0,0.184581194
14/5/2022,Melaka,,0,6.185248183,4.060404047,,0,0,0
15/5/2022,Melaka,,0,2.062259618,4.429196525,,0,1.031129809,0.184549855
16/5/2022,Melaka,,0,10.31161707,7.196235815,,0,1.031161707,0
17/5/2022,Melaka,,0,12.37432328,7.378753249,,0,0,0
18/5/2022,Melaka,,0,5.156180714,9.406227291,,0,0,0
19/5/2022,Melaka,,0,2.063727918,8.666469981,,0,0,0
20/5/2022,Melaka,,0,13.42295739,7.373788394,,0,0,0
21/5/2022,Melaka,,0,2.066073015,4.607802299,,0,0,0
22/5/2022,Melaka,,0,9.301075824,5.160329598,,0,0,0
23/5/2022,Melaka,,0,4.137360364,8.661167747,,0,0,0
24/5/2022,Melaka,,0,3.107520199,6.816820966,,0,0,0
25/5/2022,Melaka,,0,7.257947452,4.789483767,,0,0,0
26/5/2022,Melaka,,0,5.1910299,6.077952504,,0,0,0
27/5/2022,Melaka,,0,8.317737575,4.971981961,,0,0,0
28/5/2022,Melaka,,0,3.121975586,3.130144023,,0,0,0
29/5/2022,Melaka,,0,3.123210661,3.866420689,,0,0,0
30/5/2022,Melaka,,0,6.24947921,6.81157526,,0,1.041579868,0
31/5/2022,Melaka,,0,11.47123848,6.074193513,,0,0,0
1/6/2022,Melaka,,0,6.261936817,6.257499798,,0,0,0.184044112
2/6/2022,Melaka,,0,5.222859411,5.704149677,,0,0,0
3/6/2022,Melaka,,0,3.136402129,5.519393308,,0,0,0
4/6/2022,Melaka,,0,1.046101702,3.127391535,,0,0,0.183964208
5/6/2022,Melaka,,0,1.046452004,2.575314142,,0,0,0
6/6/2022,Melaka,,0,2.094109271,2.942820988,,0,1.047054635,0
7/6/2022,Melaka,,0,4.191993293,6.252735572,,0,0,0
8/6/2022,Melaka,,0,3.146072129,6.252068699,,0,0,0
9/6/2022,Melaka,,0,5.249619403,6.067236006,,0,0,0
10/6/2022,Melaka,,0,5.253425233,7.537582201,,0,0,0
11/6/2022,Melaka,,0,6.307026027,6.434272982,,0,0,0
12/6/2022,Melaka,,0,7.360982586,6.985692199,,0,0,0
13/6/2022,Melaka,,0,7.366482505,8.823529412,,0,0,0
14/6/2022,Melaka,,0,8.424511115,9.00670724,,0,0,0
15/6/2022,Melaka,,0,10.5366306,7.903075215,,0,0,0
16/6/2022,Melaka,,0,8.436682696,9.005118215,,0,0,0
17/6/2022,Melaka,,0,3.164890811,7.534022543,,0,0,0
18/6/2022,Melaka,,0,4.22065589,6.063679661,,0,0,0
19/6/2022,Melaka,,0,3.165658932,4.777348021,,0,0,0
20/6/2022,Melaka,,0,11.6109692,8.084104079,,0,0,0.183729638
21/6/2022,Melaka,,0,4.223731033,12.30934298,,0,0,0.183721537
22/6/2022,Melaka,,0,4.225738976,6.980456559,,0,0,0
23/6/2022,Melaka,,0,6.341288127,9.55132644,,0,0,0
24/6/2022,Melaka,,0,4.230073709,6.979379607,,0,0,0
25/6/2022,Melaka,,0,5.289046385,8.26481192,,0,0,0
26/6/2022,Melaka,,0,6.347594262,8.080971333,,0,1.057932377,0
27/6/2022,Melaka,,0,12.7008319,14.50808412,,0,1.058402659,0
28/6/2022,Melaka,,0,3.175947491,12.85450899,,0,0,0
29/6/2022,Melaka,,0,16.9496912,13.9554271,,0,0,0
30/6/2022,Melaka,,0,12.71860095,8.996751989,,0,0,0
1/7/2022,Melaka,,0,8.480775143,9.179449049,,0,0,0
2/7/2022,Melaka,,0,4.241106929,4.77318206,,0,0,0
3/7/2022,Melaka,,0,2.120800814,7.159681082,,0,0,0
4/7/2022,Melaka,,0,6.364697146,13.76768229,,0,0,0
5/7/2022,Melaka,,0,11.67207827,14.13424967,,0,0,0
6/7/2022,Melaka,,0,7.430209107,11.01303393,,0,0,0.183550565
7/7/2022,Melaka,,0,9.557995794,13.94879325,,0,0,0.183536753
8/7/2022,Melaka,,0,9.563175399,9.726680284,,0,1.062575044,0
9/7/2022,Melaka,,0,6.37606002,10.46040462,,0,0,0
10/7/2022,Melaka,,0,4.250842198,7.156974472,,0,0,0.183512166
11/7/2022,Melaka,,0,17.00969553,15.04716921,,0,1.06310597,0.183502063
12/7/2022,Melaka,,0,19.14018056,18.53289221,,0,0,0
13/7/2022,Melaka,,0,7.446016381,20.36648667,,0,1.063716626,0
14/7/2022,Melaka,,22.96211251,22.34684431,18.89679415,,0,0,0
15/7/2022,Melaka,,0,8.516708718,14.30882855,,0,1.06458859,0.18344652
16/7/2022,Melaka,,0,6.388619739,13.02417728,,0,0,0
17/7/2022,Melaka,,0,7.454183394,14.12481197,,0,0,0.183439117
18/7/2022,Melaka,,0,14.91265445,24.03030386,,0,0,0.183437434
19/7/2022,Melaka,,0,13.84982528,15.95791513,,0,0,0
20/7/2022,Melaka,,0,12.78895035,18.34152282,,0,1.065745862,0
21/7/2022,Melaka,,0,10.66302702,21.27476171,,0,0,0
22/7/2022,Melaka,,0,12.80150204,16.68803101,,0,0,0
23/7/2022,Melaka,,0,10.67008109,11.18590796,,0,0,0
24/7/2022,Melaka,,0,9.603072983,15.03610499,,0,0,0
25/7/2022,Melaka,,0,17.07285842,19.43556194,,0,0,0
26/7/2022,Melaka,,0,16.01127194,18.15088334,,0,0,0
27/7/2022,Melaka,,0,12.81257341,16.31617446,,0,0,0
28/7/2022,Melaka,,0,13.88503194,18.14745633,,0,0,0
29/7/2022,Melaka,,0,13.89215414,13.37971635,,0,0,0
30/7/2022,Melaka,,0,11.75791521,11.17988061,,0,1.068901383,0.183276731
31/7/2022,Melaka,,0,11.76093232,13.92852103,,0,0,0.183270014
1/8/2022,Melaka,,0,18.18279052,24.92335153,,0,0,0.183259938
2/8/2022,Melaka,,0,21.39861337,20.52372139,,0,0,0
3/8/2022,Melaka,,0,24.61867808,17.40758861,,0,0,0
4/8/2022,Melaka,,0,20.35002035,17.04023878,,0,0,0
5/8/2022,Melaka,,0,15.00455495,14.29047778,,0,0,0.183211254
6/8/2022,Melaka,,0,12.86339079,13.92369813,,0,0,0
7/8/2022,Melaka,,0,22.51503683,12.64090487,,0,1.072144611,0
8/8/2022,Melaka,,0,23.59401141,25.28055925,,0,0,0.183192458
9/8/2022,Melaka,,0,18.23819077,21.79882433,,0,1.072834751,0.183183398
10/8/2022,Melaka,,0,22.53654139,24.72821856,,0,0,0
11/8/2022,Melaka,,0,15.02742505,18.86585098,,0,0,0.183163602
12/8/2022,Melaka,,0,15.03484863,17.58270741,,0,0,0
13/8/2022,Melaka,,0,9.666505558,15.93386165,,0,1.074056173,0.183147835
14/8/2022,Melaka,,0,7.519523907,17.94766607,,0,1.074217701,0.18313945
15/8/2022,Melaka,,23.16960148,23.63939182,18.13014145,,0,0,0
16/8/2022,Melaka,,46.38218924,12.89753979,25.08776138,,0,0,0
17/8/2022,Melaka,,0,15.0524686,16.84629949,,0,0,0.183111951
18/8/2022,Melaka,,0,21.507689,18.12635719,,0,0,0
19/8/2022,Melaka,,0,19.36212553,12.08313195,,0,0,0.183077757
20/8/2022,Melaka,,0,10.7584723,9.885999777,,0,1.07584723,0
21/8/2022,Melaka,,0,15.06575124,9.519799352,,0,0,0
22/8/2022,Melaka,,0,21.52667155,15.19439675,,0,0,0
23/8/2022,Melaka,,23.25040688,15.07337504,13.7293739,,0,0,0
24/8/2022,Melaka,,0,10.77005924,11.3491587,,0,0,0
25/8/2022,Melaka,,0,12.93089514,15.00968308,,0,0,0
26/8/2022,Melaka,,0,11.85932682,12.99478561,,0,0,0
27/8/2022,Melaka,,0,11.86073342,9.883050568,,0,0,0
28/8/2022,Melaka,,0,9.704445714,8.967789165,,0,0,0
29/8/2022,Melaka,,23.26663564,17.25606928,16.28771796,,0,0,0
30/8/2022,Melaka,,0,9.708528403,13.17612267,,0,0,0
31/8/2022,Melaka,,0,8.631479004,10.61390458,,0,0,0
1/9/2022,Melaka,,0,9.71219528,13.17527879,,0,1.079132809,0
2/9/2022,Melaka,,0,11.87712574,12.80822068,,0,0,0
3/9/2022,Melaka,,0,3.239740821,7.867633471,,0,0,0
4/9/2022,Melaka,,23.26663564,9.720167187,6.952728763,,0,0,0
5/9/2022,Melaka,,0,16.20447892,12.99050595,,0,0,0
6/9/2022,Melaka,,0,15.12712185,10.61136074,,0,0,0
7/9/2022,Melaka,,0,17.28963378,10.61132191,,0,0,0.182953826
8/9/2022,Melaka,,23.25040688,16.21306124,13.90372766,,0,0,0
9/9/2022,Melaka,,0,8.651173856,7.500132624,,0,0,0
10/9/2022,Melaka,,23.25040688,6.489573419,7.500036586,,0,0,0
11/9/2022,Melaka,,0,9.734570705,6.036614813,,0,0,0
12/9/2022,Melaka,,0,10.81654065,13.71950383,,0,1.081654065,0
13/9/2022,Melaka,,0,15.14807241,14.26781419,,0,0,0
14/9/2022,Melaka,,0,11.90231446,7.49943297,,0,0,0
15/9/2022,Melaka,,23.24500232,7.576577552,10.79164982,,0,0,0
16/9/2022,Melaka,,0,4.331348132,3.658032491,,0,0,0.182901625
17/9/2022,Melaka,,0,6.497444339,6.035687373,,0,0,0
18/9/2022,Melaka,,0,6.497444339,7.498802021,,0,0,0
19/9/2022,Melaka,,23.22880372,9.746483144,13.89988789,,0,0,0
20/9/2022,Melaka,,0,17.33045937,10.97311404,,0,0,0
21/9/2022,Melaka,,0,21.66847237,11.15553003,,0,0,0
22/9/2022,Melaka,,0,9.751974775,8.777881202,,0,0,0
23/9/2022,Melaka,,0,3.251398101,5.668965341,,0,0,0
24/9/2022,Melaka,,0,5.419349245,5.851717479,,0,0,0
25/9/2022,Melaka,,0,6.50364204,7.131689387,,0,0,0
26/9/2022,Melaka,,0,17.34530159,10.97170945,,0,0,0
27/9/2022,Melaka,,0,8.674813763,10.78851225,,0,0,0
28/9/2022,Melaka,,0,11.93084449,8.959705098,,0,0,0
29/9/2022,Melaka,,0,6.508792294,6.216779087,,0,0,0
30/9/2022,Melaka,,0,2.169785734,6.033513425,,0,0,0
1/10/2022,Melaka,,0,2.169997613,4.38796965,,0,0,0
2/10/2022,Melaka,,0,4.340324873,6.947504292,,0,0,0
3/10/2022,Melaka,,0,5.425759335,9.872516559,,0,0,0
4/10/2022,Melaka,,0,10.85352088,7.861290275,,0,0,0
5/10/2022,Melaka,,0,7.598701708,6.398607663,,0,0,0
6/10/2022,Melaka,,0,8.685267615,6.215642579,,0,0,0.182813017
7/10/2022,Melaka,,0,8.688191662,5.301238296,,0,0,0
8/10/2022,Melaka,,0,1.086082933,2.924740932,,0,0,0
9/10/2022,Melaka,,0,5.430945528,3.655926165,,0,0,0
10/10/2022,Melaka,,0,7.604397514,7.677318642,,0,0,0
11/10/2022,Melaka,,0,5.432361665,7.67709411,,0,0,0
12/10/2022,Melaka,,0,10.86590388,6.945675677,,0,0,0
13/10/2022,Melaka,,0,7.607124616,7.859020145,,0,0,0
14/10/2022,Melaka,,23.26663564,10.87133772,8.77260316,,0,0,0
15/10/2022,Melaka,,0,4.349102454,3.106901159,,0,0,0
16/10/2022,Melaka,,23.26122354,4.348960598,5.299949742,,0,0,0
17/10/2022,Melaka,,0,9.785799717,9.68606194,,0,0,0
18/10/2022,Melaka,,0,6.525001631,9.868583365,,0,0,0
19/10/2022,Melaka,,0,15.22848161,8.954449265,,0,0,0.182743863
20/10/2022,Melaka,,0,4.352651853,9.319868864,,0,0,0
21/10/2022,Melaka,,0,8.706724857,7.492265606,,0,1.088340607,0
22/10/2022,Melaka,,0,5.442236106,4.933777739,,0,0,0
23/10/2022,Melaka,,0,7.619545222,4.202816984,,0,0,0
24/10/2022,Melaka,,0,5.442591544,9.684592909,,0,0,0
25/10/2022,Melaka,,0,15.24124717,12.9735577,,0,0,0
26/10/2022,Melaka,,0,15.2447324,13.52151382,,0,0,0
27/10/2022,Melaka,,0,7.62261521,14.0693491,,0,0,0
28/10/2022,Melaka,,0,18.51428322,12.05906751,,0,0,0
29/10/2022,Melaka,,0,13.07132587,7.491074659,,0,0,0
30/10/2022,Melaka,,0,6.535947712,10.77983914,,0,0,0
31/10/2022,Melaka,,0,20.69919709,17.54007725,,0,0,0
1/11/2022,Melaka,,0,26.14777853,13.88559005,,0,0,0
2/11/2022,Melaka,,0,11.98557373,18.08757676,,0,0,0
3/11/2022,Melaka,,0,16.34592333,14.43325715,,0,0,0
4/11/2022,Melaka,,0,21.79717727,20.64454838,,0,0,0
5/11/2022,Melaka,,0,11.99001559,11.87505252,,0,0,0
6/11/2022,Melaka,,0,22.89002976,12.78840129,,0,0,0
7/11/2022,Melaka,,0,27.25003543,24.84526515,,0,0,0
8/11/2022,Melaka,,23.33177788,33.79446425,30.87355725,,0,0,0
9/11/2022,Melaka,,23.33722287,31.61624421,21.55644867,,0,0,0
10/11/2022,Melaka,,0,33.79999128,19.18074472,,0,0,0
11/11/2022,Melaka,,46.66355576,43.61859897,16.43982749,,0,0,0
12/11/2022,Melaka,,0,13.0862932,9.315749096,,0,0,0
13/11/2022,Melaka,,0,19.63051018,22.28428538,,0,0,0
14/11/2022,Melaka,,0,27.26905834,26.48474387,,0,0,0
15/11/2022,Melaka,,0,37.08672841,29.95439261,,0,0,0
16/11/2022,Melaka,,0,38.17918035,24.29188249,,0,0,0
17/11/2022,Melaka,,,,,,0,0,0.182642064
18/11/2022,Melaka,,,,,,0,0,0.182630055
19/11/2022,Melaka,,,,,,0,0,0
20/11/2022,Melaka,,,,,,0,0,0
21/11/2022,Melaka,,,,,,0,0,0
22/11/2022,Melaka,,,,,,0,0,0
23/11/2022,Melaka,,,,,,0,0,0
24/5/2021,Negeri Sembilan,,26.06785089,30.97125867,,,0,0,
25/5/2021,Negeri Sembilan,,42.79489574,62.47025226,,,0,0,
26/5/2021,Negeri Sembilan,,53.32239541,43.91743522,,,4.101722724,0,
27/5/2021,Negeri Sembilan,,35.42888635,58.54800937,,,0,0,
28/5/2021,Negeri Sembilan,,22.06920904,20.49000381,,,4.413841808,0,
29/5/2021,Negeri Sembilan,,41.53207199,61.47001142,,,0,0,
30/5/2021,Negeri Sembilan,,36.14348965,29.27143401,,,0,0,
31/5/2021,Negeri Sembilan,,44.30660168,65.62054208,,,4.430660168,0,
1/6/2021,Negeri Sembilan,,40.90537224,22.084196,,,4.54504136,0,
2/6/2021,Negeri Sembilan,,117.7911798,56.60682517,,,4.711647192,0,
3/6/2021,Negeri Sembilan,,62.81144006,97.80597409,,,0,0,
4/6/2021,Negeri Sembilan,,40.03639672,49.49076606,,,0,0,
5/6/2021,Negeri Sembilan,,45.67401801,33.85416667,,,6.524859716,0,
6/6/2021,Negeri Sembilan,,15.7520005,78.12296555,,,3.150400101,0,
7/6/2021,Negeri Sembilan,,12.19140506,24.68709112,,,0,0,
8/6/2021,Negeri Sembilan,,17.93936495,31.85510478,,,0,0,
9/6/2021,Negeri Sembilan,,30.81569135,56.84272754,,,9.244707405,0,
10/6/2021,Negeri Sembilan,,48.09732635,60.22344977,,,5.658508983,0,
11/6/2021,Negeri Sembilan,,43.97537379,31.36947358,,,0,0,
12/6/2021,Negeri Sembilan,,28.93099957,23.3540276,,,0,0,
13/6/2021,Negeri Sembilan,,42.28528472,44.76188623,,,2.349182484,0,
14/6/2021,Negeri Sembilan,,32.20834196,20.58113645,,,0,0,
15/6/2021,Negeri Sembilan,,33.90620696,49.9411408,,,2.119137935,0,
16/6/2021,Negeri Sembilan,,39.50071101,60.26338645,,,0,0,
17/6/2021,Negeri Sembilan,,18.15376237,33.67659831,,,1.815376237,0,
18/6/2021,Negeri Sembilan,,13.56737047,30.11354578,,,3.391842619,0,
19/6/2021,Negeri Sembilan,,35.76072822,31.88493083,,,0,0,
20/6/2021,Negeri Sembilan,,40.33624292,35.42770092,,,0,0,
21/6/2021,Negeri Sembilan,,11.26379815,17.71385046,,,3.218228044,0,
22/6/2021,Negeri Sembilan,,36.50578769,43.16069057,,,1.521074487,0,
23/6/2021,Negeri Sembilan,,54.77605023,32.37817711,,,4.213542325,0,
24/6/2021,Negeri Sembilan,,33.4914128,56.94850906,,,1.339656512,0,
25/6/2021,Negeri Sembilan,,37.61202547,49.80002179,,,1.296966396,0,
26/6/2021,Negeri Sembilan,,35.57995324,29.52832388,,,1.270712616,0,
27/6/2021,Negeri Sembilan,,44.39877713,23.31183464,,,2.537072979,0,
28/6/2021,Negeri Sembilan,,31.65959602,33.67518751,,,2.532767682,0,
29/6/2021,Negeri Sembilan,,46.83347188,41.53193509,,,2.341673594,0,
30/6/2021,Negeri Sembilan,,53.50881188,32.10741389,,,2.276970718,0,
1/7/2021,Negeri Sembilan,,42.12299916,28.60493721,,,1.108499978,0,
2/7/2021,Negeri Sembilan,,51.61179329,61.30439023,,,2.150491387,1.393281596,
3/7/2021,Negeri Sembilan,,55.08153106,42.70325371,,,1.039274171,0,
4/7/2021,Negeri Sembilan,,35.64118492,34.24094669,,,1.018319569,0,
5/7/2021,Negeri Sembilan,,46.60987534,25.50883411,,,0.991699475,0,
6/7/2021,Negeri Sembilan,,41.17551302,41.96281046,,,1.91514014,0,
7/7/2021,Negeri Sembilan,,34.75302488,50.62137741,,,2.743659859,0,
8/7/2021,Negeri Sembilan,,37.94158645,42.38622327,,,3.299268387,0,
9/7/2021,Negeri Sembilan,,74.05412683,59.45025995,,,5.236150382,1.165691372,
10/7/2021,Negeri Sembilan,,65.2879129,59.86438415,,,2.040247278,1.151238157,
11/7/2021,Negeri Sembilan,,64.13902436,67.14770218,,,1.210170271,0,
12/7/2021,Negeri Sembilan,,46.56870802,47.44315294,,,0.547867153,0,
13/7/2021,Negeri Sembilan,,52.85357487,54.84380484,,,1.036344605,1.096876097,
14/7/2021,Negeri Sembilan,,71.82070404,53.92146497,,,0.983845261,0,
15/7/2021,Negeri Sembilan,,102.1169449,54.71457231,,,1.865149678,0,
16/7/2021,Negeri Sembilan,,85.70948901,52.72871078,,,0.44180149,0,
17/7/2021,Negeri Sembilan,,86.31149694,43.44845565,,,1.25089126,0,
18/7/2021,Negeri Sembilan,,72.09861532,42.12178941,,,1.169166735,0,
19/7/2021,Negeri Sembilan,,71.35695309,52.24995646,,,2.195598557,0.916665903,
20/7/2021,Negeri Sembilan,,73.44997379,43.69292612,,,1.426213083,0,
21/7/2021,Negeri Sembilan,,58.0636307,31.66112597,,,2.815206337,2.499562577,
22/7/2021,Negeri Sembilan,,98.31441157,61.47655508,,,1.042202243,0,
23/7/2021,Negeri Sembilan,,76.34576451,41.77529533,,,1.704146529,0,
24/7/2021,Negeri Sembilan,,99.07256154,53.63532576,,,2.650770877,1.532437879,
25/7/2021,Negeri Sembilan,,88.68770801,41.95270786,,,2.860893807,0.762776506,
26/7/2021,Negeri Sembilan,,88.38513511,40.38534966,,,0.622430529,0,
27/7/2021,Negeri Sembilan,,104.0044764,46.16579115,,,1.216426625,0,
28/7/2021,Negeri Sembilan,,93.85124876,46.09033706,,,1.195557309,0,
29/7/2021,Negeri Sembilan,,107.9887401,63.30044694,,,0.606678315,0.639398454,
30/7/2021,Negeri Sembilan,,94.15256457,40.33959735,,,2.182344212,0,
31/7/2021,Negeri Sembilan,,101.1296533,50.50753917,,,2.552167907,0,
1/8/2021,Negeri Sembilan,,123.6821169,55.66259902,,,1.671379958,0.611676912,
2/8/2021,Negeri Sembilan,,86.25036952,37.41292587,,,3.477837481,0,
3/8/2021,Negeri Sembilan,,91.03566456,43.34075202,,,2.142015637,0,
4/8/2021,Negeri Sembilan,,99.25704265,39.26540045,,,1.838093382,0.560934292,
5/8/2021,Negeri Sembilan,,121.805915,37.85132426,,,1.517830716,0,
6/8/2021,Negeri Sembilan,,95.76241463,38.56576491,,,0.788168022,0,
7/8/2021,Negeri Sembilan,,77.61838858,36.45052853,,,2.464075828,0,
8/8/2021,Negeri Sembilan,,89.88840996,34.4000678,,,1.284120142,0.997103415,
9/8/2021,Negeri Sembilan,,87.82427864,29.70856853,,,1.365144227,0,
10/8/2021,Negeri Sembilan,,84.86759727,39.83242909,,,2.782544173,0.457844013,
11/8/2021,Negeri Sembilan,,78.35528525,23.94543861,,,2.798403045,0,
12/8/2021,Negeri Sembilan,,115.5278917,44.29521177,,,0.94308483,0,
13/8/2021,Negeri Sembilan,,89.53909384,32.21804581,,,2.446423329,0.740644731,
14/8/2021,Negeri Sembilan,,86.47332119,34.26554063,,,0.511676457,0,
15/8/2021,Negeri Sembilan,,92.8692783,38.19048894,,,1.092579745,0,
16/8/2021,Negeri Sembilan,,52.61192763,20.84357365,,,0,0.933294342,
17/8/2021,Negeri Sembilan,,88.36981574,23.33653349,,,0.59709335,0.295399158,
18/8/2021,Negeri Sembilan,,92.08974335,32.60680133,,,1.892255,0,
19/8/2021,Negeri Sembilan,,58.3475462,22.48141269,,,3.205909132,0.267635865,
20/8/2021,Negeri Sembilan,,77.19885903,18.13597897,,,0,0.255436324,
21/8/2021,Negeri Sembilan,,93.66716932,20.60879358,,,0,0,
22/8/2021,Negeri Sembilan,,56.22226536,17.88252125,,,0,0.235296332,
23/8/2021,Negeri Sembilan,,52.58261538,20.36254481,,,0.674136095,0.228792638,
24/8/2021,Negeri Sembilan,,55.02380969,21.67145621,,,0.679306292,0,
25/8/2021,Negeri Sembilan,,70.1310488,15.84479146,,,0.687559302,0.220066548,
26/8/2021,Negeri Sembilan,,62.11265856,17.47432127,,,0,0.213101479,
27/8/2021,Negeri Sembilan,,47.77103137,14.0303096,,,1.384667576,0,
28/8/2021,Negeri Sembilan,,47.41947406,17.76830135,,,0,0.199643835,
29/8/2021,Negeri Sembilan,,31.18546342,10.37259131,,,0,0.19570927,
30/8/2021,Negeri Sembilan,,39.54536467,8.541476461,,,0.681816632,0,
31/8/2021,Negeri Sembilan,,43.41803296,12.73335253,,,0,0,
1/9/2021,Negeri Sembilan,,57.1198883,13.58028939,,,2.115551418,0.181070525,
2/9/2021,Negeri Sembilan,,49.43477155,16.89051038,,,0,0,
3/9/2021,Negeri Sembilan,,48.76030616,16.93317506,,,0,0.174568815,
4/9/2021,Negeri Sembilan,,30.48803726,14.3603088,,,0.762200931,0.173015769,
5/9/2021,Negeri Sembilan,,22.43019568,10.45390513,,,2.320365071,0.514126482,
6/9/2021,Negeri Sembilan,,38.73334071,10.3114567,,,0.790476341,0.169040274,
7/9/2021,Negeri Sembilan,,24.57183576,16.31791291,,,0,0.166509315,
8/9/2021,Negeri Sembilan,,28.75823627,18.54517226,,,0,0.164116569,
9/9/2021,Negeri Sembilan,,27.4671723,13.27933072,,,0,0.161943058,
10/9/2021,Negeri Sembilan,,18.40976454,14.8761679,,,0,0,
11/9/2021,Negeri Sembilan,,31.53368371,8.873676871,,,1.911132346,0.475375547,
12/9/2021,Negeri Sembilan,,28.42914281,6.777919116,,,0.980315269,0.157626026,
13/9/2021,Negeri Sembilan,,27.44013984,13.4013791,,,0,0,
14/9/2021,Negeri Sembilan,,19.22070711,9.610212866,,,0,0,
15/9/2021,Negeri Sembilan,,28.27510547,15.28848609,,,2.262008437,0,
16/9/2021,Negeri Sembilan,,28.2444248,12.84768092,,,0,0,
17/9/2021,Negeri Sembilan,,10.10407194,5.528915481,,,0,0.149430148,
18/9/2021,Negeri Sembilan,,30.17111331,11.44697153,0,,0,0.297323936,0
19/9/2021,Negeri Sembilan,,30.97845448,8.57612643,0,,0,0.147864249,0
20/9/2021,Negeri Sembilan,,10.10305112,7.610260973,0,,0,0.146351173,0
21/9/2021,Negeri Sembilan,,40.00945678,11.46387935,0,,0,0,0
22/9/2021,Negeri Sembilan,,25.44159337,10.32631144,0,,0,0.143420992,0
23/9/2021,Negeri Sembilan,,42.75746798,15.33374318,0,,0,0,0
24/9/2021,Negeri Sembilan,,27.08220491,16.84591185,0,,0,0,0
25/9/2021,Negeri Sembilan,,19.72516273,9.35613064,0,,0,0.139643741,0
26/9/2021,Negeri Sembilan,,48.11056683,5.552270462,0,,0,0,0
27/9/2021,Negeri Sembilan,,11.008124,7.281580075,0,,0,0,0
28/9/2021,Negeri Sembilan,,23.03935121,17.6898667,0,,0,0,0
29/9/2021,Negeri Sembilan,,4.75217412,12.91464763,0,,0,0.134527579,0
30/9/2021,Negeri Sembilan,,19.68891514,14.88508314,0,,0,0,0
1/10/2021,Negeri Sembilan,,20.47606859,17.86108836,0,,2.559508574,0,0
2/10/2021,Negeri Sembilan,,5.415651232,12.5969539,0,,2.707825616,0,0
3/10/2021,Negeri Sembilan,,5.515415587,6.905771401,0,,0,0.130297574,0
4/10/2021,Negeri Sembilan,,0,5.302549233,0,,0,0,0
5/10/2021,Negeri Sembilan,,23.55643238,22.59808213,0,,0,0,0
6/10/2021,Negeri Sembilan,,24.23801733,17.31906072,0,,0,0,0
7/10/2021,Negeri Sembilan,,24.84857897,17.98246901,0,,0,0,0
8/10/2021,Negeri Sembilan,,18.84362928,19.55846138,0,,3.14060488,0.127002996,0
9/10/2021,Negeri Sembilan,,3.171079753,13.07116552,0,,0,0,0
10/10/2021,Negeri Sembilan,,31.82281059,14.58160309,0,,0,0,0
11/10/2021,Negeri Sembilan,,3.208933671,10.60924874,0,,0,0,0
12/10/2021,Negeri Sembilan,,13.79310345,16.24402812,0,,3.448275862,0.125922699,0
13/10/2021,Negeri Sembilan,,11.00998238,3.138326117,0,,0,0,0
14/10/2021,Negeri Sembilan,,12.30466347,14.89246141,0,,8.203108978,0.125146735,0
15/10/2021,Negeri Sembilan,,30.86555845,31.18291775,0,,0,0.124731671,0
16/10/2021,Negeri Sembilan,,32.74547411,18.31641038,0,,0,0.249202862,0
17/10/2021,Negeri Sembilan,,9.467455621,6.473797305,0,,0,0.124496102,0
18/10/2021,Negeri Sembilan,,19.27060751,8.939468623,0,,0,0.124159286,0
19/10/2021,Negeri Sembilan,,14.87357462,11.15023329,0,,0,0,0
20/10/2021,Negeri Sembilan,,4.985790497,17.06655586,0,,0,0.123670695,0
21/10/2021,Negeri Sembilan,,25.83445283,18.90450261,0,,0,0.494235362,0
22/10/2021,Negeri Sembilan,,21.18195298,13.45519543,0,,0,0,0
23/10/2021,Negeri Sembilan,,10.72098633,19.86982181,0,,0,0.123415042,0
24/10/2021,Negeri Sembilan,,21.52157538,9.746372252,0,,0,0.246743601,0
25/10/2021,Negeri Sembilan,,5.38155204,9.715471951,0,,5.38155204,0.245961315,0
26/10/2021,Negeri Sembilan,,5.397527932,17.41803404,237.5296912,,0,0,0
27/10/2021,Negeri Sembilan,,0,23.09217688,0,,0,0.12218083,0
28/10/2021,Negeri Sembilan,,16.51254954,18.4031434,91.32420091,,0,0,0
29/10/2021,Negeri Sembilan,,11.13957892,13.62513838,0,,0,0,0
30/10/2021,Negeri Sembilan,,5.582226192,12.76917109,0,,0,0.121611153,0
31/10/2021,Negeri Sembilan,,0,10.21044456,43.08487721,,0,0,0
1/11/2021,Negeri Sembilan,,5.736247347,9.352344098,0,,0,0.242918029,0
2/11/2021,Negeri Sembilan,,5.959475566,14.32981403,87.79631255,,0,0,0
3/11/2021,Negeri Sembilan,,0,20.38528183,89.44543828,,0,0,0
4/11/2021,Negeri Sembilan,,0,15.76487537,17.28907331,,0,0,0
5/11/2021,Negeri Sembilan,,0,9.8219201,14.09840688,,0,0.242516546,0
6/11/2021,Negeri Sembilan,,19.54142783,17.944005,13.47527287,,0,0,0
7/11/2021,Negeri Sembilan,,0,13.71131256,0,,0,0.242678098,0
8/11/2021,Negeri Sembilan,,0,11.89158755,9.715340523,,0,0,0
9/11/2021,Negeri Sembilan,,14.11333004,20.5111027,24.48579824,,0,0.121367472,0
10/11/2021,Negeri Sembilan,,28.94984439,21.61744649,6.562110375,,0,0,0
11/11/2021,Negeri Sembilan,,22.51914127,22.36989596,32.65626021,,0,0.121575521,0
12/11/2021,Negeri Sembilan,,0,9.129151938,6.106870229,,0,0.243444052,0
13/11/2021,Negeri Sembilan,,0,18.61875602,29.76013333,,0,0.121691216,0
14/11/2021,Negeri Sembilan,,34.47978623,25.95310651,28.94523561,,0,0.12184557,0
15/11/2021,Negeri Sembilan,,17.24881414,16.10199884,0,,0,0.12198484,4.884720594
16/11/2021,Negeri Sembilan,,18.01477211,23.09889382,16.07910922,,0,0.122216369,0
17/11/2021,Negeri Sembilan,,0,20.71875697,10.02338791,,0,0.122596195,0
18/11/2021,Negeri Sembilan,,10.30927835,20.96484894,14.4246026,,0,0.122601456,0
19/11/2021,Negeri Sembilan,,0,12.75070773,15.49987083,,0,0,0
20/11/2021,Negeri Sembilan,,10.68147832,14.46677668,10.02004008,,0,0.122599802,0
21/11/2021,Negeri Sembilan,,0,6.991977626,0,,0,0.245332548,0
22/11/2021,Negeri Sembilan,,10.99747058,13.90066071,8.86446237,,0,0,0
23/11/2021,Negeri Sembilan,,22.76089678,15.32657975,5.948368164,,0,0.370804349,0
24/11/2021,Negeri Sembilan,,0,13.41898289,5.388318126,,0,0,0
25/11/2021,Negeri Sembilan,,35.11235955,16.61067329,9.885655913,,0,0,0
26/11/2021,Negeri Sembilan,,11.66861144,15.91975441,6.197226741,,0,0.250704794,0
27/11/2021,Negeri Sembilan,,11.86380354,11.29510984,10.63781287,,0,0.12550122,0
28/11/2021,Negeri Sembilan,,11.87648456,8.923028199,4.463953575,,0,0.251352907,0
29/11/2021,Negeri Sembilan,,0,15.14652368,5.508427895,,0,0.378663092,0
30/11/2021,Negeri Sembilan,,0,14.97454328,6.315204486,,0,0.126902909,0
1/12/2021,Negeri Sembilan,,12.16989169,17.36046843,5.801810165,,0,0.255301006,0
2/12/2021,Negeri Sembilan,,0,8.605586696,4.299873154,,0,0.256883185,0
3/12/2021,Negeri Sembilan,,0,11.61207914,4.062934861,,0,0.129023102,0
4/12/2021,Negeri Sembilan,,12.64702163,37.07732495,23.03916658,,0,0,0
5/12/2021,Negeri Sembilan,,0,12.68309602,6.923016061,,0,0.129419347,0
6/12/2021,Negeri Sembilan,,12.667849,22.79586757,8.501553895,,0,0.260524201,0
7/12/2021,Negeri Sembilan,,0,19.43754572,3.585771658,,0,0.131334768,0
8/12/2021,Negeri Sembilan,,25.98752599,23.45626004,8.48629887,,0,0,0
9/12/2021,Negeri Sembilan,,0,16.98212865,6.46668445,,0,0.133717548,0
10/12/2021,Negeri Sembilan,,0,20.46741103,7.762347955,,0,0.13465402,0
11/12/2021,Negeri Sembilan,,53.12790543,13.75992705,6.873744587,,0,0,0
12/12/2021,Negeri Sembilan,,0,9.729571953,2.263570103,,0,0,0
13/12/2021,Negeri Sembilan,,0,17.67618053,5.105576018,,0,0.135970619,0
14/12/2021,Negeri Sembilan,,0,18.6292438,4.899524746,,0,0.273959468,0
15/12/2021,Negeri Sembilan,,0,12.98364061,6.002200807,,0,0.138123836,0
16/12/2021,Negeri Sembilan,,13.73060552,14.20084732,4.494208891,,0,0,0
17/12/2021,Negeri Sembilan,,0,14.43944126,5.558987029,,0,0.42056625,0
18/12/2021,Negeri Sembilan,,0,10.54481547,4.262626509,,0,0.281195079,0
19/12/2021,Negeri Sembilan,,0,4.086475457,2.994137479,,0,0,0
20/12/2021,Negeri Sembilan,,0,8.790872239,1.733312534,,0,0,0
21/12/2021,Negeri Sembilan,,14.00952648,16.4355448,4.973145017,,0,0.142917781,0
22/12/2021,Negeri Sembilan,,14.07459536,13.71328269,6.915592533,,0,0,0
23/12/2021,Negeri Sembilan,,0,15.42758423,4.611482592,,0,0.291086495,0
24/12/2021,Negeri Sembilan,,14.21464108,9.837764977,4.454783943,,0,0.293664626,0
25/12/2021,Negeri Sembilan,,0,13.1123775,3.428582624,,0,0.147330084,0
26/12/2021,Negeri Sembilan,,0,7.544501464,1.941870118,,0,0,0
27/12/2021,Negeri Sembilan,,28.62049227,12.53609724,4.706635415,,0,0,0
28/12/2021,Negeri Sembilan,,14.31844215,14.34282677,6.34325146,,0,0,0
29/12/2021,Negeri Sembilan,,14.37814522,17.08666294,8.324205915,,0,0,0
30/12/2021,Negeri Sembilan,,0,15.26748165,6.778253668,,0,0,0
31/12/2021,Negeri Sembilan,,28.90591126,15.27224332,10.33878118,,0,0,0
1/1/2022,Negeri Sembilan,,14.49065353,10.94500759,5.369526697,,0,0,0
2/1/2022,Negeri Sembilan,,0,7.369647402,6.976419701,,0,0,0
3/1/2022,Negeri Sembilan,,0,13.14472501,4.038022015,,0,0,0
4/1/2022,Negeri Sembilan,,0,15.08097198,7.93276191,,0,0,0
5/1/2022,Negeri Sembilan,,14.65201465,14.77625342,8.508696274,,0,0,0
6/1/2022,Negeri Sembilan,,14.72537182,18.91018157,7.152537268,,0,0,0
7/1/2022,Negeri Sembilan,,0,15.76896966,10.26287624,,0,0,0
8/1/2022,Negeri Sembilan,,29.6956199,10.7946525,4.759986818,,0,0,0
9/1/2022,Negeri Sembilan,,14.86546752,11.48822457,5.09242756,,0,0,0
10/1/2022,Negeri Sembilan,,0,12.90372314,6.354810238,,0,0,0
11/1/2022,Negeri Sembilan,,0,15.53114839,6.830157879,,0,0,0
12/1/2022,Negeri Sembilan,,15.09661836,15.69984624,6.618177486,,0,0.170650503,0
13/1/2022,Negeri Sembilan,,0,35.75191281,9.590179656,,0,0,0
14/1/2022,Negeri Sembilan,,0,16.96180795,7.454596846,,0,0,0
15/1/2022,Negeri Sembilan,,0,8.922385741,5.827041151,,0,0,0
16/1/2022,Negeri Sembilan,,0,10.00349245,4.561461127,,0,0,0.304097408
17/1/2022,Negeri Sembilan,,15.20218912,20.83541094,8.868917401,,0,0.178080435,0
18/1/2022,Negeri Sembilan,,15.33036946,15.03470662,9.182683754,,0,0,0
19/1/2022,Negeri Sembilan,,0,24.50470103,10.28383381,,0,0,0
20/1/2022,Negeri Sembilan,,30.86896126,21.79623526,14.51059004,,0,0,0
21/1/2022,Negeri Sembilan,,0,17.01252428,8.211006987,,0,0,0
22/1/2022,Negeri Sembilan,,0,17.72499668,9.702169615,,0,0,0
23/1/2022,Negeri Sembilan,,0,9.684648476,6.240963605,,0,0,0
24/1/2022,Negeri Sembilan,,0,23.47334493,9.891999655,,0,0,0
25/1/2022,Negeri Sembilan,,0,31.39900691,14.35269352,,0,0,0
26/1/2022,Negeri Sembilan,,92.85051068,30.47750842,8.795783888,,0,0,0
27/1/2022,Negeri Sembilan,,46.4180721,29.36832742,13.77024582,,15.4726907,0,0
28/1/2022,Negeri Sembilan,,0,30.34784616,11.64800656,,0,0,0
29/1/2022,Negeri Sembilan,,31.06072371,21.97797462,8.549161142,,0,0,0
30/1/2022,Negeri Sembilan,,0,14.97038467,11.24389617,,0,0,0
31/1/2022,Negeri Sembilan,,15.5351872,32.79364158,14.65389749,,0,0,0
1/2/2022,Negeri Sembilan,,31.14294612,26.75877632,15.73218939,,0,0.222989803,0
2/2/2022,Negeri Sembilan,,15.56662516,33.45623535,18.90396136,,0,0,0
3/2/2022,Negeri Sembilan,,31.15750117,54.17539165,34.318114,,0,0,0
4/2/2022,Negeri Sembilan,,0,54.97816479,45.32730089,,0,0,0.209848615
5/2/2022,Negeri Sembilan,,15.58846454,47.94223687,45.07362025,,0,0,0
6/2/2022,Negeri Sembilan,,0,34.3902439,33.44988853,,0,0,0
7/2/2022,Negeri Sembilan,,156.1767921,111.8582135,74.09160604,,0,0.248573808,0
8/2/2022,Negeri Sembilan,,15.65925462,103.1424227,77.14371299,,0,0.253421186,0
9/2/2022,Negeri Sembilan,,46.97040864,107.5868148,87.11656442,,0,0,0
10/2/2022,Negeri Sembilan,,31.34796238,89.15919693,64.92468938,,0,0,0
11/2/2022,Negeri Sembilan,,93.70607528,91.20507068,52.21420226,,0,0.270638192,0
12/2/2022,Negeri Sembilan,,15.625,66.78934097,55.37252965,,15.625,0.272609555,0
13/2/2022,Negeri Sembilan,,0,84.44672317,67.14729295,,0,0,0
14/2/2022,Negeri Sembilan,,281.1621368,183.2320467,106.7032805,,0,0.277624313,0
15/2/2022,Negeri Sembilan,,15.58360605,163.0952978,105.4468625,,0,0.278795381,0
16/2/2022,Negeri Sembilan,,46.71441918,120.9745169,88.24644965,,0,0.280033604,0
17/2/2022,Negeri Sembilan,,77.76049767,165.1811733,119.8005077,,0,0.284304945,0
18/2/2022,Negeri Sembilan,,15.53036186,144.9572492,110.4417485,,0,0.28875946,0
19/2/2022,Negeri Sembilan,,15.52312946,141.22611,120.6219304,,0,0.581177407,0
20/2/2022,Negeri Sembilan,,77.51937984,102.9679866,80.10073997,,0,0,0
21/2/2022,Negeri Sembilan,,15.48467018,164.3763952,135.5121707,,0,0,0.181408528
22/2/2022,Negeri Sembilan,,46.42525534,123.5471073,95.75945512,,0,0,0.179661267
23/2/2022,Negeri Sembilan,,46.18226601,133.0576842,108.7835119,,0,0,0
24/2/2022,Negeri Sembilan,,30.6372549,139.5717887,110.5026903,,0,0,0
25/2/2022,Negeri Sembilan,,15.30924679,143.1123513,127.3992063,,0,0,0
26/2/2022,Negeri Sembilan,,30.67484663,128.8727752,118.339499,,0,0,0
27/2/2022,Negeri Sembilan,,15.30690341,94.39637837,89.71958739,,0,0.664763228,0
28/2/2022,Negeri Sembilan,,45.75263078,206.6269672,175.7493375,,0,0.677465466,0
1/3/2022,Negeri Sembilan,,15.24855139,141.0831321,150.4546012,,0,1.379786133,0
2/3/2022,Negeri Sembilan,,15.23925632,168.144513,169.1503578,,0,0.351032386,0
3/3/2022,Negeri Sembilan,,45.92774036,166.2093521,154.1241229,,0,0,0
4/3/2022,Negeri Sembilan,,0,176.533152,162.4471588,,15.35862387,0.365493068,0
5/3/2022,Negeri Sembilan,,15.35390757,146.5000906,146.9007107,,15.35390757,0.369949724,0.332354549
6/3/2022,Negeri Sembilan,,15.35155051,112.9973,118.3580837,,0,0.372928383,0.165535781
7/3/2022,Negeri Sembilan,,76.6988802,207.1993242,235.1671989,,0,0,0
8/3/2022,Negeri Sembilan,,46.18226601,199.4017946,202.7586975,,0,0.769891099,0.163779239
9/3/2022,Negeri Sembilan,,30.84515731,165.1747447,186.2221665,,0,1.174228043,0
10/3/2022,Negeri Sembilan,,92.70704574,198.2290479,189.9769337,,0,0,0
11/3/2022,Negeri Sembilan,,0,129.1515149,140.7205993,,0,0.403598484,0
12/3/2022,Negeri Sembilan,,46.38218924,126.952248,149.7273801,,0,0.408206585,0.322340969
13/3/2022,Negeri Sembilan,,15.45117429,114.9813722,127.8762094,,0,0.412119614,0.160850578
14/3/2022,Negeri Sembilan,,30.85943527,164.6404303,199.6484521,,0,0.418932393,0.160231502
15/3/2022,Negeri Sembilan,,46.4037123,141.8175507,135.859599,,0,0.846671944,0
16/3/2022,Negeri Sembilan,,31.03662322,114.9908608,145.0926734,,0,0.429070376,0.158918591
17/3/2022,Negeri Sembilan,,15.52072016,83.48733558,82.06993689,,0,0,0
18/3/2022,Negeri Sembilan,,15.56904873,72.38111949,94.74954642,,0,0.438673451,0
19/3/2022,Negeri Sembilan,,31.14779629,80.80825922,79.83179993,,0,0.441575187,0
20/3/2022,Negeri Sembilan,,15.54968123,50.17004538,67.94691292,,0,0,0
21/3/2022,Negeri Sembilan,,0,122.4940323,123.8422329,,0,0,0
22/3/2022,Negeri Sembilan,,0,109.60175,129.4875632,,0,1.819116182,0.315054898
23/3/2022,Negeri Sembilan,,30.9453814,93.20777068,112.0049836,,0,0.918303159,0.15731037
24/3/2022,Negeri Sembilan,,15.44401544,79.66319144,84.36896102,,0,0,0.314223319
25/3/2022,Negeri Sembilan,,0,67.93320212,75.48235737,,0,0.93059181,0.313855956
26/3/2022,Negeri Sembilan,,0,47.07724864,50.34717593,,0,1.398334118,0
27/3/2022,Negeri Sembilan,,15.38698261,53.66784736,46.24962569,,15.38698261,0,0
28/3/2022,Negeri Sembilan,,46.20360388,62.35729322,82.02174202,,0,0.468851829,0.313060084
29/3/2022,Negeri Sembilan,,0,47.55447577,57.21628694,,0,0.470836394,0
30/3/2022,Negeri Sembilan,,0,47.27283041,49.64685164,,15.37988311,0.472728304,0
31/3/2022,Negeri Sembilan,,15.4059467,48.39283596,47.88562355,,0,0.474439568,0
1/4/2022,Negeri Sembilan,,0,50.9375848,61.5214967,,0,0.476052194,0.155750625
2/4/2022,Negeri Sembilan,,15.42020046,35.28413263,38.58288787,,0,1.430437809,0
3/4/2022,Negeri Sembilan,,0,46.78608257,52.70956718,,0,0.477409006,0
4/4/2022,Negeri Sembilan,,0,40.77286158,52.9036502,,0,0,0.155142669
5/4/2022,Negeri Sembilan,,0,49.59696447,48.12885534,,0,0.481523927,0
6/4/2022,Negeri Sembilan,,0,52.21124282,69.62143537,,0,0,0
7/4/2022,Negeri Sembilan,,15.42020046,31.51026265,54.23503182,,0,0.484773272,0
8/4/2022,Negeri Sembilan,,15.44640099,41.87788215,50.16302985,,0,0,0
9/4/2022,Negeri Sembilan,,0,27.85351981,28.28245565,,0,0,0
10/4/2022,Negeri Sembilan,,0,29.37173851,27.96820231,,0,0,0
11/4/2022,Negeri Sembilan,,0,35.48913392,37.62163689,,0,0.492904638,0
12/4/2022,Negeri Sembilan,,0,21.85955238,23.16892602,,0,0,0
13/4/2022,Negeri Sembilan,,0,12.51840205,17.48273197,,0,1.001472164,0
14/4/2022,Negeri Sembilan,,15.58846454,23.67925194,27.74613968,,0,0,0.153293589
15/4/2022,Negeri Sembilan,,0,26.30859988,23.44249158,,0,0,0
16/4/2022,Negeri Sembilan,,0,18.78525408,23.43204401,,0,0,0
17/4/2022,Negeri Sembilan,,0,18.29128877,13.7800098,,0,0,0
18/4/2022,Negeri Sembilan,,15.6128025,23.93648174,27.39143276,,0,0,0
19/4/2022,Negeri Sembilan,,0,14.2966556,24.01617803,,0,0,0
20/4/2022,Negeri Sembilan,,0,18.41149696,26.45328701,,0,0,0
21/4/2022,Negeri Sembilan,,0,11.26575926,18.19010031,,0,0,0
22/4/2022,Negeri Sembilan,,0,14.87240502,22.92105987,,0,0.512841552,0
23/4/2022,Negeri Sembilan,,15.65435191,14.38065596,20.01399452,,0,0,0
24/4/2022,Negeri Sembilan,,0,9.252072721,12.52627462,,0,0,0
25/4/2022,Negeri Sembilan,,0,8.238886514,14.353972,,0,0,0
26/4/2022,Negeri Sembilan,,0,11.34038155,18.16633031,,0,0,0
27/4/2022,Negeri Sembilan,,0,6.193196773,8.393473845,,0,0,0
28/4/2022,Negeri Sembilan,,15.71091909,11.88200651,13.42634126,,0,0,0
29/4/2022,Negeri Sembilan,,0,4.654434124,7.169060167,,0,0,0
30/4/2022,Negeri Sembilan,,15.75299307,1.552369174,2.592676756,,0,0,0
1/5/2022,Negeri Sembilan,,0,1.03531994,4.72733927,,0,0,0
2/5/2022,Negeri Sembilan,,0,4.146065902,5.945683891,,0,0.518258238,0
3/5/2022,Negeri Sembilan,,0,2.593535871,7.011425575,,0,0,0
4/5/2022,Negeri Sembilan,,0,7.269139905,7.466473249,,0,0,0
5/5/2022,Negeri Sembilan,,0,9.352689938,11.88359561,,0,0,0
6/5/2022,Negeri Sembilan,,0,10.92038003,15.53686731,,0,0,0
7/5/2022,Negeri Sembilan,,0,8.844262935,8.528550847,,0,0,0
8/5/2022,Negeri Sembilan,,15.78781181,10.92827926,17.05684193,,0,0,0
9/5/2022,Negeri Sembilan,,15.78781181,18.74794944,33.19951998,,0,0,0
10/5/2022,Negeri Sembilan,,0,12.5063183,16.904317,,0,0,0
11/5/2022,Negeri Sembilan,,0,9.388495963,17.51342823,,0,0,0
12/5/2022,Negeri Sembilan,,0,10.43634352,15.53189902,,0,0.521817176,0
13/5/2022,Negeri Sembilan,,0,6.265631445,9.744703982,,0,0,0
14/5/2022,Negeri Sembilan,,0,3.134616088,5.328826668,,0,0,0
15/5/2022,Negeri Sembilan,,0,6.791952059,8.830223724,,0,0,0
16/5/2022,Negeri Sembilan,,0,7.31471564,10.80776637,,0,0,0.152222062
17/5/2022,Negeri Sembilan,,0,3.134894511,13.39372687,,0,0,0
18/5/2022,Negeri Sembilan,,15.80278129,10.44975757,12.93462233,,0,0,0
19/5/2022,Negeri Sembilan,,0,5.74925913,12.77998046,,0,0,0
20/5/2022,Negeri Sembilan,,0,8.364526045,10.03988573,,0,0,0
21/5/2022,Negeri Sembilan,,0,3.137123676,6.692310383,,0,0,0
22/5/2022,Negeri Sembilan,,0,5.752175368,8.517006637,,0,0,0
23/5/2022,Negeri Sembilan,,0,5.754793481,11.70977995,,0,0,0
24/5/2022,Negeri Sembilan,,0,7.327426032,12.16384085,,0,0,0
25/5/2022,Negeri Sembilan,,0,8.379332377,8.513225905,,0,0,0
26/5/2022,Negeri Sembilan,,0,7.336449578,10.03266697,,0,0,0
27/5/2022,Negeri Sembilan,,0,4.718514402,3.799709702,,0,0.524279378,0
28/5/2022,Negeri Sembilan,,15.82528881,2.622565603,3.64752728,,0,0,0
29/5/2022,Negeri Sembilan,,0,2.623033381,5.775058434,,0,0,0
30/5/2022,Negeri Sembilan,,0,9.44579426,18.6909071,,0,0,0
31/5/2022,Negeri Sembilan,,0,5.250528991,9.7241679,,0,0,0
1/6/2022,Negeri Sembilan,,0,3.677146534,10.0270731,,0,0.525306648,0
2/6/2022,Negeri Sembilan,,0,3.678015973,10.17796243,,0,0,0
3/6/2022,Negeri Sembilan,,0,5.782382657,7.898486225,,0,0,0
4/6/2022,Negeri Sembilan,,0,1.577270481,6.683019814,,0,0,0
5/6/2022,Negeri Sembilan,,0,1.051635293,2.12636695,,0,0,0
6/6/2022,Negeri Sembilan,,0,5.786062952,7.89709478,,0,0,0
7/6/2022,Negeri Sembilan,,0,6.314659482,12.90728168,,0,0,0.151850373
8/6/2022,Negeri Sembilan,,0,5.263905923,7.591942216,,0,0,0.151838844
9/6/2022,Negeri Sembilan,,0,7.372029467,10.93171625,,0,0,0
10/6/2022,Negeri Sembilan,,0,1.580244833,5.313576948,,0,0,0
11/6/2022,Negeri Sembilan,,0,2.634088263,3.339835893,,0,0,0
12/6/2022,Negeri Sembilan,,0,4.74160867,13.66288205,,0,0,0
13/6/2022,Negeri Sembilan,,0,2.10811466,10.93013971,,0,0,0
14/6/2022,Negeri Sembilan,,31.70577045,6.853937323,12.29554856,,0,0,0
15/6/2022,Negeri Sembilan,,0,3.164156436,5.919584718,,0,0,0
16/6/2022,Negeri Sembilan,,0,11.07670885,12.2928988,,0,0,0
17/6/2022,Negeri Sembilan,,15.86294416,4.748463345,9.560577641,,0,0,0
18/6/2022,Negeri Sembilan,,0,3.693619536,10.77430859,,0,0,0
19/6/2022,Negeri Sembilan,,0,1.582988154,3.793713059,,0,0,0
20/6/2022,Negeri Sembilan,,0,8.443048996,11.98716918,,0,0,0
21/6/2022,Negeri Sembilan,,0,7.916945959,18.05569043,,0,0,0
22/6/2022,Negeri Sembilan,,0,9.502993443,15.17176716,,0,0,0
23/6/2022,Negeri Sembilan,,0,13.20438808,16.68813367,,0,0,0
24/6/2022,Negeri Sembilan,,0,5.282592274,9.860511685,,0,0,0
25/6/2022,Negeri Sembilan,,0,5.811219881,8.039950971,,0,0,0
26/6/2022,Negeri Sembilan,,0,4.226565018,7.433049462,,0,0,0
27/6/2022,Negeri Sembilan,,0,4.227637121,13.80341809,,0,0,0
28/6/2022,Negeri Sembilan,,0,6.870999625,17.89787895,,0,0,0.15167694
29/6/2022,Negeri Sembilan,,0,5.286250463,16.37986732,,0,0,0
30/6/2022,Negeri Sembilan,,0,10.57401014,15.3173497,,0,0,0
1/7/2022,Negeri Sembilan,,0,5.28809544,16.07448857,,0,0,0
2/7/2022,Negeri Sembilan,,0,8.990095031,13.34441324,,0,0,0
3/7/2022,Negeri Sembilan,,0,3.70198003,12.88931415,,0,0,0
4/7/2022,Negeri Sembilan,,0,8.463414247,25.47399833,,0,0,0
5/7/2022,Negeri Sembilan,,0,17.45856237,25.62407511,,0,0,0
6/7/2022,Negeri Sembilan,,0,6.350247924,20.92234173,,0,0,0
7/7/2022,Negeri Sembilan,,0,10.58576321,28.65303449,,0,0,0
8/7/2022,Negeri Sembilan,,0,6.352702016,18.03981493,,0,0,0
9/7/2022,Negeri Sembilan,,0,1.588310038,6.973246986,,0,0,0
10/7/2022,Negeri Sembilan,,0,4.235627985,6.973120138,,0,0,0
11/7/2022,Negeri Sembilan,,15.94896332,15.35683459,39.56283822,,0,0,0
12/7/2022,Negeri Sembilan,,0,8.474531385,16.52186039,,0,0,0
13/7/2022,Negeri Sembilan,,0,15.36366863,39.55983994,,0,0,0.151570268
14/7/2022,Negeri Sembilan,,0,5.298546609,13.48875205,,0,1.059709322,0
15/7/2022,Negeri Sembilan,,0,8.479157172,22.42920404,,0,0,0
16/7/2022,Negeri Sembilan,,0,9.009581955,21.51909668,,0,0,0
17/7/2022,Negeri Sembilan,,0,10.07017321,27.58077226,,0,1.060018232,0
18/7/2022,Negeri Sembilan,,0,14.31229426,29.3989283,,0,0,0
19/7/2022,Negeri Sembilan,,0,12.72325334,31.06352415,,0,0,0
20/7/2022,Negeri Sembilan,,0,8.483383173,25.45516255,,0,0,0
21/7/2022,Negeri Sembilan,,0,10.07578048,25.60505192,,0,0,0
22/7/2022,Negeri Sembilan,,15.99488164,10.60816617,19.54355941,,0,0,0
23/7/2022,Negeri Sembilan,,0,10.07893397,13.78620773,,0,0,0
24/7/2022,Negeri Sembilan,,0,5.304730228,18.93681165,,0,0,0
25/7/2022,Negeri Sembilan,,0,14.32330348,25.60035871,,0,0,0
26/7/2022,Negeri Sembilan,,31.99488082,9.551301099,24.38621709,,0,0,0
27/7/2022,Negeri Sembilan,,0,13.79932596,22.41497078,,0,0,0
28/7/2022,Negeri Sembilan,,0,8.493696085,22.86773514,,0,0,0
29/7/2022,Negeri Sembilan,,0,11.14987018,24.68331907,,0,0,0.302862811
30/7/2022,Negeri Sembilan,,0,11.15052142,20.29094797,,0,0,0.151424985
31/7/2022,Negeri Sembilan,,0,7.965081085,18.92777917,,0,0,0
1/8/2022,Negeri Sembilan,,16.01537476,24.96414724,44.51570996,,0,1.062304138,0
2/8/2022,Negeri Sembilan,,0,5.844411149,11.65808208,,0,0,0
3/8/2022,Negeri Sembilan,,0,14.87123107,26.189503,,0,0,0
4/8/2022,Negeri Sembilan,,0,8.49983266,26.18795687,,0,0,0
5/8/2022,Negeri Sembilan,,0,12.2213012,26.94153082,,0,0,0.151356915
6/8/2022,Negeri Sembilan,,0,13.81721944,16.79988013,,0,0.531431517,0
7/8/2022,Negeri Sembilan,,15.85288523,12.22363946,22.39936555,,0,0,0
8/8/2022,Negeri Sembilan,,0,15.41528239,37.07806673,,0,0,0
9/8/2022,Negeri Sembilan,,0,15.41880669,27.39095826,,0,0,0
10/8/2022,Negeri Sembilan,,0,14.36177852,21.94173788,,0,0,0
11/8/2022,Negeri Sembilan,,0,6.38420123,18.00594045,,0,0,0
12/8/2022,Negeri Sembilan,,0,13.83788387,19.66934321,,0,0,0
13/8/2022,Negeri Sembilan,,0,4.258399693,17.70176609,,0,0,0
14/8/2022,Negeri Sembilan,,0,5.323367988,8.321305265,,0,0,0
15/8/2022,Negeri Sembilan,,15.83531275,18.10263127,29.50200614,,0,0,0
16/8/2022,Negeri Sembilan,,0,18.1058125,27.23126149,,0,0,0
17/8/2022,Negeri Sembilan,,0,22.90291826,33.73441485,,0,0,0
18/8/2022,Negeri Sembilan,,0,5.327622122,8.924641237,,0,0.532762212,0
19/8/2022,Negeri Sembilan,,0,11.18979491,14.6716056,,0,0,0
20/8/2022,Negeri Sembilan,,0,4.796214188,16.03230661,,0,0,0
21/8/2022,Negeri Sembilan,,0,7.993818114,16.9394626,,0,0.532921208,0
22/8/2022,Negeri Sembilan,,0,12.258233,21.17371978,,0,0,0
23/8/2022,Negeri Sembilan,,0,10.12803974,16.03092456,,0,0,0
24/8/2022,Negeri Sembilan,,0,10.66331128,17.54240044,,0,0,0
25/8/2022,Negeri Sembilan,,0,7.465949935,14.81976594,,0,0,0
26/8/2022,Negeri Sembilan,,0,3.73395068,10.58493884,,0,0,0.151213412
27/8/2022,Negeri Sembilan,,0,5.334898237,8.770232018,,0,0,0
28/8/2022,Negeri Sembilan,,0,5.868669839,12.24782337,,0,0,0
29/8/2022,Negeri Sembilan,,0,8.537066877,14.51519257,,0,0,0.151199923
30/8/2022,Negeri Sembilan,,0,4.802715135,12.09577434,,0,0,0
31/8/2022,Negeri Sembilan,,0,8.005678695,9.373601519,,0,0,0
1/9/2022,Negeri Sembilan,,0,7.472884106,10.28035123,,0,0,0
2/9/2022,Negeri Sembilan,,0,7.474280467,9.675024981,,0,0,0
3/9/2022,Negeri Sembilan,,0,5.339056802,11.18651088,,0,0,0.151169066
4/9/2022,Negeri Sembilan,,0,6.407347091,10.27944987,,0,0,0
5/9/2022,Negeri Sembilan,,0,8.544589406,11.79077719,,0,0,0
6/9/2022,Negeri Sembilan,,0,8.545091379,19.80156115,,0,0.534068211,0
7/9/2022,Negeri Sembilan,,0,6.944481541,14.05755435,,0,0,0
8/9/2022,Negeri Sembilan,,0,3.7397957,9.522600305,,0,0,0
9/9/2022,Negeri Sembilan,,0,4.274897269,7.708317274,,0,0,0
10/9/2022,Negeri Sembilan,,0,6.412791381,9.521923852,,0,0,0
11/9/2022,Negeri Sembilan,,0,8.016074902,8.917222482,,0,0,0
12/9/2022,Negeri Sembilan,,0,8.551348173,13.14858811,,0,0,0
13/9/2022,Negeri Sembilan,,0,3.741754776,11.63683406,,0,0,0.151127715
14/9/2022,Negeri Sembilan,,0,3.207252667,12.694306,,0,0,0
15/9/2022,Negeri Sembilan,,0,3.741954797,9.066977765,,0,0,0
16/9/2022,Negeri Sembilan,,0,3.207938579,5.43994004,,0,0,0
17/9/2022,Negeri Sembilan,,0,2.673367909,5.742098193,,0,0,0
18/9/2022,Negeri Sembilan,,0,2.138808684,11.03087284,,0,0,0
19/9/2022,Negeri Sembilan,,0,5.882510228,15.11035089,,0,0,0
20/9/2022,Negeri Sembilan,,0,3.743876088,12.39003841,,0,0,0
21/9/2022,Negeri Sembilan,,0,5.883391187,10.27432446,,0,0,0
22/9/2022,Negeri Sembilan,,0,3.744496927,9.669499528,,0,0,0
23/9/2022,Negeri Sembilan,,0,2.140021614,8.309638274,,0,0,0
24/9/2022,Negeri Sembilan,,0,3.210118293,9.064936674,,0,0,0
25/9/2022,Negeri Sembilan,,0,3.745117971,11.3311366,,0,0,0
26/9/2022,Negeri Sembilan,,0,6.955814526,11.33091406,,0,0,0
27/9/2022,Negeri Sembilan,,0,6.95626117,10.27314479,,0,0,0
28/9/2022,Negeri Sembilan,,15.97188947,2.140628596,4.532112282,,0,0,0
29/9/2022,Negeri Sembilan,,0,2.140960863,4.078839434,,0,0,0
30/9/2022,Negeri Sembilan,,0,1.070520541,3.92759924,,0,0,0
1/10/2022,Negeri Sembilan,,0,6.423432682,13.14229174,,0,0,0.151060825
2/10/2022,Negeri Sembilan,,0,4.8176003,8.610427984,,0,0,0
3/10/2022,Negeri Sembilan,,0,5.353032493,12.99081881,,0,0,0
4/10/2022,Negeri Sembilan,,0,4.818090323,15.40741278,,0,0,0
5/10/2022,Negeri Sembilan,,15.98465473,3.212421363,8.156631492,,0,0,0
6/10/2022,Negeri Sembilan,,0,3.747865055,8.307504546,,0,0,0
7/10/2022,Negeri Sembilan,,0,3.748406927,6.796710392,,0,0,0
8/10/2022,Negeri Sembilan,,0,1.606485919,6.645592084,,0,0,0
9/10/2022,Negeri Sembilan,,0,3.748527364,7.09865775,,0,0,0
10/10/2022,Negeri Sembilan,,0,6.426631963,10.11914921,,0,0,0
11/10/2022,Negeri Sembilan,,0,3.749129666,16.16026146,,0,0,0
12/10/2022,Negeri Sembilan,,0,4.285109779,12.08196404,,0,0,0
13/10/2022,Negeri Sembilan,,0,1.071357785,2.56734369,,0,0,0
14/10/2022,Negeri Sembilan,,0,4.821833261,7.399878884,,0,0,0
15/10/2022,Negeri Sembilan,,0,1.607338034,1.359140902,,0,0,0
16/10/2022,Negeri Sembilan,,0,13.39477068,21.74618875,,0,0,0
17/10/2022,Negeri Sembilan,,0,12.85987558,11.62806501,,0,0,0
18/10/2022,Negeri Sembilan,,0,11.78847195,16.30885344,,0,0,0.151007902
19/10/2022,Negeri Sembilan,,0,3.751379972,5.134074855,,0,0,0.151002202
20/10/2022,Negeri Sembilan,,0,6.967371264,12.38163833,,0,0,0
21/10/2022,Negeri Sembilan,,0,6.967707356,13.28698992,,0,0,0
22/10/2022,Negeri Sembilan,,0,10.71995197,34.57605827,,0,0,0
23/10/2022,Negeri Sembilan,,0,5.360004717,5.888499007,,0,0.536000472,0
24/10/2022,Negeri Sembilan,,0,1.60805313,2.264779954,,0,0.53601771,0
25/10/2022,Negeri Sembilan,,0,6.433109068,8.152961639,,0,0,0
26/10/2022,Negeri Sembilan,,0,6.97013565,11.62522099,,0,0,0
27/10/2022,Negeri Sembilan,,0,21.98603619,33.9687759,,0,0,0
28/10/2022,Negeri Sembilan,,0,12.87125527,35.02457759,,0,0,0.301936014
29/10/2022,Negeri Sembilan,,0,2.681597803,10.26574698,,0,0.536319561,0
30/10/2022,Negeri Sembilan,,0,17.6985455,25.81533431,,0,0,0
31/10/2022,Negeri Sembilan,,15.97699313,28.42615635,33.66545894,,0,0.536342573,0
1/11/2022,Negeri Sembilan,,0,27.89265619,34.41925063,,0,0,0
2/11/2022,Negeri Sembilan,,0,16.62965228,21.58699105,,0,0,0
3/11/2022,Negeri Sembilan,,0,5.901477515,6.943972707,,0,0,0
4/11/2022,Negeri Sembilan,,0,5.902047474,4.075730084,,0,0,0
5/11/2022,Negeri Sembilan,,0,12.3409758,17.51038547,,0,0,0
6/11/2022,Negeri Sembilan,,0,17.70661745,33.51125495,,0,0,0
7/11/2022,Negeri Sembilan,,0,28.97493132,31.69897446,,0,0,0
8/11/2022,Negeri Sembilan,,15.91089897,12.87912937,10.41518867,,0,0,0
9/11/2022,Negeri Sembilan,,0,9.123499989,12.67878598,,0,0,0
10/11/2022,Negeri Sembilan,,0,8.050535897,10.86743242,,0,0,0
11/11/2022,Negeri Sembilan,,0,6.440878106,9.357657205,,0,0,0
12/11/2022,Negeri Sembilan,,0,4.294033977,8.452026449,,0,0,0
13/11/2022,Negeri Sembilan,,0,4.294033977,9.206546609,,0,0,0.150926994
14/11/2022,Negeri Sembilan,,0,4.831203131,15.394321,,0,0.536800348,0
15/11/2022,Negeri Sembilan,,0,5.368320467,7.696765547,,0,0,0
16/11/2022,Negeri Sembilan,,0,2.684592586,6.941950205,,0,0,0
17/11/2022,Negeri Sembilan,,,,,,0,0,0
18/11/2022,Negeri Sembilan,,,,,,0,0,0
19/11/2022,Negeri Sembilan,,,,,,0,0,0
20/11/2022,Negeri Sembilan,,,,,,0,0,0
21/11/2022,Negeri Sembilan,,,,,,0,0,0
22/11/2022,Negeri Sembilan,,,,,,0,0,0
23/11/2022,Negeri Sembilan,,,,,,0,0,0
24/5/2021,Pahang,,14.87475457,13.12135062,,,0,0,
25/5/2021,Pahang,,11.08033241,6.295247088,,,0,0,
26/5/2021,Pahang,,14.12190024,8.083420904,,,0,0,
27/5/2021,Pahang,,16.92572428,12.12513136,,,0,0,
28/5/2021,Pahang,,26.79707912,10.10345942,,,0,0,
29/5/2021,Pahang,,18.0746846,6.062075655,,,0,0,
30/5/2021,Pahang,,13.88165886,12.12390632,,,3.470414715,0,
31/5/2021,Pahang,,17.34846119,7.545461405,,,0,0,
1/6/2021,Pahang,,11.19152429,8.971023594,,,0,0,
2/6/2021,Pahang,,19.48482132,8.535190591,,,0,0,
3/6/2021,Pahang,,0,3.395297513,,,0,0,
4/6/2021,Pahang,,17.16050795,3.281808933,,,0,0,
5/6/2021,Pahang,,15.39882969,11.48633127,,,0,0,
6/6/2021,Pahang,,9.739943508,6.563617866,,,2.434985877,0,
7/6/2021,Pahang,,6.631153158,1.613475749,,,0,0,
8/6/2021,Pahang,,2.207846687,15.54291399,,,0,0,
9/6/2021,Pahang,,2.032520325,6.215330112,,,0,0,
10/6/2021,Pahang,,1.880865951,2.844788348,,,1.880865951,0,
11/6/2021,Pahang,,0,6.863606413,,,1.803328945,0,
12/6/2021,Pahang,,1.760625374,5.488624825,,,0,0,
13/6/2021,Pahang,,1.861989349,6.85617124,,,0,0,
14/6/2021,Pahang,,1.816728435,2.617184433,,,0,0,
15/6/2021,Pahang,,0,0,,,0,0,
16/6/2021,Pahang,,0,3.739296264,,,1.689417489,0,
17/6/2021,Pahang,,6.187735907,4.981133955,,,0,0,
18/6/2021,Pahang,,4.421778734,3.731807439,,,0,0,
19/6/2021,Pahang,,1.410775503,2.487345629,,,0,0,
20/6/2021,Pahang,,8.49930589,1.243626415,,,0,0,
21/6/2021,Pahang,,6.96146135,4.974505659,,,0,0,
22/6/2021,Pahang,,6.522987006,8.564157776,,,0,0,
23/6/2021,Pahang,,7.304690829,5.966943135,,,1.217448471,0,
24/6/2021,Pahang,,3.628139853,3.466605038,,,0,0,
25/6/2021,Pahang,,6.256960869,7.876142041,,,1.251392174,0,
26/6/2021,Pahang,,2.535882741,2.14497914,,,0,0,
27/6/2021,Pahang,,8.614536415,6.429696625,,,0,0,
28/6/2021,Pahang,,23.18601626,15.50451698,,,0,0,
29/6/2021,Pahang,,7.05566923,12.19512195,,,0,0,
30/6/2021,Pahang,,3.530283953,1.015352124,,,0,0,
1/7/2021,Pahang,,17.8801316,9.102954414,,,0,0,
2/7/2021,Pahang,,12.16249088,9.066183137,,,0,1.007353682,
3/7/2021,Pahang,,6.101206819,2.985609363,,,1.220241364,0,
4/7/2021,Pahang,,16.51469218,13.93034826,,,1.17962087,0,
5/7/2021,Pahang,,3.573087505,6.864562188,,,0,0,
6/7/2021,Pahang,,3.411766044,10.59536308,,,2.274510696,0,
7/7/2021,Pahang,,13.857453,19.44300422,,,0,0,
8/7/2021,Pahang,,9.060638322,7.024445069,,,1.13257979,0.878055634,
9/7/2021,Pahang,,17.25551098,12.71897841,,,1.078469436,0.847931894,
10/7/2021,Pahang,,9.663288095,9.182736455,,,0,0,
11/7/2021,Pahang,,18.30049411,10.49877245,,,1.016694117,0,
12/7/2021,Pahang,,22.35809898,25.80770037,,,0.97209126,0,
13/7/2021,Pahang,,2.902420619,1.54807149,,,0,0,
14/7/2021,Pahang,,24.45801049,17.75791522,,,0.97832042,0,
15/7/2021,Pahang,,22.58951094,27.13665448,,,0.941229622,0,
16/7/2021,Pahang,,23.73793322,16.00991222,,,0,0.69608314,
17/7/2021,Pahang,,31.80342138,13.79472076,,,0,0,
18/7/2021,Pahang,,34.12259165,15.03019703,,,0,0,
19/7/2021,Pahang,,29.45291216,10.04002624,,,0.818136449,0,
20/7/2021,Pahang,,4.051043144,5.148137661,,,0,0,
21/7/2021,Pahang,,55.42524821,29.89220125,,,1.606528934,0.622754193,
22/7/2021,Pahang,,19.28967694,12.19631184,,,0.771587077,0,
23/7/2021,Pahang,,27.16536559,13.73905356,,,3.574390209,0,
24/7/2021,Pahang,,31.59281566,12.51042535,,,0.672187567,0.595734541,
25/7/2021,Pahang,,21.97503894,14.82228085,,,0,0,
26/7/2021,Pahang,,26.27173528,23.45349915,,,0,0,
27/7/2021,Pahang,,18.21431417,10.99559626,,,0,0,
28/7/2021,Pahang,,46.72096681,35.8486225,,,0,0,
29/7/2021,Pahang,,18.56973914,6.295114991,,,0,0,
30/7/2021,Pahang,,35.59752316,31.39394251,,,0.936776925,0,
31/7/2021,Pahang,,45.29890616,22.80155051,,,0.444106923,0,
1/8/2021,Pahang,,26.12755386,26.82674981,,,0,0,
2/8/2021,Pahang,,41.09455561,34.21962153,,,0.847310425,0,
3/8/2021,Pahang,,30.26353486,19.99034613,,,0.807027596,0,
4/8/2021,Pahang,,24.4671801,20.29948826,,,0,0,
5/8/2021,Pahang,,27.2233293,11.56363468,,,0,0,
6/8/2021,Pahang,,42.8500602,51.05529471,,,0.354132729,0.911701691,
7/8/2021,Pahang,,25.93522418,19.65558062,,,0,0.446717741,
8/8/2021,Pahang,,43.3453177,41.46879807,,,0.336010215,0.445901055,
9/8/2021,Pahang,,28.78678587,22.53931376,,,0,0,
10/8/2021,Pahang,,47.87727459,25.84055951,,,1.329924294,0,
11/8/2021,Pahang,,39.0434038,23.42632626,,,0.65619166,0,
12/8/2021,Pahang,,39.40893225,22.93478218,,,0.331167498,0,
13/8/2021,Pahang,,34.70701216,17.6497582,,,0.673922566,0,
14/8/2021,Pahang,,94.02722701,31.45401959,,,0.340678359,0,
15/8/2021,Pahang,,34.57319565,26.32172671,,,1.047672595,0.376024667,
16/8/2021,Pahang,,44.40147527,17.65419839,,,1.790382068,0.3677958,
17/8/2021,Pahang,,47.01790785,22.69877643,,,0.373157999,0,
18/8/2021,Pahang,,54.0054715,24.82404646,,,1.182601566,0,
19/8/2021,Pahang,,96.99080857,42.33159751,,,1.238180535,0,
20/8/2021,Pahang,,47.01891672,18.23724044,,,0.419811756,0,
21/8/2021,Pahang,,74.39619517,29.35247157,,,0,0,
22/8/2021,Pahang,,21.21714164,7.386330792,,,0.451428546,0.642289634,
23/8/2021,Pahang,,61.32891521,26.59757555,,,0.915356943,0,
24/8/2021,Pahang,,105.7841615,42.36997713,,,1.455745342,0,
25/8/2021,Pahang,,105.7426821,47.80172206,,,1.0681079,0.300639761,
26/8/2021,Pahang,,63.5946443,23.64591113,,,1.71877417,0.28836477,
27/8/2021,Pahang,,80.06257198,24.26318021,,,1.231731877,0,
28/8/2021,Pahang,,119.5258807,18.1345257,,,0.66403267,0,
29/8/2021,Pahang,,108.3062,31.16145064,,,0,0,
30/8/2021,Pahang,,89.64436506,30.52002593,,,2.737232521,0,
31/8/2021,Pahang,,139.9059165,26.5554051,,,0,0.478475768,
1/9/2021,Pahang,,71.19654697,30.029617,,,0,0.229233718,
2/9/2021,Pahang,,59.05431243,27.28579541,,,0,0,
3/9/2021,Pahang,,39.65849628,29.42041777,,,0,0,
4/9/2021,Pahang,,82.01481361,28.58006768,,,0,0.20710194,
5/9/2021,Pahang,,42.38946133,18.15000469,,,0.465818256,0,
6/9/2021,Pahang,,28.45174365,23.11152198,,,0.437719133,0,
7/9/2021,Pahang,,58.14222938,32.0839467,,,0,0.377458197,
8/9/2021,Pahang,,35.8234717,33.2081641,,,0.407084906,0.18246244,
9/9/2021,Pahang,,67.64702412,64.52504955,,,0.393296652,0.17726662,
10/9/2021,Pahang,,53.69635676,35.21792163,,,0,0.343589479,
11/9/2021,Pahang,,27.21372466,17.8749395,,,0.372790749,0,
12/9/2021,Pahang,,67.34770816,47.37012413,,,0,0,
13/9/2021,Pahang,,56.37763021,38.63726052,,,0.713640889,0.330232996,
14/9/2021,Pahang,,43.00787185,23.45631221,,,0.35252354,0.328060311,
15/9/2021,Pahang,,46.47478215,32.88663669,,,0.352081683,0.162003136,
16/9/2021,Pahang,,71.85249106,39.80535342,,,0.352218093,0.319721714,
17/9/2021,Pahang,,58.79991831,21.57226948,,,0,0.158619629,
18/9/2021,Pahang,,61.27255662,26.8306387,,,0.354176628,0,
19/9/2021,Pahang,,65.393391,40.87099228,,,0.355398864,0.314392248,
20/9/2021,Pahang,,44.36874723,31.26750047,,,0.357812478,0,
21/9/2021,Pahang,,51.95407111,33.97073291,,,0,0.153713724,
22/9/2021,Pahang,,61.04223972,34.36274592,,,0.376803949,0,
23/9/2021,Pahang,,42.0081512,36.20689397,,,0.403924531,0.149615264,
24/9/2021,Pahang,,38.94580969,37.48953479,0,,0,0.444539938,0
25/9/2021,Pahang,,59.90949058,34.48774735,0,,0,0.146134523,0
26/9/2021,Pahang,,102.2901917,38.17497492,0,,1.51167771,0,0
27/9/2021,Pahang,,84.87578755,36.64996256,0,,0,0.432873574,0
28/9/2021,Pahang,,52.84000166,23.74182623,0,,0,0.14302305,0
29/9/2021,Pahang,,47.55328574,36.29434716,0,,0,0,0
30/9/2021,Pahang,,111.2331291,55.16334558,0,,0.708491268,0,0
1/10/2021,Pahang,,149.8186406,51.32788167,0,,1.577038322,0.139857988,0
2/10/2021,Pahang,,48.74185097,29.40658347,0,,0.870390196,0,0
3/10/2021,Pahang,,112.3990852,19.59742473,0,,2.932150048,0.138010033,0
4/10/2021,Pahang,,44.28354755,22.86567835,0,,0,0,0
5/10/2021,Pahang,,67.51408483,35.359015,0,,0,0.268889848,0
6/10/2021,Pahang,,66.81711022,32.55340261,0,,0,0,0
7/10/2021,Pahang,,48.5463826,23.69249447,0,,2.774079006,0.256135075,0
8/10/2021,Pahang,,81.9059662,33.15624977,0,,0,0.125117924,0
9/10/2021,Pahang,,86.6283027,21.99244193,0,,0,0.244360466,0
10/10/2021,Pahang,,25.0141747,22.66178899,0,,0,0.119903645,0
11/10/2021,Pahang,,29.25788242,21.64761911,0,,0,0.117650104,0
12/10/2021,Pahang,,43.45464422,22.16191821,0,,1.810610176,0.115426657,0
13/10/2021,Pahang,,33.04178814,22.16788249,0,,0,0.113681449,0
14/10/2021,Pahang,,28.44763447,16.2021854,0,,0,0.11173921,0
15/10/2021,Pahang,,102.3351009,25.88641701,0,,0,0,0
16/10/2021,Pahang,,45.17792128,18.5614144,0,,0,0.217092566,0
17/10/2021,Pahang,,89.63007225,13.92618906,0,,2.716062795,0.107124531,0
18/10/2021,Pahang,,46.7495325,11.1862305,0,,0,0.106535529,0
19/10/2021,Pahang,,27.62202027,19.5492472,0,,0,0,0
20/10/2021,Pahang,,16.67546761,15.39949108,0,,0,0.209516885,0
21/10/2021,Pahang,,84.71226069,21.50798092,0,,0,0,0
22/10/2021,Pahang,,43.1940565,20.13011943,0,,0,0.103763502,0
23/10/2021,Pahang,,20.78940334,18.78457601,0,,0,0,0
24/10/2021,Pahang,,3.062599534,17.30340805,0,,0,0,0
25/10/2021,Pahang,,18.38855006,12.00538087,64.30868167,,0,0.205220186,0
26/10/2021,Pahang,,12.84439021,20.21689254,0,,0,0.204211036,0
27/10/2021,Pahang,,22.89302417,20.79040031,25.3421186,,0,0,0
28/10/2021,Pahang,,20.19046337,23.2422775,0,,0,0.10105338,0
29/10/2021,Pahang,,30.70938684,23.02129923,55.64830273,,0,0,0
30/10/2021,Pahang,,38.76242159,19.7871227,13.65933616,,0,0,0
31/10/2021,Pahang,,18.32777391,17.97044414,13.6239782,,0,0.100393543,0
1/11/2021,Pahang,,19.77144213,10.94118261,0,,0,0,0
2/11/2021,Pahang,,12.55072585,18.15801486,33.66247756,,0,0.300961572,0
3/11/2021,Pahang,,8.77770463,22.99873356,61.67763158,,0,0,0
4/11/2021,Pahang,,27.9798545,21.48329072,0,,4.663309084,0.401556836,0
5/11/2021,Pahang,,5.03956055,12.75242522,7.966857871,,5.03956055,0.200825594,0
6/11/2021,Pahang,,11.29305477,18.65241328,7.7675936,,0,0,0
7/11/2021,Pahang,,28.35753176,13.63739373,7.61614623,,0,0,0
8/11/2021,Pahang,,28.34788525,14.72460481,14.3358899,,0,0.10016738,0
9/11/2021,Pahang,,17.35809755,25.63309232,6.517205422,,0,0.100129267,0
10/11/2021,Pahang,,23.50452462,24.8226134,23.26122354,,0,0,0
11/11/2021,Pahang,,6.004202942,30.95178233,0,,0,0,0
12/11/2021,Pahang,,25.22386177,25.54339823,43.67050603,,0,0,0
13/11/2021,Pahang,,12.95252898,23.11224949,5.351600128,,0,0.200106056,0
14/11/2021,Pahang,,26.29330178,17.67800856,15.74720487,,0,0,0
15/11/2021,Pahang,,0,18.9604485,10.01251564,,0,0,0
16/11/2021,Pahang,,6.66000666,25.34361047,4.487524681,,0,0.199555988,0
17/11/2021,Pahang,,20.68109748,29.04049602,33.03191709,,0,0.199591038,0
18/11/2021,Pahang,,13.83891503,26.30482913,15.12573265,,0,0,0
19/11/2021,Pahang,,13.97038279,24.2796458,21.17970984,,0,0.099506745,0
20/11/2021,Pahang,,14.2612664,26.57242578,13.85233412,,0,0.199044388,0
21/11/2021,Pahang,,21.69824967,19.11404414,13.7113084,,0,0,0
22/11/2021,Pahang,,0,17.22934247,3.236350691,,0,0.099591575,0
23/11/2021,Pahang,,7.284382284,26.83837908,8.986879156,,0,0.099770926,0
24/11/2021,Pahang,,36.63540445,27.5743834,19.14922719,,0,0.199814372,0
25/11/2021,Pahang,,14.76886723,25.90259026,12.49687578,,7.384433614,0.200020002,0
26/11/2021,Pahang,,37.06449222,27.23505151,14.19211392,,0,0.100128866,0
27/11/2021,Pahang,,7.458790184,22.7362188,20.75071475,,0,0.200319108,0
28/11/2021,Pahang,,14.91980604,16.83118819,4.566314299,,0,0.200371288,0
29/11/2021,Pahang,,22.43661656,17.25812537,4.367575122,,0,0.100337938,0
30/11/2021,Pahang,,7.532956685,23.32127061,6.139614841,,0,0.100522718,0
1/12/2021,Pahang,,22.7773138,34.57898324,13.06530787,,0,0.100813362,0
2/12/2021,Pahang,,15.35155051,23.66488101,17.39130435,,0,0.20226394,0
3/12/2021,Pahang,,7.765783956,22.6901388,13.39091426,,0,0.101295263,0
4/12/2021,Pahang,,15.7480315,21.39247796,9.771032147,,0,0.202772303,0
5/12/2021,Pahang,,7.824726135,16.73553593,19.40962394,,0,0.202854981,0
6/12/2021,Pahang,,0,16.56394649,6.219195547,,0,0.203238607,0
7/12/2021,Pahang,,7.77907429,28.53532265,8.860273487,,0,0.101911867,0
8/12/2021,Pahang,,31.20855114,33.58171517,17.86376816,,0,0.102383278,0
9/12/2021,Pahang,,23.72854544,26.72202923,11.44252041,,0,0.102777035,0
10/12/2021,Pahang,,7.940919558,23.17122402,11.87521524,,0,0,0
11/12/2021,Pahang,,15.94260662,18.56671174,12.68303932,,0,0,0
12/12/2021,Pahang,,0,18.47074605,11.3147771,,0,0.206377051,0
13/12/2021,Pahang,,0,14.7919813,7.558823847,,0,0.103440429,0
14/12/2021,Pahang,,7.96749263,27.08306095,11.13022362,,0,0.207533034,0
15/12/2021,Pahang,,39.9074148,23.46460651,14.17099669,,0,0.20857428,0
16/12/2021,Pahang,,7.972574344,23.70858996,8.879259825,,0,0.104905265,0
17/12/2021,Pahang,,15.97444089,19.93706638,7.646364154,,0,0.210974247,0
18/12/2021,Pahang,,0,11.63264119,12.4595066,,0,0.317253851,0
19/12/2021,Pahang,,0,12.71228187,4.902801951,,0,0.105935682,0
20/12/2021,Pahang,,0,8.831656915,3.167313326,,0,0.21281101,0
21/12/2021,Pahang,,16.17599482,14.35113588,6.775730838,,0,0.107098029,0
22/12/2021,Pahang,,32.45962834,13.91641306,5.719801237,,0,0,0
23/12/2021,Pahang,,8.13404913,18.14544826,8.176614881,,0,0.108655379,0
24/12/2021,Pahang,,8.14000814,16.93084242,7.223677903,,0,0.218462483,0
25/12/2021,Pahang,,0,14.24159664,6.450198021,,8.155941603,0.109550743,0
26/12/2021,Pahang,,0,12.73541301,3.198976328,,0,0,0
27/12/2021,Pahang,,16.53986107,12.56895006,4.99806325,,0,0.110253948,1.249515813
28/12/2021,Pahang,,0,24.65130069,13.91855828,,0,0,0
29/12/2021,Pahang,,8.360504975,22.82742245,6.464390026,,0,0.11189913,0
30/12/2021,Pahang,,0,22.43745138,17.10064298,,0,0.112751012,0
31/12/2021,Pahang,,0,20.64472805,8.334398284,,0,0,0
1/1/2022,Pahang,,0,15.58750678,10.49480231,,0,0,0
2/1/2022,Pahang,,0,13.2172193,6.584470526,,0,0.227883091,0
3/1/2022,Pahang,,8.525876034,13.50268909,18.215229,,0,0.228859137,0.535742029
4/1/2022,Pahang,,8.551393877,15.99906077,7.258248481,,0,0.115101157,0
5/1/2022,Pahang,,0,16.89896963,5.506552798,,0,0.115746367,0
6/1/2022,Pahang,,17.23395088,18.63190574,11.49249157,,0,0.116449411,0
7/1/2022,Pahang,,17.35357918,16.38812704,7.375447136,,0,0,0
8/1/2022,Pahang,,8.691873099,13.47554131,7.329631869,,0,0,0
9/1/2022,Pahang,,8.701705534,14.08116855,13.61581613,,0,0,0.453860538
10/1/2022,Pahang,,8.697921197,9.788855565,4.38256266,,0,0.117938019,0
11/1/2022,Pahang,,8.691117678,16.86897558,9.198324233,,0,0.118795603,0
12/1/2022,Pahang,,8.684324794,19.76031339,8.378082935,,0,0,0
13/1/2022,Pahang,,8.681309141,13.80076776,5.319856364,,0,0.121059366,0
14/1/2022,Pahang,,0,15.27943645,7.663814025,,0,0.122235492,0
15/1/2022,Pahang,,8.712319219,13.46707362,7.84414399,,0,0,0
16/1/2022,Pahang,,8.704735376,8.836849663,2.812276995,,0,0.122734023,0
17/1/2022,Pahang,,0,10.65689867,5.434745688,,0,0,0
18/1/2022,Pahang,,8.679048776,13.56552147,6.193040326,,0,0,0
19/1/2022,Pahang,,17.35056823,15.67332209,6.269789022,,0,0,0
20/1/2022,Pahang,,0,16.05404517,6.612504246,,0,0,0
21/1/2022,Pahang,,0,12.99843756,4.935074737,,0,0,0
22/1/2022,Pahang,,0,19.59712028,7.401081697,,0,0.132412975,0
23/1/2022,Pahang,,8.696408383,12.2467942,6.169688879,,0,0.133117328,0
24/1/2022,Pahang,,0,10.11717032,5.687111381,,0,0.134895604,0
25/1/2022,Pahang,,0,17.01020887,7.854965909,,0,0,0
26/1/2022,Pahang,,17.40947075,19.39122707,8.549759601,,0,0.279010461,0
27/1/2022,Pahang,,17.39584239,17.06547739,12.16308261,,0,0,0
28/1/2022,Pahang,,8.693384335,15.18497468,6.40455435,,0,0,0
29/1/2022,Pahang,,0,12.8526632,10.9704405,,0,0,0
30/1/2022,Pahang,,8.717635777,12.36377766,12.02239865,,0,0.294375659,0
31/1/2022,Pahang,,0,14.24783433,10.4242677,,0,0,0
1/2/2022,Pahang,,0,18.19121257,10.85766706,,0,0,0
2/2/2022,Pahang,,8.717635777,31.01241436,19.73871152,,0,0.156628355,0
3/2/2022,Pahang,,0,25.75530223,14.0455715,,0,0,0
4/2/2022,Pahang,,17.51466853,40.18337937,33.98720235,,0,0,0
5/2/2022,Pahang,,8.771929825,51.81918231,44.69581781,,0,0,0
6/2/2022,Pahang,,26.33195822,57.80193645,42.48955465,,0,0,0
7/2/2022,Pahang,,0,36.46654321,34.17833218,,0,0,0
8/2/2022,Pahang,,17.61804087,65.6293582,55.01528432,,0,0.341819574,0
9/2/2022,Pahang,,26.45735956,82.89525134,74.10878509,,0,0,0
10/2/2022,Pahang,,26.49708532,90.71767565,81.42303677,,0,0,0
11/2/2022,Pahang,,8.811349018,84.65646265,70.8435073,,0,0,0
12/2/2022,Pahang,,17.45962462,76.01576969,67.05568475,,0,0,0
13/2/2022,Pahang,,34.7765606,65.59356788,62.71086018,,0,0,0
14/2/2022,Pahang,,8.673026886,63.19571714,57.70071751,,0,0.180559192,0.202458658
15/2/2022,Pahang,,17.33252448,98.53570518,80.06919263,,0,0,0
16/2/2022,Pahang,,25.98302442,116.6275795,102.7253002,,0,0,0
17/2/2022,Pahang,,60.63230836,142.4148607,121.9026232,,0,0.18211619,0
18/2/2022,Pahang,,60.58507876,114.0976413,114.097314,,0,0.182848784,0
19/2/2022,Pahang,,51.88964802,114.8170801,107.2984028,,0,0.36624268,0.191947053
20/2/2022,Pahang,,8.65201592,100.075148,97.12357445,,0,0.183287817,0.191188139
21/2/2022,Pahang,,8.644536653,93.76128267,92.90396124,,0,0,0
22/2/2022,Pahang,,25.88885054,131.0983479,128.5286396,,0,0.185691711,0
23/2/2022,Pahang,,43.08116491,140.5512984,137.7217161,,0,0.187401731,0
24/2/2022,Pahang,,25.76655501,135.9004685,150.0822942,,8.588851671,0.189540402,0.185975581
25/2/2022,Pahang,,25.71795971,121.7119535,126.9922252,,0,0.19197469,0
26/2/2022,Pahang,,42.85224546,108.4928598,101.2283853,,0,0.387474499,0
27/2/2022,Pahang,,17.11303157,82.85971034,90.6376135,,0,0.389012725,0.184222792
28/2/2022,Pahang,,17.10425041,90.43644393,92.05874155,,0,0.587249636,0.366767895
1/3/2022,Pahang,,17.07358716,121.2016105,152.2377677,,0,0.591227368,0.364205186
2/3/2022,Pahang,,17.07650273,161.0699819,200.3482113,,0,0.19885183,0.180983027
3/3/2022,Pahang,,42.64028654,150.311832,188.9777384,,0,1.000744554,0
4/3/2022,Pahang,,42.66211604,107.375033,135.7990675,,8.532423208,0.201454096,0
5/3/2022,Pahang,,25.64760195,107.8663669,124.9750406,,0,0.201996942,0
6/3/2022,Pahang,,17.10132535,49.94166732,51.27146102,,0,0.40438597,0.178025906
7/3/2022,Pahang,,0,43.07971169,48.72275512,,0,0.203206187,0.177173655
8/3/2022,Pahang,,34.16759204,71.47186998,89.93392502,,0,0.409580917,0
9/3/2022,Pahang,,17.07358716,97.13002431,117.4786861,,0,0.412441717,0
10/3/2022,Pahang,,68.2360969,79.69202353,102.9804897,,0,0.415062623,0.349679082
11/3/2022,Pahang,,34.10059676,72.9216291,114.2204455,,0,0.208944496,0.348233065
12/3/2022,Pahang,,25.57326741,63.57465826,104.8283631,,0,0.209817354,0.173844715
13/3/2022,Pahang,,25.57108762,45.18676847,63.20585661,,0,0.420342032,0.173642463
14/3/2022,Pahang,,34.09768988,48.19053014,62.13491411,,0,0.211361974,0
15/3/2022,Pahang,,51.15089514,48.2469564,56.59055697,,8.52514919,0.637624974,0
16/3/2022,Pahang,,25.5907191,51.48054633,88.74854236,,0,0.854448902,0.171993299
17/3/2022,Pahang,,42.73139048,67.21065063,100.4439417,,17.09255619,0.214730513,0
18/3/2022,Pahang,,17.10278775,53.52002037,86.97197418,,0,0.215806534,0
19/3/2022,Pahang,,17.08525542,42.59569978,64.18320892,,0,0.216221826,0
20/3/2022,Pahang,,17.12182176,32.26323334,60.40543308,,0,0.216531767,0
21/3/2022,Pahang,,17.11010352,31.9589534,52.58008253,,0,0,0.170162079
22/3/2022,Pahang,,34.18511238,28.81108441,47.64835851,,0,0.218265791,0.169567112
23/3/2022,Pahang,,0,53.02865958,85.02380836,,0,0.219126692,0.169033416
24/3/2022,Pahang,,25.66295979,38.29419183,56.12835696,,0,0.440163124,0
25/3/2022,Pahang,,8.544817568,35.79548844,49.63597481,,0,0,0.168257542
26/3/2022,Pahang,,8.544087491,24.99972345,33.28933985,,0,0,0
27/3/2022,Pahang,,17.06921567,15.93646662,29.74889912,,0,0.221339814,0
28/3/2022,Pahang,,8.5302397,15.54881773,27.68990661,,0,0.222125968,0.167817616
29/3/2022,Pahang,,8.525876034,32.35466063,61.28743808,,0,0,0
30/3/2022,Pahang,,0,22.1803012,41.938389,,0,0,0
31/3/2022,Pahang,,0,12.81797575,28.1487453,,0,0,0.333121246
1/4/2022,Pahang,,17.11303157,19.15877213,33.06729943,,0,0.225397319,0
2/4/2022,Pahang,,0,8.798864721,18.75870495,,0,0,0.166006239
3/4/2022,Pahang,,8.54920065,12.41403282,16.58982811,,0,0.451419375,0
4/4/2022,Pahang,,17.0984013,8.141849104,14.72819854,,0,0,0
5/4/2022,Pahang,,17.10863986,14.06265594,31.16595293,,0,0,0
6/4/2022,Pahang,,8.560178052,16.60524999,22.46332493,,0,0,0.327931751
7/4/2022,Pahang,,0,12.10570796,26.78548096,,0,0,0.326652207
8/4/2022,Pahang,,17.13942926,8.707328363,20.36835767,,8.569714629,0,0.162946861
9/4/2022,Pahang,,0,8.718915918,13.84161931,,0,0,0
10/4/2022,Pahang,,0,3.215079642,9.443624007,,0,0,0
11/4/2022,Pahang,,0,6.45217784,12.52829034,,0,0.460869846,0
12/4/2022,Pahang,,0,7.641683764,13.00297118,,0,0,0
13/4/2022,Pahang,,8.551393877,10.73324389,19.3186836,,0,0,0
14/4/2022,Pahang,,8.555051758,2.580917634,3.568410484,,0,0.234628876,0
15/4/2022,Pahang,,0,4.472671974,9.075674922,,0,0.235403788,0
16/4/2022,Pahang,,0,3.534243283,7.445654813,,0,0,0
17/4/2022,Pahang,,0,2.356584178,5.017350321,,0,0,0
18/4/2022,Pahang,,0,2.123027059,4.043534308,,0,0,0
19/4/2022,Pahang,,0,2.598586841,7.273702978,,0,0,0
20/4/2022,Pahang,,0,2.12967849,3.552696173,,0,0,0
21/4/2022,Pahang,,0,3.080006729,7.422671097,,0,0,0
22/4/2022,Pahang,,0,2.846387578,6.449189256,,0,0.237198965,0
23/4/2022,Pahang,,8.549931601,1.901072918,6.285598244,,0,0,0
24/4/2022,Pahang,,0,2.138930677,1.127913441,,0,0,0
25/4/2022,Pahang,,0,1.665164054,3.221550887,,0,0,0.161077544
26/4/2022,Pahang,,0,3.809514739,4.66998504,,0,0,0
27/4/2022,Pahang,,0,4.291252044,8.20831744,,0,0,0
28/4/2022,Pahang,,0,4.295881205,4.824935265,,0,0,0
29/4/2022,Pahang,,0,1.433630095,0.482105064,,0,0,0
30/4/2022,Pahang,,0,2.868788773,3.695164957,,0,0,0
1/5/2022,Pahang,,0,0,0.321281528,,0,0,0
2/5/2022,Pahang,,0,1.674805423,1.927280495,,0,0,0
3/5/2022,Pahang,,0,0.478688776,0.321062846,,0,0,0
4/5/2022,Pahang,,0,0.479043064,1.444219431,,0,0,0
5/5/2022,Pahang,,0,0.479545008,2.085432134,,0,0,0
6/5/2022,Pahang,,0,1.440278838,2.566018854,,0,0,0
7/5/2022,Pahang,,0,1.921095793,2.886544373,,0,0,0
8/5/2022,Pahang,,0,3.122223023,2.245050466,,0,0,0.160360748
9/5/2022,Pahang,,0,3.603594946,4.329615209,,0,0,0.160356119
10/5/2022,Pahang,,0,3.125165273,7.536604647,,0,0,0
11/5/2022,Pahang,,0,2.88642634,5.451854512,,0,0,0
12/5/2022,Pahang,,8.53970965,2.887739141,5.291056191,,0,0,0
13/5/2022,Pahang,,0,1.925831418,6.091940203,,0,0,0
14/5/2022,Pahang,,0,2.166779419,3.36646361,,0,0,0
15/5/2022,Pahang,,0,2.166836803,2.404532062,,0,0,0
16/5/2022,Pahang,,0,1.203847497,1.121864988,,0,0,0
17/5/2022,Pahang,,0,0.722327629,1.441940275,,0,0,0
18/5/2022,Pahang,,0,3.130222053,3.683235354,,0,0,0
19/5/2022,Pahang,,0,2.408147244,2.881350777,,0,0,0.160075043
20/5/2022,Pahang,,0,1.926833322,1.920116743,,0,0,0
21/5/2022,Pahang,,0,1.20432884,3.519633958,,0,0,0
22/5/2022,Pahang,,0,0.240877372,0.159976196,,0,0,0
23/5/2022,Pahang,,0,1.445685592,1.759628366,,0,0,0
24/5/2022,Pahang,,0,2.410579552,0.95960541,,0,0,0
25/5/2022,Pahang,,0,1.688582049,2.398453477,,0,0,0
26/5/2022,Pahang,,0,1.448215437,4.154695285,,0,0,0
27/5/2022,Pahang,,0,0.483019451,1.118384159,,0,0,0
28/5/2022,Pahang,,0,0.483133799,0.639024593,,0,0,0
29/5/2022,Pahang,,0,1.449485433,0.319500557,,0,0,0
30/5/2022,Pahang,,0,0.966414674,1.118200145,,0,0,0
31/5/2022,Pahang,,0,0.241649791,1.277591995,,0,0,0
1/6/2022,Pahang,,0,0.483467818,1.436978896,,0,0,0
2/6/2022,Pahang,,8.50195545,0.241934508,1.755951478,,0,0,0
3/6/2022,Pahang,,0,0.72597038,1.596041816,,0,0,0
4/6/2022,Pahang,,0,0,1.914739827,,0,0,0
5/6/2022,Pahang,,0,0,1.435988423,,0,0,0
6/6/2022,Pahang,,0,0.726149616,0.957093498,,0,0.242049872,0
7/6/2022,Pahang,,0,0.96859336,0.797329902,,0,0,0
8/6/2022,Pahang,,8.508465924,1.453358105,3.507876778,,0,0,0
9/6/2022,Pahang,,0,1.696093896,3.507474108,,0,0,0
10/6/2022,Pahang,,0,0.484715702,0.159407006,,0,0,0
11/6/2022,Pahang,,0,2.182098548,1.912759059,,0,0,0
12/6/2022,Pahang,,0,2.182251987,2.072102802,,0,0,0
13/6/2022,Pahang,,0,0.970237951,0,,0,0.242559488,0
14/6/2022,Pahang,,0,1.698699282,3.028100775,,0,0,0
15/6/2022,Pahang,,0,2.427107883,4.143162189,,0,0,0
16/6/2022,Pahang,,0,0.485496991,0.796571556,,0,0,0
17/6/2022,Pahang,,0,0.242799773,2.070541765,,0,0,0
18/6/2022,Pahang,,0,1.214107934,2.229757386,,0,0,0
19/6/2022,Pahang,,0,0.485662042,1.911208441,,0,0,0
20/6/2022,Pahang,,0,0.728498371,1.592602679,,0,0,0
21/6/2022,Pahang,,0,1.942983159,3.18504811,,0,0,0
22/6/2022,Pahang,,0,2.672049632,5.414081708,,0,0,0
23/6/2022,Pahang,,0,0.485975949,1.273731205,,0,0,0
24/6/2022,Pahang,,0,1.701540137,4.138710473,,0,0,0
25/6/2022,Pahang,,0,1.215427174,2.54670822,,0,0.243085435,0
26/6/2022,Pahang,,0,0.972351194,2.069134561,,0,0,0.159164197
27/6/2022,Pahang,,8.572653236,2.18792315,2.546473135,,0,0,0
28/6/2022,Pahang,,0,2.674284325,5.251582636,,0,0,0
29/6/2022,Pahang,,0,2.431457221,4.932739707,,0,0,0
30/6/2022,Pahang,,0,2.431853388,6.205082758,,0,0,0
1/7/2022,Pahang,,0,2.432539596,4.454066642,,0,0,0
2/7/2022,Pahang,,0,1.21640591,2.386065378,,0,0.243281182,0
3/7/2022,Pahang,,0,2.189626523,3.022339864,,0,0,0
4/7/2022,Pahang,,0,1.459868223,3.02218122,,0,0.24331137,0
5/7/2022,Pahang,,0,1.460070716,3.976389788,,0,0,0
6/7/2022,Pahang,,0,1.703672875,7.952286282,,0,0,0
7/7/2022,Pahang,,0,2.190745803,3.497570778,,0,0,0
8/7/2022,Pahang,,0,0.24347843,4.768679314,,0,0,0
9/7/2022,Pahang,,0,1.70439051,7.3118471,,0,0.243484359,0
10/7/2022,Pahang,,0,1.217427721,3.814803983,,0,0,0
11/7/2022,Pahang,,0,0.48701022,3.973627827,,0,0,0
12/7/2022,Pahang,,0,4.87038683,12.07892625,,0,0,0.15893324
13/7/2022,Pahang,,0,1.704772389,3.178452634,,0,0,0
14/7/2022,Pahang,,0,2.923485087,6.197431085,,0,0,0
15/7/2022,Pahang,,0,0.974718246,5.561196197,,0,0,0
16/7/2022,Pahang,,0,1.705802653,8.738911513,,0,0,0
17/7/2022,Pahang,,0,2.436902502,4.131121806,,0,0,0
18/7/2022,Pahang,,0,2.193276389,5.243338577,,0,0.243697377,0
19/7/2022,Pahang,,0,4.143279479,5.243030344,,0,0,0
20/7/2022,Pahang,,0,1.949959173,4.448462183,,0,0,0
21/7/2022,Pahang,,0,3.412819525,4.765618919,,0,0,0
22/7/2022,Pahang,,0,2.194249603,6.512381467,,0,0,0
23/7/2022,Pahang,,0,2.681899858,4.765005797,,0,0.243809078,0
24/7/2022,Pahang,,8.65950814,2.43809078,2.700157086,,0,0,0
25/7/2022,Pahang,,0,1.706667707,3.494115592,,8.65950814,0,0.158823436
26/7/2022,Pahang,,0,3.657448271,7.781915781,,0,0,0
27/7/2022,Pahang,,0,1.950734208,7.622350638,,0,0,0
28/7/2022,Pahang,,0,3.414417622,5.716036818,,0,0,0
29/7/2022,Pahang,,0,2.683070799,7.302700094,,0,0,0
30/7/2022,Pahang,,0,2.927086281,3.809965282,,0,0,0
31/7/2022,Pahang,,8.675284116,1.219610359,4.603642275,,0,0.243922072,0
1/8/2022,Pahang,,0,2.683352239,4.285966001,,0,0,0
2/8/2022,Pahang,,0,6.342964067,12.38038249,,0,0,0
3/8/2022,Pahang,,0,0.487991743,2.856721151,,0,0,0
4/8/2022,Pahang,,0,4.392740265,6.188707988,,0,0,0
5/8/2022,Pahang,,0,3.905468144,7.774581561,,0,0,0
6/8/2022,Pahang,,0,3.661564074,5.235818073,,0,0.244104272,0
7/8/2022,Pahang,,0,1.708767442,4.442470013,,0,0,0
8/8/2022,Pahang,,0,3.173618926,6.187686821,,0,0.244124533,0
9/8/2022,Pahang,,0,5.127241032,8.566995491,,0,0,0
10/8/2022,Pahang,,0,2.441889143,8.090537878,,0,0,0
11/8/2022,Pahang,,0,5.128994204,8.089883363,,0,0,0.158625164
12/8/2022,Pahang,,8.656509695,2.931390798,9.675398317,,0,0,0
13/8/2022,Pahang,,0,3.664328011,6.661622866,,0,0.488577068,0
14/8/2022,Pahang,,0,3.908673836,6.185743606,,0,0,0
15/8/2022,Pahang,,0,4.885878102,5.86827468,,0,0,0.158602018
16/8/2022,Pahang,,0,1.710220276,3.806182827,,0,0,0
17/8/2022,Pahang,,0,4.398117606,6.977581348,,0,0,0.158581394
18/8/2022,Pahang,,0,3.421151022,7.928679938,,0,0,0
19/8/2022,Pahang,,0,4.887872211,7.134918131,,0,0,0.158553736
20/8/2022,Pahang,,0,3.910412451,6.659130222,,0,0,0
21/8/2022,Pahang,,0,3.177248942,4.915033343,,0,0,0
22/8/2022,Pahang,,0,4.643955281,4.914877493,,0,0,0
23/8/2022,Pahang,,8.656509695,3.911119802,7.451257677,,0,0.244444988,0
24/8/2022,Pahang,,0,3.911464012,6.816438078,,0,0,0
25/8/2022,Pahang,,0,6.356579671,11.25447801,,0,0,0
26/8/2022,Pahang,,0,1.222646345,0.950977129,,0,0,0
27/8/2022,Pahang,,0,2.934422982,5.071677061,,0,0,0.158489908
28/8/2022,Pahang,,0,1.467225843,3.169788116,,0,0,0
29/8/2022,Pahang,,0,3.423694411,2.852727921,,0,0,0
30/8/2022,Pahang,,0,3.668486236,7.765316294,,0,0,0
31/8/2022,Pahang,,0,2.935219701,6.021662137,,0,0,0
1/9/2022,Pahang,,0,3.913932622,5.070736778,,0,0,0
2/9/2022,Pahang,,0,5.137815792,10.45749977,,0,0,0
3/9/2022,Pahang,,0,1.957382881,1.267525521,,0,0,0
4/9/2022,Pahang,,0,3.670110862,3.644055041,,0,0,0
5/9/2022,Pahang,,0,1.95747867,4.277715636,,0,0,0
6/9/2022,Pahang,,0,4.894127781,5.703367839,,0,0,0
7/9/2022,Pahang,,0,3.670874304,4.911210075,,0,0,0
8/9/2022,Pahang,,0,2.692040371,2.851607118,,0,0,0
9/9/2022,Pahang,,0,2.937116339,4.751903137,,0,0,0.158396771
10/9/2022,Pahang,,0,3.182070745,5.068568225,,0,0,0
11/9/2022,Pahang,,0,2.937396732,3.801378,,0,0,0
12/9/2022,Pahang,,0,3.182218741,4.434863731,,0,0,0
13/9/2022,Pahang,,0,4.161607458,5.701714791,,0,0,0
14/9/2022,Pahang,,0,3.182429075,8.710525482,,0,0,0
15/9/2022,Pahang,,0,0.73443188,1.108571953,,0,0,0
16/9/2022,Pahang,,8.661008141,1.469223442,3.484039142,,0,0,0
17/9/2022,Pahang,,8.658758334,1.714161175,2.850482682,,0,0,0
18/9/2022,Pahang,,0,2.693734618,2.058649336,,0,0,0
19/9/2022,Pahang,,8.658008658,2.693807182,2.058606957,,0,0,0
20/9/2022,Pahang,,0,3.183808619,4.908845899,,0,0,0
21/9/2022,Pahang,,0,4.163707169,7.758762652,,0,0,0
22/9/2022,Pahang,,0,0.734811447,1.108333241,,0,0,0
23/9/2022,Pahang,,0,3.919061581,3.324978665,,0,0,0
24/9/2022,Pahang,,0,2.939447384,2.216585761,,0,0,0
25/9/2022,Pahang,,0,1.959679592,3.324868114,,0,0,0
26/9/2022,Pahang,,0,0.9798686,1.108271824,,0,0,0
27/9/2022,Pahang,,0,1.714837262,3.641441504,,0,0,0.158323544
28/9/2022,Pahang,,0,3.184916237,4.907812287,,0,0,0
29/9/2022,Pahang,,0,1.960097319,2.057092221,,0,0,0
30/9/2022,Pahang,,0,1.715101963,2.848141825,,0,0,0
1/10/2022,Pahang,,0,0.490051946,2.373376413,,0,0,0
2/10/2022,Pahang,,0,1.225135868,2.215144309,,0,0,0
3/10/2022,Pahang,,0,1.715223837,2.531517392,,0,0,0.158219837
4/10/2022,Pahang,,0,0.490067556,1.898559942,,0,0,0
5/10/2022,Pahang,,0,1.715341524,2.056678907,,0,0,0
6/10/2022,Pahang,,0,1.716544547,2.214811393,,0,0,0
7/10/2022,Pahang,,0,1.961904715,2.530960769,,0,0.245238089,0
8/10/2022,Pahang,,8.616232983,1.226244577,1.898184545,,0,0,0
9/10/2022,Pahang,,0,1.226250592,2.214548635,,0,0,0
10/10/2022,Pahang,,0,1.226304727,1.423600127,,0,0,0.158177792
11/10/2022,Pahang,,0,2.452765861,2.530800635,,0,0,0
12/10/2022,Pahang,,0,1.962304138,4.428824052,,0,0,0
13/10/2022,Pahang,,0,2.207705875,1.898058444,,0,0.245300653,0
14/10/2022,Pahang,,0,2.453379653,4.74479338,,0,0,0
15/10/2022,Pahang,,0,1.962761507,1.107100945,,0,0,0
16/10/2022,Pahang,,0,2.208106696,0.948939165,,0,0,0
17/10/2022,Pahang,,0,1.962838559,1.7397163,,0,0,0
18/10/2022,Pahang,,8.60659265,1.472168652,4.744575764,,0,0,0
19/10/2022,Pahang,,0,1.71754695,5.218760971,,0,0,0
20/10/2022,Pahang,,0,2.208290906,4.110606947,,0,0,0
21/10/2022,Pahang,,0,2.453921489,4.110431485,,0,0,0
22/10/2022,Pahang,,0,1.963185366,2.845624852,,0,0,0
23/10/2022,Pahang,,0,1.472399865,2.213253277,,0,0,0.15808952
24/10/2022,Pahang,,8.602890571,1.717804057,1.106600397,,0,0,0
25/10/2022,Pahang,,0,2.944900904,3.635875021,,0,0,0
26/10/2022,Pahang,,0,4.172239879,5.848886894,,0,0,0
27/10/2022,Pahang,,0,2.945941965,7.429526202,,0,0,0
28/10/2022,Pahang,,0,2.455114372,6.006623092,,0,0.245511437,0
29/10/2022,Pahang,,0,4.173817398,7.74516204,,0,0,0
30/10/2022,Pahang,,0,1.227602394,1.580645314,,0,0,0
31/10/2022,Pahang,,8.603630732,3.92847234,6.480645788,,0,0,0
1/11/2022,Pahang,,0,3.437556781,8.219316659,,0,0,0
2/11/2022,Pahang,,0,4.91095216,8.06112546,,0,0,0
3/11/2022,Pahang,,8.602890571,3.437767808,7.586785716,,0,0,0
4/11/2022,Pahang,,0,5.156955628,9.799288445,,0,0,0
5/11/2022,Pahang,,0,4.911603417,6.796237729,,0,0,0
6/11/2022,Pahang,,0,3.929282734,6.796226988,,0,0,0
7/11/2022,Pahang,,8.599191676,3.929282734,8.850802341,,0,0,0
8/11/2022,Pahang,,0,7.121877425,11.22132241,,0,0,0
9/11/2022,Pahang,,0,6.385256933,10.27296046,,0,0,0
10/11/2022,Pahang,,0,6.631022872,9.956523182,,0,0,0
11/11/2022,Pahang,,0,8.35058712,14.53660618,,0,0,0
12/11/2022,Pahang,,8.592541674,1.228039582,2.68609079,,0,0,0
13/11/2022,Pahang,,0,3.438519275,7.426239273,,0,0,0
14/11/2022,Pahang,,8.592541674,4.175416621,8.058157779,,0,0,0
15/11/2022,Pahang,,0,6.631755794,11.6919703,,0,0,0.157999599
16/11/2022,Pahang,,8.590327291,8.842449653,12.63958845,,0,0,0
17/11/2022,Pahang,,,,,,0,0.245636875,0
18/11/2022,Pahang,,,,,,0,0,0
19/11/2022,Pahang,,,,,,0,0,0.15798587
20/11/2022,Pahang,,,,,,0,0,0
21/11/2022,Pahang,,,,,,0,0,0
22/11/2022,Pahang,,,,,,0,0,0
23/11/2022,Pahang,,,,,,0,0,0
24/5/2021,Perak,,14.36414709,10.06947941,,,0,0,
25/5/2021,Perak,,7.907638779,8.220844774,,,0,0,
26/5/2021,Perak,,7.867449216,11.50918268,,,0,0,
27/5/2021,Perak,,12.64762146,11.50918268,,,1.580952682,0,
28/5/2021,Perak,,12.28911009,6.576675819,,,0,0,
29/5/2021,Perak,,8.973438622,13.15335164,,,0,0,
30/5/2021,Perak,,14.38279817,9.864851534,,,1.797849772,0,
31/5/2021,Perak,,1.809398013,1.596806387,,,0,0,
1/6/2021,Perak,,1.796848328,3.054787616,,,0,0,
2/6/2021,Perak,,0,4.43721343,,,0,0,
3/6/2021,Perak,,7.826195843,10.18344753,,,0,0,
4/6/2021,Perak,,2.777392029,7.064142413,,,0,0,
5/6/2021,Perak,,12.35040571,7.062545907,,,0,0,
6/6/2021,Perak,,2.273890057,4.150296054,,,0,0,
7/6/2021,Perak,,3.133551986,7.933045099,,,1.044517329,0,
8/6/2021,Perak,,4.149592821,2.522322555,,,0,0,
9/6/2021,Perak,,6.95569224,3.769128326,,,0,0,
10/6/2021,Perak,,0.93607541,1.151330939,,,0.93607541,0,
11/6/2021,Perak,,1.857751934,2.188495081,,,0,0,
12/6/2021,Perak,,0.941061329,6.333590196,,,0.941061329,0,
13/6/2021,Perak,,2.846948072,2.039047765,,,0,0,
14/6/2021,Perak,,0.954599259,1.960976566,,,0,0,
15/6/2021,Perak,,0.939823125,2.840371142,,,0,0,
16/6/2021,Perak,,0.922066905,0,,,0,0,
17/6/2021,Perak,,1.803280167,2.832540222,,,0,0,
18/6/2021,Perak,,4.205603546,4.71475719,,,0,0,
19/6/2021,Perak,,0.808466259,3.768500985,,,0,0,
20/6/2021,Perak,,0,0.941921142,,,0.789496538,0,
21/6/2021,Perak,,3.098589367,1.883824541,,,0,0,
22/6/2021,Perak,,2.281542323,1.834273398,,,0,0,
23/6/2021,Perak,,0.746658702,0.898278898,,,0.746658702,0,
24/6/2021,Perak,,0.762020879,0.861601027,,,0,0,
25/6/2021,Perak,,4.63291843,0.815986814,,,0,0,
26/6/2021,Perak,,2.432123487,2.348961759,,,0,0,
27/6/2021,Perak,,2.5492862,0.756366717,,,0,0.756366717,
28/6/2021,Perak,,0.898569477,1.46708234,,,0,0,
29/6/2021,Perak,,3.422840615,0.711566514,,,0,0.711566514,
30/6/2021,Perak,,5.254722682,2.846002789,,,0,0,
1/7/2021,Perak,,5.341357239,1.410168727,,,0,0,
2/7/2021,Perak,,0.846582347,0.689398431,,,0,0,
3/7/2021,Perak,,5.468835451,0.67458631,,,0,0,
4/7/2021,Perak,,1.457821577,3.306922049,,,0,0,
5/7/2021,Perak,,2.749121999,1.286529394,,,0,0,
6/7/2021,Perak,,0.638985802,0.624664243,,,0,0,
7/7/2021,Perak,,8.479760628,5.984547897,,,0,0,
8/7/2021,Perak,,9.834292177,2.290780182,,,0,0,
9/7/2021,Perak,,0.535200111,0,,,0.535200111,0,
10/7/2021,Perak,,7.610118413,5.814814032,,,0,0,
11/7/2021,Perak,,6.205635672,2.040014892,,,0.47735659,0,
12/7/2021,Perak,,2.747466607,3.048099002,,,0,0,
13/7/2021,Perak,,4.77517603,3.456858407,,,0,0,
14/7/2021,Perak,,11.77255425,11.86628125,,,0,0,
15/7/2021,Perak,,9.576125848,6.487518478,,,0,0,
16/7/2021,Perak,,5.095541401,4.532886089,,,0,0,
17/7/2021,Perak,,7.143877697,5.336867526,,,0,0,
18/7/2021,Perak,,10.92340434,8.306156173,,,0.376669115,0,
19/7/2021,Perak,,10.44333769,3.409972464,,,0.720230186,0,
20/7/2021,Perak,,7.785047754,4.152254882,,,0.353865807,0,
21/7/2021,Perak,,11.9502028,6.161505379,,,0.351476553,0,
22/7/2021,Perak,,17.45559092,9.498442651,,,0,0.395768444,
23/7/2021,Perak,,17.89163632,8.824195176,,,0.662653197,0,
24/7/2021,Perak,,13.45819916,7.87561036,,,0.32824876,0,
25/7/2021,Perak,,18.22009221,8.82528149,,,0,0,
26/7/2021,Perak,,21.60802399,15.79654056,,,1.290031283,0,
27/7/2021,Perak,,21.40695596,10.18701963,,,0,0,
28/7/2021,Perak,,18.69484216,13.80400385,,,0.64464973,0,
29/7/2021,Perak,,33.41438804,15.22976641,,,0.992506575,0,
30/7/2021,Perak,,31.4722525,17.80578923,,,0.973368634,0,
31/7/2021,Perak,,40.93971382,17.09906056,,,1.310070842,0.335275697,
1/8/2021,Perak,,27.71026415,9.374110715,,,1.001575813,0,
2/8/2021,Perak,,48.93969617,21.98855283,,,1.68757573,0.328187356,
3/8/2021,Perak,,63.4137145,21.56136987,,,0.68555367,0,
4/8/2021,Perak,,56.31513437,17.55926251,,,0.639944709,0,
5/8/2021,Perak,,34.27767321,17.26178733,,,0.902044032,0,
6/8/2021,Perak,,48.46602123,16.21763476,,,1.459819917,0.294866087,
7/8/2021,Perak,,82.39258585,35.20526943,,,0.889128624,0.283913463,
8/8/2021,Perak,,0,0,,,0.890408519,0,
9/8/2021,Perak,,42.64076635,17.58640964,,,0.592232866,0,
10/8/2021,Perak,,44.41176046,15.17247309,,,0,0.252874551,
11/8/2021,Perak,,62.1650891,26.24248538,,,0.843869988,0,
12/8/2021,Perak,,46.67451019,22.19833629,,,0.552361067,0,
13/8/2021,Perak,,52.98671193,19.75508188,,,0.827917374,0,
14/8/2021,Perak,,54.58182564,20.51313056,,,0.55413021,0.863710761,
15/8/2021,Perak,,51.9570967,15.91956431,,,1.105470143,0.418935903,
16/8/2021,Perak,,44.62069619,15.73272124,,,1.115517405,0.403403109,
17/8/2021,Perak,,61.25849681,24.93536753,,,0,0.19948294,
18/8/2021,Perak,,59.8180628,21.28938783,,,0.564321347,0.197123961,
19/8/2021,Perak,,73.77228769,24.10075271,,,0.554678855,0.192806022,
20/8/2021,Perak,,62.28113137,20.42203054,,,0.566192103,0.185654823,
21/8/2021,Perak,,43.20325295,10.85701671,,,0.282374202,0.542850835,
22/8/2021,Perak,,49.22126918,17.67287161,,,0.279666302,0.353457432,
23/8/2021,Perak,,47.52094416,19.73714964,,,0.559069931,0,
24/8/2021,Perak,,77.19567145,28.23462977,,,0.279694462,0.344324753,
25/8/2021,Perak,,71.3546993,29.17994298,,,0,0.167700822,
26/8/2021,Perak,,56.40693746,23.6633068,,,0.593757236,0.162077444,
27/8/2021,Perak,,67.36314997,24.27207419,,,0.596134071,0,
28/8/2021,Perak,,76.40366507,22.17475866,,,0.864947152,0.461974139,
29/8/2021,Perak,,54.29367842,22.01444208,,,0.559728644,0.15078385,
30/8/2021,Perak,,0.267967201,0,,,0.267967201,0.147250466,
31/8/2021,Perak,,138.7595673,46.88873131,,,0.259363677,0.431491392,
1/9/2021,Perak,,67.88971406,22.20336586,,,0.774407385,0.56569085,
2/9/2021,Perak,,67.19652646,34.61281226,,,0.492282245,0.13789965,
3/9/2021,Perak,,73.29518225,47.14961017,,,0.704761368,0.13509917,
4/9/2021,Perak,,58.15974392,29.00436529,,,1.363118998,0.266095094,
5/9/2021,Perak,,64.33616772,26.60885249,,,0.674854906,0.131078091,
6/9/2021,Perak,,69.10652308,27.9323137,,,1.540591279,0.386161019,
7/9/2021,Perak,,80.3085585,36.27008877,,,0.868200632,0.623197402,
8/9/2021,Perak,,78.81506807,36.35586229,0,,0.429509908,0.362350787,0
9/9/2021,Perak,,91.45405553,35.4528483,0,,0.426359233,0.353350648,0
10/9/2021,Perak,,73.42602068,43.30859108,0,,2.288062967,0.578991859,0
11/9/2021,Perak,,75.67793957,28.29554294,0,,0.622010462,0.114556854,0
12/9/2021,Perak,,74.79914658,25.56170425,0,,0.416708338,0.340822723,0
13/9/2021,Perak,,51.7839357,28.0222564,0,,1.044030962,0.336267077,0
14/9/2021,Perak,,71.23041164,35.21511308,0,,0.416552115,0.445760925,0
15/9/2021,Perak,,79.34605625,45.63292872,0,,0.826521419,0.659753186,0
16/9/2021,Perak,,128.01321,35.92008595,0,,0.20849057,0.434079588,0
17/9/2021,Perak,,65.64546848,37.58826818,0,,0.418124003,0.214178166,0
18/9/2021,Perak,,64.1884835,39.51713025,0,,0.652764239,0.316982328,0
19/9/2021,Perak,,77.96489352,35.16796366,0,,0.445513677,0.418666234,0
20/9/2021,Perak,,72.79500465,34.47649405,0,,0.693285759,0.51611518,0
21/9/2021,Perak,,100.2693985,54.26571262,0,,0.966452034,0.203623687,0
22/9/2021,Perak,,44.03572765,33.16500341,0,,0.489285863,0.40078554,0
23/9/2021,Perak,,66.62795159,40.81980434,0,,0.51850546,0.297231585,0
24/9/2021,Perak,,0,0,0,,0.277706808,0.390206214,0
25/9/2021,Perak,,153.92797,71.13633567,0,,0.886341478,0.192260367,0
26/9/2021,Perak,,45.41785965,28.72702195,0,,1.53438715,0.380490357,0
27/9/2021,Perak,,57.23765267,27.02867574,0,,0.970129706,0.187699137,0
28/9/2021,Perak,,57.94279092,39.29509784,0,,1.028570253,0.185354235,0
29/9/2021,Perak,,62.1553739,35.02841041,0,,0,0.456099094,0
30/9/2021,Perak,,75.40661567,37.12653282,0,,0,0.361328787,0
1/10/2021,Perak,,95.68414161,65.00746219,0,,0.839334576,0.441027559,0
2/10/2021,Perak,,0,0,0,,0,0.434582701,0
3/10/2021,Perak,,23.52099494,27.42963785,0,,0,0.512703511,0
4/10/2021,Perak,,42.51053579,21.61397771,0,,0.52482143,0.167550215,0
5/10/2021,Perak,,37.81628163,28.92823387,0,,0.572973964,0.415635544,0
6/10/2021,Perak,,103.8888643,28.96755878,0,,0,0.406847736,0
7/10/2021,Perak,,62.47570389,26.95295636,0,,1.388348975,0.159014492,0
8/10/2021,Perak,,58.98647791,29.7859931,0,,0,0.311895216,0
9/10/2021,Perak,,37.90047497,26.74441816,0,,0,0.077073251,0
10/10/2021,Perak,,75.38229593,53.66095398,0,,0,0.608056136,0
11/10/2021,Perak,,0,0,0,,0,0.374409276,0
12/10/2021,Perak,,0,0,0,,0,0.221486559,0
13/10/2021,Perak,,120.2041017,69.41278098,0,,0,0.291344306,0
14/10/2021,Perak,,37.04059375,16.69417982,0,,1.371873842,0.07164884,0
15/10/2021,Perak,,0,0,0,,0,0.211866651,0
16/10/2021,Perak,,0,0.139521775,0,,0,0.139521775,0
17/10/2021,Perak,,0,0,0,,0,0.207202926,0
18/10/2021,Perak,,20.07592349,15.82651952,0,,0,0.136435513,0
19/10/2021,Perak,,32.71999384,17.71449355,0,,0,0.202066466,0
20/10/2021,Perak,,31.85601083,17.00011333,0,,0,0.200001333,0
21/10/2021,Perak,,20.99164533,17.39518081,0,,0,0.264565488,0
22/10/2021,Perak,,29.55956252,19.95477356,46.06879607,,0,0.393844215,0
23/10/2021,Perak,,49.07574023,15.22409675,67.25854183,,2.336940011,0.195180728,0
24/10/2021,Perak,,9.541074325,12.40257198,36.82337057,,0,0.193790187,0
25/10/2021,Perak,,14.61810208,12.04938968,21.01061036,,0,0.128184997,0
26/10/2021,Perak,,75.50398913,59.85457884,62.16328222,,0,0.063675084,0
27/10/2021,Perak,,0,0,0,,0,0.063289537,0
28/10/2021,Perak,,0,0,0,,0,0.18886847,0
29/10/2021,Perak,,0,0.063010027,0,,0,0.126020054,0
30/10/2021,Perak,,0,0,0,,0,0.062791076,0
31/10/2021,Perak,,18.4280844,17.88510234,10.83423619,,0,0.062754745,0
1/11/2021,Perak,,0,0,0,,0,0.125310771,0
2/11/2021,Perak,,13.01447861,9.323606747,13.70488808,,3.253619652,0.187723626,0
3/11/2021,Perak,,10.01636005,10.6331277,4.216384872,,0,0.12509562,0
4/11/2021,Perak,,6.842987648,12.61706702,18.5288123,,0,0.187382183,0
5/11/2021,Perak,,17.35870018,9.809403907,6.671781699,,3.471740036,0.312401398,0
6/11/2021,Perak,,7.016805249,8.117161866,9.776126699,,0,0,0
7/11/2021,Perak,,14.03311816,9.79758318,6.390797252,,0,0.062404988,0
8/11/2021,Perak,,7.011885145,7.426411439,3.026268006,,0,0.187220456,0
9/11/2021,Perak,,14.41545337,8.857976077,22.41775486,,0,0.374280679,2.802219358
10/11/2021,Perak,,21.8666861,11.22797212,5.125051251,,0,0.124755246,0
11/11/2021,Perak,,0,11.79809158,12.70938715,,0,0.062423765,0
12/11/2021,Perak,,14.88372093,11.99214514,27.17592707,,0,0.062459089,0
13/11/2021,Perak,,15.42912247,12.35630337,16.9890542,,0,0.062405573,0
14/11/2021,Perak,,3.926033528,9.545503039,4.791911254,,0,0.062388909,0
15/11/2021,Perak,,3.93452943,11.48311981,27.18499388,,3.93452943,0.18722478,2.265416157
16/11/2021,Perak,,7.909827961,12.11804727,10.45172349,,3.954913981,0.062464161,0
17/11/2021,Perak,,7.971303308,14.38694116,25.13971882,,0,0.125103836,3.86764905
18/11/2021,Perak,,12.06515182,14.01004345,12.5761305,,0,0.125089674,0
19/11/2021,Perak,,8.196385394,10.44996812,18.61000203,,0,0.187723978,0
20/11/2021,Perak,,12.47660636,8.701188056,8.253412786,,4.158868788,0.062598475,0
21/11/2021,Perak,,12.73993545,10.83247915,14.63010225,,0,0.125230973,0
22/11/2021,Perak,,25.4906959,10.52830799,12.21709783,,0,0.0626685,0
23/11/2021,Perak,,12.79918085,9.668738958,25.51128875,,0,0.251136077,0
24/11/2021,Perak,,8.570449092,13.27474828,21.11207875,,0,0.377480994,0
25/11/2021,Perak,,8.615490652,12.22997137,14.84413657,,0,0.252164358,1.237011381
26/11/2021,Perak,,8.593649293,11.42513036,4.697647653,,4.296824647,0.315611336,0
27/11/2021,Perak,,17.17549057,10.29305528,9.218182866,,0,0.189442735,0
28/11/2021,Perak,,8.597713008,9.412608979,5.684789776,,0,0.126343745,0
29/11/2021,Perak,,4.302370606,10.25605313,11.79131516,,0,0.12661794,1.071937742
30/11/2021,Perak,,0,10.03149126,8.870665694,,0,0.317452255,0
1/12/2021,Perak,,13.12910284,11.08105922,12.71536652,,0,0.127368497,0
2/12/2021,Perak,,0,11.7501084,12.39648931,,0,0.191577854,0
3/12/2021,Perak,,0,11.20083872,11.55161261,,0,0.192014378,0
4/12/2021,Perak,,17.8412132,12.04044565,17.11959151,,0,0.192134771,0
5/12/2021,Perak,,0,11.27976641,8.763473841,,0,0.128179164,0
6/12/2021,Perak,,9.102908379,7.908498035,5.637574434,,0,0.192890196,0
7/12/2021,Perak,,22.83522104,8.400673346,10.7670877,,0,0.193861693,0
8/12/2021,Perak,,32.16468318,12.34380218,9.581664527,,0,0.12993476,0
9/12/2021,Perak,,13.81151881,11.71091189,7.921178184,,0,0.065424089,0.609321399
10/12/2021,Perak,,4.620645042,10.92123944,2.907974247,,0,0.065790599,0
11/12/2021,Perak,,13.9243444,11.94140137,6.272023355,,0,0.065974593,0
12/12/2021,Perak,,4.663309084,9.648299652,6.768418559,,0,0.132168488,0
13/12/2021,Perak,,0,7.159206839,3.813799416,,0,0.066288952,0
14/12/2021,Perak,,4.671805653,11.38255434,8.362995834,,0,0.133129291,0.52268724
15/12/2021,Perak,,9.413093613,10.77184627,4.038731434,,0,0.334529387,0
16/12/2021,Perak,,9.417526016,9.344820516,3.385436818,,0,0.134457849,0
17/12/2021,Perak,,4.72567459,11.28307478,9.312807905,,0,0.270253288,0
18/12/2021,Perak,,9.505703422,9.477941445,5.945058513,,0,0.067699582,0
19/12/2021,Perak,,9.550642281,5.964512506,1.35319218,,0,0.271114205,0
20/12/2021,Perak,,0,5.240055803,4.38292762,,0,0.068052673,0
21/12/2021,Perak,,0,8.070743486,5.916634618,,0,0.410376787,0
22/12/2021,Perak,,4.805612956,10.99189485,8.576924805,,0,0.137398686,0.408424991
23/12/2021,Perak,,19.2576188,10.43355209,4.727331461,,0,0.069096371,0
24/12/2021,Perak,,9.635303753,8.404394456,6.037826986,,4.817651876,0.277831222,0
25/12/2021,Perak,,9.734254843,8.286971558,7.060650992,,0,0.208915249,0
26/12/2021,Perak,,14.60991526,9.071655612,4.405448071,,0,0,0
27/12/2021,Perak,,9.751816276,5.607039077,6.353823237,,0,0.140175977,0.35299018
28/12/2021,Perak,,0,8.881739637,9.496579536,,0,0.211469991,0
29/12/2021,Perak,,4.923925353,9.144947417,6.197120622,,0,0.212673196,0
30/12/2021,Perak,,9.886307464,8.06066758,6.91462947,,0,0.071333341,0
31/12/2021,Perak,,0,8.123202382,7.924171772,,0,0,0
1/1/2022,Perak,,5.012531328,7.35329103,7.299403274,,0,0.144182177,0
2/1/2022,Perak,,5.015296655,10.044238,9.075261141,,0,0.216782115,0
3/1/2022,Perak,,0,6.408225832,4.125509795,,0,0.218462244,0
4/1/2022,Perak,,10.11224593,8.443986266,5.99653914,,0,0.073425968,0
5/1/2022,Perak,,0,0,0,,0,0,0
6/1/2022,Perak,,5.103342689,8.514076981,5.805193537,,0,0.074684886,0
7/1/2022,Perak,,0,6.619517648,3.793089497,,0,0.075221791,0
8/1/2022,Perak,,10.31246777,4.816560539,4.0314148,,0,0.075258758,0
9/1/2022,Perak,,0,6.330034431,2.003365654,,5.160757599,0.075357553,0
10/1/2022,Perak,,5.161290323,6.295208891,2.407654415,,0,0,0
11/1/2022,Perak,,5.178932104,6.804858822,4.38604591,,0,0,0
12/1/2022,Perak,,5.201560468,8.113740736,4.869885513,,0,0.154547443,0
13/1/2022,Perak,,5.209961446,6.252085657,3.612171744,,0,0.078151071,0
14/1/2022,Perak,,0,6.885329974,3.275211968,,0,0,0
15/1/2022,Perak,,5.244388504,6.259185751,2.017365482,,0,0,0
16/1/2022,Perak,,10.48877701,5.159819454,2.395051823,,0,0,0
17/1/2022,Perak,,5.243013684,5.064394174,0.970508197,,0,0.080387209,0
18/1/2022,Perak,,10.50144395,7.33897075,4.325658111,,0,0.081544119,0
19/1/2022,Perak,,0,6.208727484,4.014166358,,0,0,0
20/1/2022,Perak,,21.13829731,7.903496625,7.763249131,,5.284574328,0.084079751,0
21/1/2022,Perak,,5.298293949,6.571462953,5.991683543,,0,0.085343675,0
22/1/2022,Perak,,0,7.727961999,7.251215843,,0,0,0
23/1/2022,Perak,,0,5.779444328,4.519168808,,0,0,0
24/1/2022,Perak,,0,0,0,,0,0.087313139,0
25/1/2022,Perak,,10.63490375,5.934555143,5.011145758,,0,0,0.161649863
26/1/2022,Perak,,5.323396327,7.189331033,5.353630943,,0,0.089866638,0
27/1/2022,Perak,,5.327082889,6.397256856,5.068532706,,5.327082889,0,0
28/1/2022,Perak,,5.334186803,7.242360007,6.043400682,,0,0.185701539,0
29/1/2022,Perak,,0,9.454972333,8.074923326,,0,0,0
30/1/2022,Perak,,5.346449957,6.674312358,4.459494412,,0,0,0
31/1/2022,Perak,,5.348165579,7.533667866,5.818207207,,0,0.095362884,0
1/2/2022,Perak,,5.359056806,7.863293761,5.976546325,,5.359056806,0.191787653,0
2/2/2022,Perak,,0,7.403308889,7.939006148,,0,0,0
3/2/2022,Perak,,5.358769626,10.98248738,6.82212935,,0,0.098941328,0
4/2/2022,Perak,,5.37692225,10.59974561,7.897614786,,0,0.0999976,0
5/2/2022,Perak,,5.384739648,11.5788753,11.54470854,,0,0.100685872,0.265395599
6/2/2022,Perak,,5.384159802,15.36561055,15.30171419,,0,0.202179086,0
7/2/2022,Perak,,5.383290267,18.36745164,21.7606021,,0,0,0
8/2/2022,Perak,,26.95999137,17.09355385,17.14782333,,0,0.312686961,0.129907753
9/2/2022,Perak,,0,19.5915843,19.28637812,,0,0.105900456,0
10/2/2022,Perak,,5.386770093,17.3221281,17.10503641,,0,0,0.127649525
11/2/2022,Perak,,10.7869047,20.75577229,21.76023989,,0,0,0
12/2/2022,Perak,,0,24.20492328,26.09619632,,0,0.220044757,0.124862183
13/2/2022,Perak,,5.389673386,18.68580211,25.31991213,,0,0.110566876,0
14/2/2022,Perak,,5.383580081,21.00176169,22.86770847,,5.383580081,0.111711498,0
15/2/2022,Perak,,21.50190829,26.09667643,28.05755396,,0,0.112002903,0.119904077
16/2/2022,Perak,,0,16.17883,23.35149039,,10.74171545,0.561764931,0
17/2/2022,Perak,,5.365094694,19.5599022,26.19431124,,0,0,0
18/2/2022,Perak,,16.05136437,39.52487186,52.59157071,,0,0.115232863,0
19/2/2022,Perak,,5.343022013,12.29741174,20.65957355,,0,0,0.111072976
20/2/2022,Perak,,0,18.08273962,25.11901234,,0,0.116662836,0.110171107
21/2/2022,Perak,,5.311520688,47.32523677,42.92538679,,5.311520688,0.828191644,0.108397441
22/2/2022,Perak,,37.14316035,54.40158259,45.60294678,,0,0.72374611,0
23/2/2022,Perak,,31.74603175,73.86708364,56.06165309,,0,0.369952005,0
24/2/2022,Perak,,47.46585096,74.79978758,61.4628787,,0,0.630689609,0
25/2/2022,Perak,,26.36435539,60.62239856,50.32142427,,0,0.128983827,0
26/2/2022,Perak,,26.31025047,63.69777372,53.90862893,,5.262050095,0.262130756,0
27/2/2022,Perak,,15.75216592,57.43673357,57.18496921,,5.250721974,0.529370816,0.201355525
28/2/2022,Perak,,47.239135,58.98709573,55.98690645,,0,0.134981912,0.099798407
1/3/2022,Perak,,20.97755402,65.87733063,61.79528655,,0,0.412592885,0.098872458
2/3/2022,Perak,,15.72244641,82.91466804,73.04215688,,0,0.280591093,0
3/3/2022,Perak,,36.69724771,78.56651178,64.00556334,,0,0.572433601,0.291375857
4/3/2022,Perak,,20.97315436,71.4923778,59.77913487,,0,0.438603545,0.288788091
5/3/2022,Perak,,20.9621633,64.41623526,53.7361469,,5.240540824,0.738718294,0.287359074
6/3/2022,Perak,,36.80336488,52.50283396,50.07501714,,0,1.044090448,0.19076197
7/3/2022,Perak,,15.77287066,56.81895456,60.45989257,,0,1.057799686,0
8/3/2022,Perak,,15.72491875,59.6264533,67.89006504,,0,0.919688226,0.281701515
9/3/2022,Perak,,10.46243984,70.66136862,63.88876453,,0,0.622567124,0.186536539
10/3/2022,Perak,,20.93911951,64.95584737,68.33324371,,0,0.945958942,0.370872422
11/3/2022,Perak,,47.08590562,62.86913621,75.68166503,,0,1.119806497,0.092182296
12/3/2022,Perak,,46.94835681,61.45597429,55.33378127,,0,1.613017698,0.367666321
13/3/2022,Perak,,5.216211987,49.06340877,53.14505847,,0,0.649846474,0.183575332
14/3/2022,Perak,,36.5230095,62.26085983,61.04464941,,0,1.152978886,0.274152617
15/3/2022,Perak,,41.75583277,56.24832048,69.92402136,,0,1.16836274,0.364187611
16/3/2022,Perak,,57.45325394,67.90815844,69.56679684,,5.223023086,1.182480371,0.181636545
17/3/2022,Perak,,36.53254006,77.34599098,81.01230952,,0,0.512225106,0.362471184
18/3/2022,Perak,,36.5573428,57.29472267,70.2724164,,0,1.208021261,0.361762761
19/3/2022,Perak,,31.36598881,56.38416178,62.24400009,,5.227664802,0.867448643,0.180679246
20/3/2022,Perak,,15.67480015,40.18153006,51.64846179,,0,1.565514158,0.180589027
21/3/2022,Perak,,15.66661444,42.97054501,59.75077708,,0,0.876949898,0.360487343
22/3/2022,Perak,,15.67234354,48.57095422,60.73639505,,5.224114513,0.353243303,0.359919378
23/3/2022,Perak,,20.9117524,50.57890664,61.11189498,,0,0.177469848,0
24/3/2022,Perak,,26.12876254,47.76221545,55.11511339,,5.225752508,0.356434444,0.089764028
25/3/2022,Perak,,5.220296513,50.4457833,51.90316071,,0,0.357771513,0.089642765
26/3/2022,Perak,,20.88009605,28.14628899,42.37420996,,0,0.717102904,0.447930338
27/3/2022,Perak,,15.65598581,20.0982301,22.12060476,,0,0.897242415,0.089557104
28/3/2022,Perak,,20.86702488,26.47661143,33.17749153,,5.216756221,0.900565014,0.357708804
29/3/2022,Perak,,10.47833604,28.72493794,35.71584828,,0,0.361319974,0.089289621
30/3/2022,Perak,,26.26464254,31.68957974,30.29819663,,0,0.724333251,0.178224686
31/3/2022,Perak,,26.26464254,31.3999666,33.72417187,,0,0.726010789,0
1/4/2022,Perak,,5.260666,22.20159779,26.74086591,,0,0.727921239,0
2/4/2022,Perak,,5.266206751,19.13108437,21.83371232,,0,0.911004018,0
3/4/2022,Perak,,0,14.95010857,19.24690497,,0,0.182318397,0
4/4/2022,Perak,,0,15.17569986,18.13645693,,0,0.365679515,0
5/4/2022,Perak,,10.5257618,22.37419558,26.11576519,,0,0.183395046,0.088228936
6/4/2022,Perak,,5.268426321,16.93604801,24.18024571,,0,0.368174957,0.087928166
7/4/2022,Perak,,21.08259105,21.60245936,28.73794846,,0,0,0
8/4/2022,Perak,,5.272871078,20.56080998,25.1848639,,0,0,0
9/4/2022,Perak,,10.54852321,13.73437715,19.0522302,,0,0,0.174791103
10/4/2022,Perak,,10.53962901,27.32108407,32.15549278,,0,0.37171543,0.087379056
11/4/2022,Perak,,0,15.50425246,21.04072122,,0,0.186798222,0
12/4/2022,Perak,,5.275096271,14.46384227,20.24137844,,0,0.375684215,0.087247321
13/4/2022,Perak,,0,5.108537501,6.36440675,,0,0,0
14/4/2022,Perak,,5.27648797,4.765944467,4.878703241,,0,0,0.087119701
15/4/2022,Perak,,0,12.82132243,16.53879566,,0,0.382726043,0
16/4/2022,Perak,,0,0,0,,0,0,0
17/4/2022,Perak,,36.96857671,66.51332183,86.91778569,,0,0,0
18/4/2022,Perak,,0,0,0,,0,0,0.260848924
19/4/2022,Perak,,0,0,0,,0,0,0
20/4/2022,Perak,,0,0,0,,0,0,0
21/4/2022,Perak,,0,0,0,,0,0,0
22/4/2022,Perak,,0,0,0,,0,0,0
23/4/2022,Perak,,0,0,0,,0,0,0
24/4/2022,Perak,,0,0,0,,0,0,0
25/4/2022,Perak,,5.307573908,4.260708904,4.855884291,,0,0,0
26/4/2022,Perak,,10.61627475,24.81760033,29.73589669,,0,0,0
27/4/2022,Perak,,0,0,0,,5.312084993,0,0
28/4/2022,Perak,,0,0,0,,0,0.194292465,0.086620284
29/4/2022,Perak,,0,8.557114852,10.39063596,,0,0.194479883,0
30/4/2022,Perak,,0,2.33458493,3.895759855,,0,0,0
1/5/2022,Perak,,0,2.529665189,1.211869395,,0,0.19458963,0
2/5/2022,Perak,,0,0,0,,0,0,0
3/5/2022,Perak,,10.61571125,1.753534834,1.384150097,,0,0.194837204,0.086509381
4/5/2022,Perak,,5.307573908,4.290263637,5.448172743,,0,0.195011983,0
5/5/2022,Perak,,0,2.73244841,3.717459264,,0,0,0.086452541
6/5/2022,Perak,,0,2.929870617,5.272501915,,0,0,0
7/5/2022,Perak,,0,0,0.086423029,,0,0,0
8/5/2022,Perak,,5.317451877,22.2809867,20.9138307,,0,0,0
9/5/2022,Perak,,0,7.626705987,9.851646305,,0,0,0
10/5/2022,Perak,,5.317451877,6.65311258,8.90095655,,0,0.195679782,0
11/5/2022,Perak,,0,9.791193018,10.36973282,,0,0,0
12/5/2022,Perak,,0,0,0,,0,0,0
13/5/2022,Perak,,0,0,0,,0,0,0
14/5/2022,Perak,,0,0,0,,0,0,0
15/5/2022,Perak,,0,6.8634449,8.811356629,,0,0,0
16/5/2022,Perak,,0,0,0,,0,0,0
17/5/2022,Perak,,10.61627475,7.256353231,11.57093588,,0,0,0
18/5/2022,Perak,,0,0,0.258991315,,0,0,0
19/5/2022,Perak,,5.309264667,9.808614317,10.01187616,,0,0,0.086309277
20/5/2022,Perak,,0,0,0,,0,0,0
21/5/2022,Perak,,0,2.551185614,4.831701484,,0,0,0
22/5/2022,Perak,,5.314061005,4.710158438,6.211892841,,0,0,0
23/5/2022,Perak,,0,4.319442399,6.211431968,,0,0,0
24/5/2022,Perak,,0,9.428495664,11.64419481,,0,0,0
25/5/2022,Perak,,0,2.947811937,3.535683672,,5.313778628,0,0
26/5/2022,Perak,,5.313496281,3.342653438,3.966296824,,0,0,0
27/5/2022,Perak,,0,0,0,,0,0.196726085,0
28/5/2022,Perak,,0,0,0,,0,0,0
29/5/2022,Perak,,0,1.967860896,4.137574347,,0,0,0
30/5/2022,Perak,,0,2.952250304,3.619856464,,0,0,0
31/5/2022,Perak,,0,4.92242262,8.1003827,,0,0,0
1/6/2022,Perak,,0,3.939590322,7.237567109,,0,0,0.086161513
2/6/2022,Perak,,0,2.955589315,6.116513553,,0,0,0
3/6/2022,Perak,,0,3.350869551,4.823610886,,0,0,0
4/6/2022,Perak,,0,2.957080927,5.598486858,,0,0,0.086130567
5/6/2022,Perak,,0,1.380071764,3.272840334,,0,0,0
6/6/2022,Perak,,0,2.366588504,2.066733089,,0,0,0
7/6/2022,Perak,,0,1.183670087,3.702243215,,0,0,0
8/6/2022,Perak,,5.312367191,4.538843621,8.436697222,,0,0,0.086088747
9/6/2022,Perak,,0,4.1455605,6.111832766,,0,0,0
10/6/2022,Perak,,0,4.739252264,6.111306692,,0,0.197468844,0
11/6/2022,Perak,,0,6.122307913,10.50066662,,0,0,0.086071038
12/6/2022,Perak,,0,0.197509796,0.086069778,,0,0,0
13/6/2022,Perak,,0,1.975437411,5.422312039,,0,0,0.17213689
14/6/2022,Perak,,10.64452605,4.742736203,6.110033967,,0,0,0
15/6/2022,Perak,,0,5.534603129,10.58398651,,0,0,0
16/6/2022,Perak,,5.324246619,0.197696832,1.892872046,,0,0.197696832,0
17/6/2022,Perak,,5.327082889,4.745502648,6.36631976,,0,0,0
18/6/2022,Perak,,0,1.977472632,5.505906806,,0,0,0
19/6/2022,Perak,,0,4.350560234,9.979301552,,0,0,0.086028462
20/6/2022,Perak,,0,0,0.086021579,,0,0,0
21/6/2022,Perak,,10.65757221,2.967124263,6.020707794,,0,0,0
22/6/2022,Perak,,0,3.956979717,6.7944131,,0,0,0
23/6/2022,Perak,,0,3.957715765,6.879891711,,0,0,0
24/6/2022,Perak,,0,2.968727425,7.051234095,,0,0,0
25/6/2022,Perak,,0,1.781264658,6.019180549,,0,0,0
26/6/2022,Perak,,5.34273655,1.979226043,6.105116345,,0,0,0
27/6/2022,Perak,,5.343593032,2.37547559,6.19055562,,0,0,0
28/6/2022,Perak,,0,5.148229405,7.737409515,,0,0.198008823,0
29/6/2022,Perak,,0,2.376392913,8.166647754,,0,0,0.085964713
30/6/2022,Perak,,0,6.139926955,11.17426001,,0,0,0
1/7/2022,Perak,,5.345306821,3.565768621,11.86073435,,0,0,0
2/7/2022,Perak,,5.346735818,5.745145352,13.66526462,,0,0,0
3/7/2022,Perak,,0,4.952780194,8.422478392,,0,0,0
4/7/2022,Perak,,0,4.953781221,11.60171568,,0,0,0.171877269
5/7/2022,Perak,,0,6.540326065,12.6321651,,0,0,0.085933096
6/7/2022,Perak,,5.348451623,17.04722279,33.94135621,,0,0,0
7/7/2022,Perak,,0,7.534091765,13.66128435,,0,0.198265573,0
8/7/2022,Perak,,0,6.147402821,12.45714099,,0,0.198303317,0
9/7/2022,Perak,,0,0.198303317,0.343637002,,0,0,0.085909251
10/7/2022,Perak,,0,4.957740222,9.106255396,,0,0.198309609,0
11/7/2022,Perak,,5.35819536,6.743329063,10.22187481,,0,0.198333208,0
12/7/2022,Perak,,5.358769626,6.347556488,12.53973421,,0,0,0
13/7/2022,Perak,,5.360205832,8.927473208,17.60527093,,0,0,0.08587937
14/7/2022,Perak,,5.360493165,16.469365,26.70651175,,0,0,0
15/7/2022,Perak,,16.08751609,19.44996299,32.79977882,,0,0.19846901,0
16/7/2022,Perak,,0,9.129864382,12.44984644,,0,0,0
17/7/2022,Perak,,0,8.733191088,14.33857936,,0,0,0.085859757
18/7/2022,Perak,,5.36595836,12.90120259,20.86347304,,0,0,0.085857914
19/7/2022,Perak,,10.73479684,10.52123801,19.31705206,,0,0,0
20/7/2022,Perak,,5.367974663,12.11088809,17.25509991,,0,0.397078298,0
21/7/2022,Perak,,21.46728922,8.538454818,18.71270335,,0,0.198568717,0.343352355
22/7/2022,Perak,,10.73306858,9.334768637,13.90378921,,0,0.397224197,0.085825859
23/7/2022,Perak,,0,6.554485652,11.24264722,,0,0.198620777,0
24/7/2022,Perak,,5.369415808,6.356079491,10.64170329,,5.369415808,0,0.085820188
25/7/2022,Perak,,5.369704129,8.541355056,18.53606294,,0,0.198636164,0.085815106
26/7/2022,Perak,,5.370857726,14.50188028,16.81775474,,0,0.198655894,0
27/7/2022,Perak,,5.372589051,9.139914204,16.30154075,,0,0,0
28/7/2022,Perak,,0,7.949299369,14.58415012,,0,0,0
29/7/2022,Perak,,10.74575543,10.53606714,15.61124902,,0,0,0
30/7/2022,Perak,,0,7.356098802,11.66478829,,0,0,0.171541004
31/7/2022,Perak,,0,8.350465041,10.29226605,,0,0.198820596,0.085768884
1/8/2022,Perak,,5.374321492,10.93648092,17.83876501,,0,0,0.085763293
2/8/2022,Perak,,5.375477074,8.751499191,16.72242237,,0,0.198897709,0
3/8/2022,Perak,,5.376344086,11.33933456,15.09164746,,0,0,0
4/8/2022,Perak,,0,10.54592052,16.63337134,,0,0,0.171478055
5/8/2022,Perak,,0,7.762738854,14.74533015,,0,0,0.085728664
6/8/2022,Perak,,5.375188132,6.171254297,10.11554004,,0,0,0.085724916
7/8/2022,Perak,,10.74979844,7.764160635,10.97251642,,0,0.199081042,0.085722785
8/8/2022,Perak,,0,14.13658329,22.20071677,,0,0,0.085717053
9/8/2022,Perak,,0,11.55024156,17.82777173,,0,0,0.085710441
10/8/2022,Perak,,0,11.75174733,16.28420218,,0,0,0
11/8/2022,Perak,,5.374610341,12.15291959,14.39736734,,0,0,0
12/8/2022,Perak,,5.376055051,8.170537043,11.99666493,,0,0,0.171380928
13/8/2022,Perak,,0,6.377589152,8.654506942,,0,0.199299661,0.257064563
14/8/2022,Perak,,0,6.178634283,10.45381556,,0,0.199310783,0.085687013
15/8/2022,Perak,,5.378657487,9.368932619,16.10812321,,0,0,0
16/8/2022,Perak,,0,10.16762628,14.39335849,,0,0,0
17/8/2022,Perak,,0,13.358908,15.59199017,,0,0.199386687,0
18/8/2022,Perak,,0,7.577978395,10.10838242,,0,0,0
19/8/2022,Perak,,5.357047196,6.781689439,9.678950082,,0,0,0
20/8/2022,Perak,,5.357334191,6.981582585,5.824376214,,0,0.199473788,0
21/8/2022,Perak,,5.35819536,7.779726034,7.965554544,,0,0,0
22/8/2022,Perak,,0,8.379369991,13.5322749,,0,0,0
23/8/2022,Perak,,0,12.96952162,13.87328382,,0,0,0.085637554
24/8/2022,Perak,,5.358769626,8.979920897,13.18690728,,0,0,0
25/8/2022,Perak,,0,10.97707986,9.247256219,,0,0,0
26/8/2022,Perak,,5.360493165,8.184923371,8.475947572,,0,0,0
27/8/2022,Perak,,0,4.392102999,6.335366929,,0,0.199641045,0
28/8/2022,Perak,,0,6.189094815,8.304367926,,0,0.19964822,0
29/8/2022,Perak,,5.362505363,11.78025629,16.00864296,,0,0,0
30/8/2022,Perak,,5.362505363,7.788986373,10.52930743,,0,0,0
31/8/2022,Perak,,0,5.193798604,7.104813982,,0,0,0
1/9/2022,Perak,,10.72616111,8.790945326,12.1544228,,0,0.199794212,0
2/9/2022,Perak,,0,7.193856447,10.69832687,,0,0,0
3/9/2022,Perak,,5.364806867,4.796210993,5.990955369,,0,0,0
4/9/2022,Perak,,0,3.797106605,6.162056963,,0,0,0
5/9/2022,Perak,,0,7.595063209,11.03972847,,0,0,0.08557929
6/9/2022,Perak,,5.361930295,4.597443821,7.445009619,,0,0,0.085574823
7/9/2022,Perak,,0,7.796460407,8.47181325,,0,0.199909241,0.085573871
8/9/2022,Perak,,0,11.19643953,15.48738634,,0,0,0
9/9/2022,Perak,,5.367686527,6.799224888,8.042705053,,0,0,0
10/9/2022,Perak,,0,5.19960483,8.128126655,,0,0,0
11/9/2022,Perak,,5.367110348,7.599589622,8.384725426,,0,0.199989201,0
12/9/2022,Perak,,0,9.800705651,13.43240804,,0,0,0.085556739
13/9/2022,Perak,,0,9.201766739,10.18082514,,0,0.200038407,0.085553152
14/9/2022,Perak,,5.366822305,5.401155847,9.0682928,,0,0.200042809,0
15/9/2022,Perak,,0,5.002140916,9.410057812,,0,0,0
16/9/2022,Perak,,0,2.801557666,6.843338865,,0,0,0
17/9/2022,Perak,,0,4.002377412,8.211873171,,0,0,0.085540346
18/9/2022,Perak,,0,4.202588795,5.560108191,,0,0,0
19/9/2022,Perak,,5.368839257,9.806472272,12.57410812,,0,0,0.256614451
20/9/2022,Perak,,0,7.205418475,9.152167182,,0,0,0
21/9/2022,Perak,,5.360205832,6.204976391,10.77653487,,0,0,0.085528054
22/9/2022,Perak,,0,7.406680826,8.637838522,,0,0,0
23/9/2022,Perak,,5.360493165,7.007049091,8.808847161,,0,0,0
24/9/2022,Perak,,5.360493165,5.405632669,4.789206497,,0,0.200208617,0
25/9/2022,Perak,,0,4.204406218,5.729909185,,0,0,0
26/9/2022,Perak,,0,6.20682751,10.43335183,,0,0.200220242,0
27/9/2022,Perak,,5.361930295,6.207448939,9.49068374,,0,0,0
28/9/2022,Perak,,0,6.408767194,9.575898831,,0,0,0
29/9/2022,Perak,,0,4.005976918,7.951035302,,0,0.200298846,0
30/9/2022,Perak,,0,3.605400891,6.839284508,,0,0,0
1/10/2022,Perak,,0,4.206435847,5.471334057,,0,0,0
2/10/2022,Perak,,10.70205479,3.20494844,5.129353753,,0,0,0
3/10/2022,Perak,,0,6.410179365,8.976161879,,0,0,0
4/10/2022,Perak,,5.35016853,5.010361427,8.890021037,,0,0,0
5/10/2022,Perak,,0,5.611987205,7.949533285,,0,0.200428114,0
6/10/2022,Perak,,5.351027397,7.015729265,7.179100613,,0,0,0
7/10/2022,Perak,,0,7.417401223,7.605264552,,0,0,0
8/10/2022,Perak,,0,2.606192313,5.041558679,,0,0,0.085450147
9/10/2022,Perak,,5.345306821,4.61100185,4.016139755,,0,0,0.085449782
10/10/2022,Perak,,0,4.009767794,6.664963398,,0,0.20048839,0
11/10/2022,Perak,,0,6.416721977,10.50983823,,0,0,0
12/10/2022,Perak,,0,8.422403594,9.313437325,,0,0,0
13/10/2022,Perak,,0,5.015175922,8.800327406,,0,0.200607037,0
14/10/2022,Perak,,0,6.62230392,6.578593258,,0,0,0.085436276
15/10/2022,Perak,,0,3.81307886,5.382453203,,0,0,0
16/10/2022,Perak,,0,4.214497873,4.186338184,,0,0,0
17/10/2022,Perak,,0,6.221663833,8.628901695,,0,0,0
18/10/2022,Perak,,5.33874326,8.229164158,11.96068012,,0,0,0
19/10/2022,Perak,,5.337888331,8.430163124,9.7391863,,0,0,0
20/10/2022,Perak,,0,4.617055403,7.603003614,,0,0,0
21/10/2022,Perak,,0,6.625162367,5.979614639,,0,0.200762496,0
22/10/2022,Perak,,5.337603416,3.413003544,7.004571764,,0,0,0
23/10/2022,Perak,,0,5.420696218,7.687878948,,0,0,0.085420877
24/10/2022,Perak,,5.337603416,6.223887279,9.13983087,,0,0,0
25/10/2022,Perak,,0,6.625627929,13.32500805,,0,0,0
26/10/2022,Perak,,5.337603416,13.25194763,13.58095659,,0,0.401574171,0
27/10/2022,Perak,,5.337318531,14.25754345,17.67981094,,0,0,0
28/10/2022,Perak,,5.337603416,7.832426245,12.04223494,,0,0,0
29/10/2022,Perak,,0,5.221795776,10.16326126,,0,0,0
30/10/2022,Perak,,5.348451623,7.230323979,10.41938895,,0,0,0
31/10/2022,Perak,,5.348451623,14.66225594,21.77817519,,0,0.200852821,0
1/11/2022,Perak,,5.348737698,15.26573425,20.24058108,,0,0.200864924,0
2/11/2022,Perak,,0,14.06125081,18.5321828,,0,0,0
3/11/2022,Perak,,5.349309939,8.036114298,11.95572624,,0,0.200902857,0
4/11/2022,Perak,,0,5.625799918,6.489963187,,0,0,0
5/11/2022,Perak,,0,6.027703324,6.916904916,,0,0.200923444,0.085393888
6/11/2022,Perak,,5.349596105,5.023187031,6.74611714,,0,0.200927481,0
7/11/2022,Perak,,5.349309939,8.639933774,7.941482376,,0,0.200928692,0
8/11/2022,Perak,,5.349309939,5.626184262,6.660478683,,0,0.200935152,0
9/11/2022,Perak,,5.349882303,4.82263746,4.696411173,,0,0,0
10/11/2022,Perak,,5.349023803,4.019260295,4.610888014,,0,0,0
11/11/2022,Perak,,5.349023803,4.622279387,5.208573483,,0,0,0
12/11/2022,Perak,,5.348165579,3.818435406,3.415437607,,0,0,0
13/11/2022,Perak,,0,3.416494837,3.244657415,,0,0,0.085385721
14/11/2022,Perak,,0,6.02935088,7.172241377,,0,0,0.085383826
15/11/2022,Perak,,0,6.230567162,5.976781059,,0,0,0
16/11/2022,Perak,,0,4.421870572,4.866699396,,0,0,0.085380691
17/11/2022,Perak,,,,,,0,0.201007045,0
18/11/2022,Perak,,,,,,0,0,0.170748116
19/11/2022,Perak,,,,,,0,0.201010682,0
20/11/2022,Perak,,,,,,0,0,0
21/11/2022,Perak,,,,,,0,0,0
22/11/2022,Perak,,,,,,0,0,0
23/11/2022,Perak,,,,,,0,0,0
24/5/2021,Perlis,,17.79359431,0,,,0,0,
25/5/2021,Perlis,,0,14.62415911,,,0,0,
26/5/2021,Perlis,,0,0,,,0,0,
27/5/2021,Perlis,,0,0,,,0,0,
28/5/2021,Perlis,,0,7.30513551,,,0,0,
29/5/2021,Perlis,,0,0,,,0,0,
30/5/2021,Perlis,,11.0570544,7.30513551,,,0,0,
31/5/2021,Perlis,,0,0,,,0,0,
1/6/2021,Perlis,,0,6.416014372,,,0,0,
2/6/2021,Perlis,,0,0,,,0,0,
3/6/2021,Perlis,,0,0,,,0,0,
4/6/2021,Perlis,,0,0,,,0,0,
5/6/2021,Perlis,,0,0,,,0,0,
6/6/2021,Perlis,,0,0,,,0,0,
7/6/2021,Perlis,,0,0,,,0,0,
8/6/2021,Perlis,,0,5.534034311,,,0,0,
9/6/2021,Perlis,,0,0,,,0,0,
10/6/2021,Perlis,,0,0,,,0,0,
11/6/2021,Perlis,,0,0,,,0,0,
12/6/2021,Perlis,,0,0,,,0,0,
13/6/2021,Perlis,,0,0,,,0,0,
14/6/2021,Perlis,,0,0,,,0,0,
15/6/2021,Perlis,,0,0,,,0,0,
16/6/2021,Perlis,,0,0,,,0,0,
17/6/2021,Perlis,,0,0,,,0,0,
18/6/2021,Perlis,,0,0,,,0,0,
19/6/2021,Perlis,,4.133085348,0,,,0,0,
20/6/2021,Perlis,,0,0,,,0,0,
21/6/2021,Perlis,,0,0,,,0,0,
22/6/2021,Perlis,,0,0,,,3.544465317,0,
23/6/2021,Perlis,,0,0,,,0,0,
24/6/2021,Perlis,,0,0,,,0,0,
25/6/2021,Perlis,,0,0,,,0,0,
26/6/2021,Perlis,,0,0,,,0,0,
27/6/2021,Perlis,,3.803582975,0,,,0,0,
28/6/2021,Perlis,,0,0,,,0,0,
29/6/2021,Perlis,,0,0,,,0,0,
30/6/2021,Perlis,,0,3.987717829,,,0,0,
1/7/2021,Perlis,,0,0,,,0,0,
2/7/2021,Perlis,,0,0,,,0,0,
3/7/2021,Perlis,,0,0,,,0,0,
4/7/2021,Perlis,,0,0,,,0,0,
5/7/2021,Perlis,,0,0,,,0,0,
6/7/2021,Perlis,,0,0,,,0,0,
7/7/2021,Perlis,,0,0,,,0,0,
8/7/2021,Perlis,,0,2.787767277,,,0,0,
9/7/2021,Perlis,,0,2.697526368,,,0,0,
10/7/2021,Perlis,,0,0,,,0,0,
11/7/2021,Perlis,,0,2.638940202,,,0,0,
12/7/2021,Perlis,,0,0,,,0,0,
13/7/2021,Perlis,,0,0,,,0,0,
14/7/2021,Perlis,,0,2.487190967,,,0,0,
15/7/2021,Perlis,,0,2.390114486,,,0,0,
16/7/2021,Perlis,,0,0,,,0,0,
17/7/2021,Perlis,,3.985810515,2.335302772,,,0,0,
18/7/2021,Perlis,,0,0,,,0,0,
19/7/2021,Perlis,,0,0,,,0,0,
20/7/2021,Perlis,,4.149033275,0,,,0,0,
21/7/2021,Perlis,,0,4.072407404,,,0,0,
22/7/2021,Perlis,,0,0,,,0,0,
23/7/2021,Perlis,,3.883042752,1.945638851,,,0,0,
24/7/2021,Perlis,,3.682020693,0,,,0,0,
25/7/2021,Perlis,,0,0,,,0,0,
26/7/2021,Perlis,,3.34291636,0,,,0,0,
27/7/2021,Perlis,,0,1.699813021,,,0,0,
28/7/2021,Perlis,,6.078103632,1.65645188,,,0,0,
29/7/2021,Perlis,,5.893620156,3.2460682,,,0,0,
30/7/2021,Perlis,,5.833284723,4.739635996,,,0,0,
31/7/2021,Perlis,,0,4.73948624,,,0,0,
1/8/2021,Perlis,,11.68121952,0,,,0,0,
2/8/2021,Perlis,,5.65051561,3.021148036,,,0,0,
3/8/2021,Perlis,,0,3.018594542,,,0,0,
4/8/2021,Perlis,,0,3.014999623,,,0,0,
5/8/2021,Perlis,,5.742011427,0,,,0,0,
6/8/2021,Perlis,,18.59830755,2.940009114,,,0,0,
7/8/2021,Perlis,,0,4.37949811,,,0,0,
8/8/2021,Perlis,,6.125199069,4.352809739,,,0,0,
9/8/2021,Perlis,,21.27659574,8.621556766,,,0,0,
10/8/2021,Perlis,,2.972298181,2.819681376,,,0,0,
11/8/2021,Perlis,,23.26122354,10.98569114,,,0,0,
12/8/2021,Perlis,,13.08969056,12.04432311,,,0,0,
13/8/2021,Perlis,,13.47273119,7.875876191,,,0,0,
14/8/2021,Perlis,,14.02209883,11.69651444,,,0,0,
15/8/2021,Perlis,,8.40171395,6.455111157,,,0,0,
16/8/2021,Perlis,,14.25719989,7.65023142,,,0,0,
17/8/2021,Perlis,,5.997900735,29.90244328,,,0,0,
18/8/2021,Perlis,,28.06011099,9.706499715,,,0,0,
19/8/2021,Perlis,,6.704884508,2.336475893,,,0,0,
20/8/2021,Perlis,,45.01073333,14.91492755,,,0,0,
21/8/2021,Perlis,,44.81213375,6.880576134,,,0,0,
22/8/2021,Perlis,,27.45649861,7.967039221,,,0,0,
23/8/2021,Perlis,,31.60445272,3.355554561,,,0,1.118518187,
24/8/2021,Perlis,,43.63441077,26.83423153,,,0,0,
25/8/2021,Perlis,,37.77148253,24.56673218,,,0,0,
26/8/2021,Perlis,,65.91957811,14.15135418,,,5.732137227,0,
27/8/2021,Perlis,,44.06620948,21.24563137,,,0,0,
28/8/2021,Perlis,,34.45351426,17.75698006,,,0,0,
29/8/2021,Perlis,,37.56574005,19.45804232,,,0,0,
30/8/2021,Perlis,,42.17963251,14.97588882,,,0,0,
31/8/2021,Perlis,,46.54289704,14.63143417,,,0,0,
1/9/2021,Perlis,,26.28604474,17.06533178,,,0,0.948073988,
2/9/2021,Perlis,,59.65570138,28.79114347,,,2.840747685,0,
3/9/2021,Perlis,,79.81944292,18.40061826,,,8.25718375,0,
4/9/2021,Perlis,,21.41041081,18.20382827,,,0,0.910191413,
5/9/2021,Perlis,,27.00148508,14.35453917,,,2.700148508,0,
6/9/2021,Perlis,,18.9112522,3.530169713,,,0,0,
7/9/2021,Perlis,,51.42083897,24.41512692,,,0,0,
8/9/2021,Perlis,,73.68392326,24.17836727,,,2.729034195,0,
9/9/2021,Perlis,,56.43492516,26.63047213,,,0,0,
10/9/2021,Perlis,,53.7013667,21.41309282,,,0,0,
11/9/2021,Perlis,,27.36202698,24.50483337,,,0,0,
12/9/2021,Perlis,,28.1183219,15.09763135,,,0,0,
13/9/2021,Perlis,,14.23203917,7.496876302,,,2.846407833,0,
14/9/2021,Perlis,,94.45460085,29.81341769,,,0,0,
15/9/2021,Perlis,,52.16121292,32.93860565,,,6.95482839,0,
16/9/2021,Perlis,,35.91094087,11.13922439,,,3.990104541,0,
17/9/2021,Perlis,,32.0140862,8.695995889,,,0,0.790545081,
18/9/2021,Perlis,,73.02091835,27.33478078,,,0,0,
19/9/2021,Perlis,,22.51136824,15.47400754,0,,0,0,0
20/9/2021,Perlis,,14.50186107,9.218289086,0,,4.833953691,0,0
21/9/2021,Perlis,,82.38504711,32.00219444,0,,0,0,0
22/9/2021,Perlis,,74.20966705,38.65246883,0,,4.947311136,0,0
23/9/2021,Perlis,,35.80196399,30.03905077,0,,0,0,0
24/9/2021,Perlis,,5.709065997,6.703311436,0,,0,0,0
25/9/2021,Perlis,,69.19109322,39.86446083,0,,0,0,0
26/9/2021,Perlis,,13.55472721,10.27447527,0,,0,0.733891091,0
27/9/2021,Perlis,,7.335680751,8.615923663,0,,0,0,0
28/9/2021,Perlis,,92.52120278,30.56234719,0,,0,1.389197599,0
29/9/2021,Perlis,,48.44570044,33.09223278,0,,0,0,0
30/9/2021,Perlis,,53.27650506,27.67054504,0,,0,2.69956537,0
1/10/2021,Perlis,,9.880446596,21.9546271,0,,0,0,0
2/10/2021,Perlis,,30.5095088,21.12601669,0,,0,0,0
3/10/2021,Perlis,,10.34768212,14.37598426,0,,0,0,0
4/10/2021,Perlis,,32.03074952,16.80976518,0,,0,0.64652943,0
5/10/2021,Perlis,,22.781638,17.43375174,0,,0,0,0
6/10/2021,Perlis,,119.1611058,95.36854502,0,,0,0.640057349,0
7/10/2021,Perlis,,12.20703125,27.12591471,0,,0,1.892505678,0
8/10/2021,Perlis,,35.36484734,26.19678777,0,,0,0,0
9/10/2021,Perlis,,24.55494168,16.09767574,0,,0,0,0
10/10/2021,Perlis,,24.73104983,9.220725733,0,,0,0,0
11/10/2021,Perlis,,12.38390093,20.79192784,0,,12.38390093,0,0
12/10/2021,Perlis,,15.65190171,9.128863031,0,,0,1.825772606,0
13/10/2021,Perlis,,80.87997412,25.95583886,0,,0,1.207248319,0
14/10/2021,Perlis,,16.24167614,14.37616432,0,,16.24167614,0.599006847,0
15/10/2021,Perlis,,16.4365549,10.15926136,0,,0,0.59760361,0
16/10/2021,Perlis,,66.46726487,22.08309211,0,,0,0,0
17/10/2021,Perlis,,0,2.382654277,0,,0,0.595663569,0
18/10/2021,Perlis,,0,2.965352818,0,,0,1.186141127,0
19/10/2021,Perlis,,0,0,0,,0,0.590869879,0
20/10/2021,Perlis,,34.74031614,21.80420998,0,,0,0,0
21/10/2021,Perlis,,17.74937877,14.72519835,0,,0,0,0
22/10/2021,Perlis,,17.76198934,11.16018984,0,,0,0,0
23/10/2021,Perlis,,17.7085178,14.67497857,0,,0,0,0
24/10/2021,Perlis,,0,5.281473179,0,,0,0,0
25/10/2021,Perlis,,0,9.292384891,0,,0,0.580774056,0
26/10/2021,Perlis,,56.42279481,25.4841998,0,,0,0,0
27/10/2021,Perlis,,41.00041,23.12700193,0,,0,0,0
28/10/2021,Perlis,,0,18.47137802,0,,0,0.577230563,0
29/10/2021,Perlis,,0,9.802677861,0,,0,0.576628109,0
30/10/2021,Perlis,,23.18034307,17.30702665,0,,23.18034307,0,0
31/10/2021,Perlis,,0,9.801604004,0,,0,0.576564941,0
1/11/2021,Perlis,,23.41920375,19.00604162,0,,23.41920375,0.575940655,0
2/11/2021,Perlis,,23.96931927,10.9346854,58.07200929,,0,0,0
3/11/2021,Perlis,,0,13.22097421,0,,0,0,0
4/11/2021,Perlis,,0,12.0747253,0,,0,0,0
5/11/2021,Perlis,,55.50929781,10.94117105,0,,0,0,0
6/11/2021,Perlis,,0,7.490334587,0,,0,0,0
7/11/2021,Perlis,,0,9.796181794,41.00041,,0,0,0
8/11/2021,Perlis,,0,15.53429339,0,,0,0,0
9/11/2021,Perlis,,29.86857826,10.33787626,0,,0,0,0
10/11/2021,Perlis,,0,26.97181159,0,,0,0,0
11/11/2021,Perlis,,31.67564143,18.34567845,0,,0,0.573302451,0
12/11/2021,Perlis,,0,12.05192659,0,,0,0,0
13/11/2021,Perlis,,0,3.442735827,0,,0,0,0
14/11/2021,Perlis,,0,6.310777086,0,,0,0,0
15/11/2021,Perlis,,34.62603878,8.028904055,0,,0,0,0
16/11/2021,Perlis,,0,12.03562545,0,,0,0.573125021,0
17/11/2021,Perlis,,43.91743522,8.590425684,0,,0,0,0
18/11/2021,Perlis,,45.28985507,6.871553486,0,,45.28985507,0,0
19/11/2021,Perlis,,0,9.16149424,0,,0,0,0
20/11/2021,Perlis,,0,4.007258863,0,,0,0,0
21/11/2021,Perlis,,0,6.296003755,0,,0,0,0
22/11/2021,Perlis,,95.28346832,11.44190943,0,,0,0,0
23/11/2021,Perlis,,0,17.17475311,21.74858634,,0,0,0
24/11/2021,Perlis,,0,20.62517188,0,,0,0,0
25/11/2021,Perlis,,0,13.18588079,0,,0,0,0
26/11/2021,Perlis,,0,16.05882117,0,,0,0,0
27/11/2021,Perlis,,50.22601708,9.176311352,0,,0,0,0
28/11/2021,Perlis,,50.42864347,12.61735575,0,,0,0,0
29/11/2021,Perlis,,50.50505051,17.77889931,0,,0,0,0
30/11/2021,Perlis,,0,21.75182315,17.95654516,,0,0,0
1/12/2021,Perlis,,0,21.19469331,0,,0,0,0
2/12/2021,Perlis,,0,19.49552463,0,,53.79236148,0.573397783,0
3/12/2021,Perlis,,0,19.49530106,15.20218912,,0,0,0
4/12/2021,Perlis,,0,8.026924599,0,,0,0,0
5/12/2021,Perlis,,0,16.62710562,0,,0,0,0
6/12/2021,Perlis,,0,21.78611766,0,,0,0,0
7/12/2021,Perlis,,0,16.07523209,13.42281879,,0,0,0
8/12/2021,Perlis,,219.9010445,16.67874438,0,,0,0.575129116,0
9/12/2021,Perlis,,0,16.71450473,12.08459215,,0,0,0
10/12/2021,Perlis,,0,17.30812501,23.16960148,,0,0,0
11/12/2021,Perlis,,0,3.464803372,0,,0,0.577467229,0
12/12/2021,Perlis,,0,14.45028236,0,,0,0,0
13/12/2021,Perlis,,0,17.35578787,0,,0,0,0
14/12/2021,Perlis,,0,12.74512644,0,,0,0,0
15/12/2021,Perlis,,0,12.18217574,8.782715616,,0,0.580103607,0
16/12/2021,Perlis,,0,15.11355512,0,,0,0,0
17/12/2021,Perlis,,0,8.153709064,0,,0,0,0
18/12/2021,Perlis,,0,6.990603464,0,,0,0.582550289,0
19/12/2021,Perlis,,0,9.322814091,0,,0,0.582675881,0
20/12/2021,Perlis,,0,8.773366399,14.10636197,,0,0,0
21/12/2021,Perlis,,0,5.292996777,6.620762712,,0,0,0
22/12/2021,Perlis,,0,14.19689916,12.47738474,,0,0,0
23/12/2021,Perlis,,0,5.946611324,0,,0,0,0
24/12/2021,Perlis,,0,13.72224973,5.635707845,,0,0,0
25/12/2021,Perlis,,0,4.781686142,5.624929688,,0,0,0
26/12/2021,Perlis,,0,6.587852001,0,,0,0,0
27/12/2021,Perlis,,0,8.413208738,10.38961039,,0,0,0
28/12/2021,Perlis,,62.89308176,8.458192363,9.683823173,,0,0,0
29/12/2021,Perlis,,0,4.859381644,13.64318523,,0,0,0
30/12/2021,Perlis,,0,7.936847118,4.222616333,,0,0,0
31/12/2021,Perlis,,0,11.65708536,8.014104824,,0,0,0
1/1/2022,Perlis,,0,9.20488227,8.014104824,,0,0,0
2/1/2022,Perlis,,0,14.73215108,24.00192015,,0,0,0
3/1/2022,Perlis,,0,10.52494722,3.863838337,,0,0,0
4/1/2022,Perlis,,0,11.23967355,14.87984525,,0,0,0
5/1/2022,Perlis,,0,5.036958684,0,,64.5994832,0,0
6/1/2022,Perlis,,0,5.727194629,3.374274531,,0,0,0
7/1/2022,Perlis,,0,10.9049855,0,,0,0,0
8/1/2022,Perlis,,0,3.848818413,3.254572675,,0,0,0
9/1/2022,Perlis,,0,0,6.501105188,,0,0,0
10/1/2022,Perlis,,0,6.451945907,6.249414117,,0,0,0
11/1/2022,Perlis,,0,5.843738434,0,,0,0,0
12/1/2022,Perlis,,0,3.27482316,0,,0,0,0
13/1/2022,Perlis,,0,5.948564744,8.317391666,,0,0,0
14/1/2022,Perlis,,0,0.665646009,2.688967168,,0,0,0
15/1/2022,Perlis,,0,1.996951321,0,,0,0,0
16/1/2022,Perlis,,0,5.326550859,0,,0,0,0
17/1/2022,Perlis,,0,4.027521396,0,,0,0,0
18/1/2022,Perlis,,0,8.125622118,2.52972426,,0,0,0
19/1/2022,Perlis,,0,7.521676103,0,,0,0,0
20/1/2022,Perlis,,0,4.138416228,4.799385679,,0,0,0
21/1/2022,Perlis,,0,4.170315693,2.350010575,,0,0,0
22/1/2022,Perlis,,0,4.170315693,2.342798238,,0,0,0
23/1/2022,Perlis,,0,1.390559492,2.296158527,,0,0,0
24/1/2022,Perlis,,0,3.501547684,0,,0,0,0
25/1/2022,Perlis,,0,4.944515473,8.63296931,,0,0,0
26/1/2022,Perlis,,0,3.558490915,6.371861858,,0,0,0
27/1/2022,Perlis,,0,8.60424763,4.147312541,,0,0,0
28/1/2022,Perlis,,0,11.5446779,2.056005592,,0,0,0
29/1/2022,Perlis,,0,15.88883593,2.050356762,,0,0,0
30/1/2022,Perlis,,0,7.267705949,0,,0,0,0
31/1/2022,Perlis,,0,13.96104135,8.113590264,,0,0,0
1/2/2022,Perlis,,0,9.6416281,6.03646022,,0,0,0
2/2/2022,Perlis,,0,18.64252584,7.991369321,,0,0,0
3/2/2022,Perlis,,0,24.8168815,17.80168918,,0,0,0
4/2/2022,Perlis,,0,40.7322758,27.35336642,,0,0,0
5/2/2022,Perlis,,0,24.91713166,15.6304951,,0,0,0
6/2/2022,Perlis,,70.32348805,39.30550201,42.97462544,,0,0,0
7/2/2022,Perlis,,0,65.1905307,52.27998838,,0,0,0
8/2/2022,Perlis,,70.32348805,68.42337342,61.84770004,,0,0,0
9/2/2022,Perlis,,0,57.16942731,32.74141982,,0,0,0
10/2/2022,Perlis,,0,52.79427067,51.55032839,,0,0.765134358,0
11/2/2022,Perlis,,0,61.50250623,54.89513137,,0,0,0
12/2/2022,Perlis,,141.7434444,56.12060549,49.21632468,,0,0,0
13/2/2022,Perlis,,0,53.04999001,60.56018168,,0,0,0
14/2/2022,Perlis,,71.63323782,85.63295094,80.08194432,,0,0,0
15/2/2022,Perlis,,71.63323782,87.23982459,82.60670032,,0,0,0
16/2/2022,Perlis,,0,95.09377948,75.64432758,,0,0,0
17/2/2022,Perlis,,0,93.09253398,74.04664939,,0,0,0
18/2/2022,Perlis,,0,78.62553228,90.15725506,,71.8907261,0,0
19/2/2022,Perlis,,143.6781609,69.28388488,48.38263754,,0,0.778470617,0
20/2/2022,Perlis,,0,103.5462649,53.46579052,,0,0,0
21/2/2022,Perlis,,0,156.7447255,118.9767995,,0,0.783723628,0
22/2/2022,Perlis,,0,143.5048295,139.3178461,,0,0,0
23/2/2022,Perlis,,71.8907261,135.9516616,104.5521682,,0,0,0
24/2/2022,Perlis,,71.68458781,111.5623545,98.46719401,,0,0,0
25/2/2022,Perlis,,71.68458781,118.0790321,102.0656136,,0,0,0
26/2/2022,Perlis,,71.17437722,59.93601426,51.70797919,,0,0,0
27/2/2022,Perlis,,142.2475107,94.035247,75.65270579,,0,0.810648681,0
28/2/2022,Perlis,,142.3487544,120.8044926,89.13790908,,0,0.816246572,0
1/3/2022,Perlis,,142.1464108,111.6777113,88.31136063,,0,0,0
2/3/2022,Perlis,,0,110.650526,93.75439474,,0,0.825750194,0
3/3/2022,Perlis,,0,133.6865093,113.166013,,0,2.491052968,0
4/3/2022,Perlis,,142.3487544,89.4304866,114.6824062,,0,0.83579894,0
5/3/2022,Perlis,,214.1327623,82.01729058,73.25448302,,0,0,0
6/3/2022,Perlis,,0,60.3778648,65.50484431,,0,0.838581456,0
7/3/2022,Perlis,,71.42857143,80.1322604,93.13084884,,0,0,0
8/3/2022,Perlis,,143.2664756,101.722501,114.8465233,,0,0.847687508,0
9/3/2022,Perlis,,71.73601148,103.0813661,111.8502384,,71.73601148,0,1.471713663
10/3/2022,Perlis,,0,102.6711614,93.26726902,,0,0.855593012,0
11/3/2022,Perlis,,0,81.04146909,82.15505686,,0,0,0
12/3/2022,Perlis,,0,41.42823852,35.91231649,,0,1.726176605,0
13/3/2022,Perlis,,67.88866259,59.61380621,78.76383737,,0,0,0
14/3/2022,Perlis,,0,78.38423954,80.61664663,,0,0,0
15/3/2022,Perlis,,67.98096533,76.95738485,82.39072755,,0,0,0
16/3/2022,Perlis,,135.8695652,56.41152205,53.86740331,,0,0,0
17/3/2022,Perlis,,67.98096533,54.08568591,56.24837086,,0,0,0
18/3/2022,Perlis,,135.6852103,34.81303614,44.90284657,,0,0,0
19/3/2022,Perlis,,0,35.77977548,39.37809763,,0,0,0
20/3/2022,Perlis,,68.25938567,33.16006453,37.94603532,,0,0,0
21/3/2022,Perlis,,0,46.96956011,68.67392007,,0,0.903260771,0
22/3/2022,Perlis,,0,41.89015672,37.42414927,,0,0.910655581,0
23/3/2022,Perlis,,0,33.93654783,44.00352028,,0,0.917203995,0
24/3/2022,Perlis,,68.25938567,19.34824069,17.30403184,,0,0,0
25/3/2022,Perlis,,0,36.112783,41.15117082,,0,0,0
26/3/2022,Perlis,,0,18.54547815,13.2504737,,0,0,0
27/3/2022,Perlis,,136.3326517,21.35561746,15.8660902,,0,0,0
28/3/2022,Perlis,,0,20.5168378,29.03408866,,0,0,0
29/3/2022,Perlis,,0,14.99868761,15.80756919,,0,0,0
30/3/2022,Perlis,,0,15.96184181,30.25639002,,0,0,0
31/3/2022,Perlis,,0,17.86167543,18.3937041,,0,0,0
1/4/2022,Perlis,,0,16.01084971,23.59510795,,0,0,0
2/4/2022,Perlis,,0,10.37315051,7.855459544,,67.93478261,0,0
3/4/2022,Perlis,,0,9.444654326,3.922183872,,0,0,1.307394624
4/4/2022,Perlis,,0,8.511282177,16.94429238,,0,0,0
5/4/2022,Perlis,,0,12.31037291,18.18654196,,0,0,0
6/4/2022,Perlis,,0,18.95734597,15.51490077,,0,0,0
7/4/2022,Perlis,,0,7.589484769,9.009472817,,0,0,0
8/4/2022,Perlis,,0,12.35318712,12.85627965,,0,0,0
9/4/2022,Perlis,,67.79661017,5.706513986,6.427313511,,67.79661017,0,0
10/4/2022,Perlis,,0,10.47269958,6.427313511,,0,0,0
11/4/2022,Perlis,,0,3.816757474,16.70371465,,0,0,0
12/4/2022,Perlis,,0,6.695745332,7.705941281,,0,0,0
13/4/2022,Perlis,,0,12.47828299,15.39705146,,0,0.959867922,0
14/4/2022,Perlis,,0,0.963066403,0,,0,0,0
15/4/2022,Perlis,,0,4.819277108,0,,0,0,0
16/4/2022,Perlis,,67.70480704,0.963948332,3.839754256,,0,0,0
17/4/2022,Perlis,,0,1.927896665,5.119672341,,0,0,0
18/4/2022,Perlis,,0,0.964255065,3.835679491,,0,0,0
19/4/2022,Perlis,,0,3.858322401,6.389531392,,0,0,0
20/4/2022,Perlis,,0,9.652509653,5.109862034,,0,0,0
21/4/2022,Perlis,,0,2.897151135,1.276861984,,0,0,0
22/4/2022,Perlis,,0,2.900961185,1.276047316,,0,0,0
23/4/2022,Perlis,,0,1.933974123,2.55098787,,0,0,0
24/4/2022,Perlis,,0,4.834935309,1.275006056,,0,0,0
25/4/2022,Perlis,,0,1.935433924,2.548874672,,0,0,0
26/4/2022,Perlis,,68.3994528,3.87225433,3.822824813,,0,0,0
27/4/2022,Perlis,,0,3.873229208,0,,0,0,0
28/4/2022,Perlis,,0,0.968654345,7.640392207,,0,0,0
29/4/2022,Perlis,,0,0,3.818299838,,0,0,0
30/4/2022,Perlis,,0,0,1.272766613,,0,0,0
1/5/2022,Perlis,,0,0,1.272766613,,0,0,0
2/5/2022,Perlis,,0,0,1.272216073,,0,0,0
3/5/2022,Perlis,,0,0.970016781,1.271423486,,0,0,0
4/5/2022,Perlis,,0,0.970186179,5.083431825,,0,0,0
5/5/2022,Perlis,,0,7.763749114,2.541199192,,0,0,0
6/5/2022,Perlis,,0,0,0,,0,0,0
7/5/2022,Perlis,,0,3.883306636,2.540295436,,0,0,0
8/5/2022,Perlis,,0,4.854133295,8.891034027,,0,0,0
9/5/2022,Perlis,,0,5.826656956,8.891034027,,0,0.971109493,0
10/5/2022,Perlis,,0,3.886287235,0,,0,0,0
11/5/2022,Perlis,,0,2.915508562,3.810443155,,0,1.943672375,0
12/5/2022,Perlis,,0,0,3.810443155,,0,0,0
13/5/2022,Perlis,,0,0.972185765,3.810249571,,0,0,0
14/5/2022,Perlis,,0,3.888743061,2.540166381,,0,0,0
15/5/2022,Perlis,,0,0,0,,0,0,0
16/5/2022,Perlis,,0,0.972185765,1.26963168,,0,0.972185765,0
17/5/2022,Perlis,,0,1.944371531,2.538554293,,0,0,0
18/5/2022,Perlis,,0,0.972185765,2.537427049,,0,0,0
19/5/2022,Perlis,,0,0.972185765,1.268102158,,0,0,0
20/5/2022,Perlis,,0,0,0,,0,0,0
21/5/2022,Perlis,,0,1.944371531,2.534404542,,0,0,0
22/5/2022,Perlis,,0,0,1.266752806,,0,0,0
23/5/2022,Perlis,,0,0,2.533377245,,0,0,0
24/5/2022,Perlis,,0,0.972611267,0,,0,0,0
25/5/2022,Perlis,,0,0,2.532703534,,0,0,0
26/5/2022,Perlis,,0,1.946566743,2.532350781,,0,0,0
27/5/2022,Perlis,,0,1.947249024,1.265918931,,0,0.973624512,0
28/5/2022,Perlis,,0,2.921357068,0,,0,0,0
29/5/2022,Perlis,,0,1.948064598,0,,0,0,0
30/5/2022,Perlis,,0,1.9481405,1.265582484,,0,0,0
31/5/2022,Perlis,,0,1.94819743,1.265246217,,0,0,0
1/6/2022,Perlis,,0,5.845446397,1.265006135,,0,0,0
2/6/2022,Perlis,,0,1.94867198,0,,0,0,0
3/6/2022,Perlis,,0,0.97447841,5.058552748,,0,0,0
4/6/2022,Perlis,,0,2.923577679,2.529244388,,0,0,0
5/6/2022,Perlis,,0,0,0,,0,0,0
6/6/2022,Perlis,,0,0.974668369,0,,0,0,0
7/6/2022,Perlis,,0,4.874339527,3.792236029,,0,0,0
8/6/2022,Perlis,,0,2.925031444,3.792044291,,0,0,0
9/6/2022,Perlis,,0,0.975124572,0,,0,0,0
10/6/2022,Perlis,,0,3.900878673,3.791181711,,0,0,0
11/6/2022,Perlis,,0,1.950439336,3.791181711,,0,0,1.263727237
12/6/2022,Perlis,,0,0.975219668,2.527454474,,0,0,0
13/6/2022,Perlis,,69.58942241,1.950686642,1.263727237,,0,0,0
14/6/2022,Perlis,,0,4.87757292,1.263631424,,0,0,0
15/6/2022,Perlis,,0,1.951067234,3.790558981,,0,0,0
16/6/2022,Perlis,,0,0.97559072,1.263391955,,0,0,0
17/6/2022,Perlis,,0,0,2.526496633,,0,0,0
18/6/2022,Perlis,,0,0.975657349,2.526432803,,0,0,0
19/6/2022,Perlis,,0,2.926914934,5.052610305,,0,0,0
20/6/2022,Perlis,,0,0,1.263024945,,0,0,0
21/6/2022,Perlis,,0,0,5.051844555,,0,0,0
22/6/2022,Perlis,,0,0,7.577288341,,0,0,0
23/6/2022,Perlis,,0,0,6.313609617,,0,0,0
24/6/2022,Perlis,,0,1.95167649,8.837714315,,0,0,0
25/6/2022,Perlis,,0,2.927571872,3.787591849,,0,0,0
26/6/2022,Perlis,,0,1.951790768,3.78754403,,0,0,0
27/6/2022,Perlis,,0,2.927886164,3.787400581,,0,0,0
28/6/2022,Perlis,,0,0.97599063,5.049548697,,0,0,0
29/6/2022,Perlis,,0,2.928114782,6.311696837,,0,0,0
30/6/2022,Perlis,,0,1.952228957,3.786014463,,0,0,0
1/7/2022,Perlis,,0,1.952457656,6.30930749,,0,0,0
2/7/2022,Perlis,,0,1.952457656,5.047445992,,0,0,0
3/7/2022,Perlis,,0,0.976238358,2.523722996,,0,0,0
4/7/2022,Perlis,,0,2.928800851,3.785106866,,0,0,0
5/7/2022,Perlis,,0,5.857887646,6.308193081,,0,0,0
6/7/2022,Perlis,,0,2.929029612,2.523118069,,0,0,0
7/7/2022,Perlis,,0,0.976524355,7.56897226,,0,0,0
8/7/2022,Perlis,,69.83240223,0.976600648,6.306522205,,0,0,0
9/7/2022,Perlis,,0,1.953182222,1.261304441,,0,0,0
10/7/2022,Perlis,,0,1.953182222,0,,0,0,0
11/7/2022,Perlis,,0,1.953372987,2.52241799,,0,0,0
12/7/2022,Perlis,,0,4.883623258,10.08878128,,0,0,0
13/7/2022,Perlis,,0,0.976772353,3.783102144,,0,0,0
14/7/2022,Perlis,,0,4.884052591,5.043881771,,0,0,0
15/7/2022,Perlis,,69.93006993,4.884577435,6.303500964,,0,0,0
16/7/2022,Perlis,,0,0.976915487,1.260604838,,0,0,0
17/7/2022,Perlis,,0,0.976915487,5.042419353,,0,0,0
18/7/2022,Perlis,,0,10.74670027,10.08483871,,0,0,0
19/7/2022,Perlis,,0,0.977030024,6.302944736,,0,0,0
20/7/2022,Perlis,,0,4.885341046,6.302944736,,0,0,0
21/7/2022,Perlis,,0,3.908425588,2.521114333,,0,0,0
22/7/2022,Perlis,,0,1.954518358,6.30254749,,0,0,0
23/7/2022,Perlis,,0,5.863898906,1.260509498,,0,0,0
24/7/2022,Perlis,,0,5.863898906,2.521018996,,0,0,0
25/7/2022,Perlis,,0,4.886582422,5.04133898,,0,0,0
26/7/2022,Perlis,,0,3.909304144,2.520447127,,0,0,0
27/7/2022,Perlis,,0,3.909304144,5.040386094,,0,0,0
28/7/2022,Perlis,,0,2.931978108,6.299530055,,0,0,0
29/7/2022,Perlis,,0,6.841482843,3.778908651,,0,0,0
30/7/2022,Perlis,,0,0,2.519177237,,0,0,0
31/7/2022,Perlis,,0,3.909418767,7.555913762,,0,0,0
1/8/2022,Perlis,,0,9.774406694,10.07442481,,0,0,0
2/8/2022,Perlis,,0,8.797567961,10.07302946,,0,0,0
3/8/2022,Perlis,,0,6.843021096,11.33201546,,0,0,0
4/8/2022,Perlis,,0,0,8.812347358,,0,0,0
5/8/2022,Perlis,,0,3.911368392,3.776197369,,0,0,0
6/8/2022,Perlis,,0,2.933583666,1.258463165,,0,0,0
7/8/2022,Perlis,,0,0,2.516831309,,0,0,0
8/8/2022,Perlis,,69.93006993,6.846233593,8.808798732,,0,0,0
9/8/2022,Perlis,,0,0.978129035,7.54944889,,0,0.978129035,0
10/8/2022,Perlis,,0,5.868831613,10.06491873,,0,0,0
11/8/2022,Perlis,,0,5.869520558,5.031826301,,0,0,0
12/8/2022,Perlis,,69.93006993,3.913358248,0,,0,0,0
13/8/2022,Perlis,,0,2.935506913,5.030813734,,0,0,0
14/8/2022,Perlis,,0,0.978531029,2.515375231,,0,0,0
15/8/2022,Perlis,,0,0.978540605,1.257576901,,0,0,0
16/8/2022,Perlis,,0,8.807641118,5.030181087,,0,0,0
17/8/2022,Perlis,,0,2.936081506,3.772351181,,0,0,0
18/8/2022,Perlis,,0,2.936368886,1.257165845,,0,0,0
19/8/2022,Perlis,,0,5.87348513,7.541952109,,0,0,0
20/8/2022,Perlis,,0,4.894714687,5.027778476,,0,0,0
21/8/2022,Perlis,,0,1.957905042,6.284565108,,0,0,0
22/8/2022,Perlis,,0,3.9160401,6.284012216,,0,0,0
23/8/2022,Perlis,,0,5.874175168,7.540625118,,0,0,0
24/8/2022,Perlis,,0,2.937231366,0,,0,0,0
25/8/2022,Perlis,,0,1.958461041,3.769696665,,0,0,0
26/8/2022,Perlis,,0,4.896680051,5.025757005,,0,0,0
27/8/2022,Perlis,,0,0.979364784,3.769270395,,0,0,0
28/8/2022,Perlis,,0,0.979383967,10.05100887,,0,0,0
29/8/2022,Perlis,,69.58942241,4.897255578,6.281880544,,0,0.979451116,0
30/8/2022,Perlis,,0,4.897351512,3.768938918,,0,0,0
31/8/2022,Perlis,,0,2.938410907,6.281485948,,0,0,0
1/9/2022,Perlis,,0,2.938756318,12.5615516,,0,0,0
2/9/2022,Perlis,,0,1.959324425,2.51208943,,0,0,0
3/9/2022,Perlis,,0,0,6.279986938,,0,0,0
4/9/2022,Perlis,,0,1.959401207,0,,0,0,0
5/9/2022,Perlis,,0,2.93910181,11.30269883,,0,0,0
6/9/2022,Perlis,,0,0.979738998,0,,0,0,0
7/9/2022,Perlis,,0,2.93924579,10.04621258,,0,0,0
8/9/2022,Perlis,,0,5.879009975,12.55634661,,0,0,0
9/9/2022,Perlis,,0,6.85931544,5.022412516,,0,0,0
10/9/2022,Perlis,,0,4.899655064,5.022412516,,0,0,0
11/9/2022,Perlis,,0,3.919724051,5.022286396,,0,0,0
12/9/2022,Perlis,,0,6.86012211,6.277148668,,0,0,0
13/9/2022,Perlis,,0,3.920185033,3.765910974,,0,0,0
14/9/2022,Perlis,,0,4.900327342,3.765627354,,0,0,0
15/9/2022,Perlis,,0,0.980142317,2.510166173,,0,0,0
16/9/2022,Perlis,,0,0.980142317,0,,0,0,0
17/9/2022,Perlis,,0,1.960284633,5.019891319,,0,0,0
18/9/2022,Perlis,,0,0,1.254941331,,0,0,0
19/9/2022,Perlis,,0,3.920992011,2.509882663,,0,0,0
20/9/2022,Perlis,,0,3.921145759,6.274549174,,0,0,0
21/9/2022,Perlis,,0,1.960688202,2.509756679,,0,0,0
22/9/2022,Perlis,,0,2.941262978,3.764209892,,0,0,0
23/9/2022,Perlis,,0,6.863350688,3.764115433,,0,0,0
24/9/2022,Perlis,,0,3.921953133,3.764115433,,0,0,0
25/9/2022,Perlis,,0,0,2.509158428,,0,0,0
26/9/2022,Perlis,,0,0.980507511,1.254516259,,0,0,0
27/9/2022,Perlis,,0,1.961053478,2.508906618,,0,0,0
28/9/2022,Perlis,,0,1.961072707,3.763218304,,0,0,0
29/9/2022,Perlis,,0,0.980622892,1.254248768,,0,0,0
30/9/2022,Perlis,,0,1.961284249,1.254154386,,0,0,0
1/10/2022,Perlis,,0,0,5.016617546,,0,0,0
2/10/2022,Perlis,,0,1.961438126,0,,0,0,0
3/10/2022,Perlis,,0,1.961515074,0,,0,0,0
4/10/2022,Perlis,,0,0.980767156,1.254028567,,0,0,0
5/10/2022,Perlis,,0,1.961592028,8.778089888,,0,0,0
6/10/2022,Perlis,,0,0,1.253949942,,0,0,0
7/10/2022,Perlis,,0,2.942676659,2.507868437,,0,0,0
8/10/2022,Perlis,,0,0,0,,0,0,0
9/10/2022,Perlis,,0,0,0,,0,0,0
10/10/2022,Perlis,,0,0.980921085,0,,0,0,0
11/10/2022,Perlis,,0,0,3.760859482,,0,0,0
12/10/2022,Perlis,,0,5.885815185,1.253588397,,0,0,0
13/10/2022,Perlis,,0,2.942994202,0,,0,0,0
14/10/2022,Perlis,,0,1.962015382,1.25333701,,0,0,0
15/10/2022,Perlis,,0,0,1.25333701,,0,0,0
16/10/2022,Perlis,,0,1.962150124,2.506579772,,0,0,0
17/10/2022,Perlis,,0,2.943282938,2.506579772,,0,0,0
18/10/2022,Perlis,,0,0.981200204,1.25322706,,0,0,0
19/10/2022,Perlis,,0,1.962419663,2.506454119,,0,0,0
20/10/2022,Perlis,,0,5.887547836,6.26550713,,0,0,0
21/10/2022,Perlis,,0,1.962689277,3.759115856,,0,0,0
22/10/2022,Perlis,,0,3.925378554,2.506077237,,0,0,0
23/10/2022,Perlis,,0,0.98137353,1.253022918,,0,0,0
24/10/2022,Perlis,,0,1.962747061,2.505951635,,0,0,0
25/10/2022,Perlis,,0,3.925648223,3.758880355,,0,0,0
26/10/2022,Perlis,,0,2.944236167,7.51776071,,0,0,0
27/10/2022,Perlis,,0,0.981489115,3.758691975,,0,0,0
28/10/2022,Perlis,,0,1.963055299,5.011463723,,0,0,0
29/10/2022,Perlis,,0,0,5.011400937,,0,0,0
30/10/2022,Perlis,,0,0,0,,0,0,0
31/10/2022,Perlis,,0,0,1.252771758,,0,0,0
1/11/2022,Perlis,,0,2.944727465,1.252708983,,0,0,0
2/11/2022,Perlis,,0,1.963151644,2.505261048,,0,0,0
3/11/2022,Perlis,,0,1.963209455,3.75775036,,0,0,0
4/11/2022,Perlis,,0,1.963247997,2.504978645,,0,0,0
5/11/2022,Perlis,,0,1.963267269,3.757467968,,0,0,0
6/11/2022,Perlis,,0,0,0,,0,0,0
7/11/2022,Perlis,,0,0,0,,0,0,1.252442262
8/11/2022,Perlis,,0,5.890322201,5.009643564,,0,0,0
9/11/2022,Perlis,,0,3.927074232,11.27155685,,0,0,0
10/11/2022,Perlis,,0,0.981797475,2.504508115,,0,0,0
11/11/2022,Perlis,,0,0,3.756668086,,0,0,0
12/11/2022,Perlis,,0,0,0,,0,0,0
13/11/2022,Perlis,,0,2.945565941,2.50438267,,0,0,0
14/11/2022,Perlis,,0,3.927536943,1.252191335,,0,0,0
15/11/2022,Perlis,,0,0,1.252065909,,0,0,0
16/11/2022,Perlis,,69.9790063,4.909517591,5.008075522,,0,0,0
17/11/2022,Perlis,,,,,,0,0,0
18/11/2022,Perlis,,,,,,0,0,0
19/11/2022,Perlis,,,,,,0,0,0
20/11/2022,Perlis,,,,,,0,0,0
21/11/2022,Perlis,,,,,,0,0,0
22/11/2022,Perlis,,,,,,0,0,0
23/11/2022,Perlis,,,,,,0,0,0
24/5/2021,Pulau Pinang,,27.95169946,2.353384166,,,0,0,
25/5/2021,Pulau Pinang,,23.02158273,8.894423197,,,0,0,
26/5/2021,Pulau Pinang,,23.49210078,12.89795567,,,0,0,
27/5/2021,Pulau Pinang,,17.61080129,10.7482964,,,0,0,
28/5/2021,Pulau Pinang,,31.32047106,6.448977837,,,6.264094212,0,
29/5/2021,Pulau Pinang,,6.169412055,0,,,0,0,
30/5/2021,Pulau Pinang,,18.50823617,6.448977837,,,0,0,
31/5/2021,Pulau Pinang,,6.169412055,11.888486,,,0,0,
1/6/2021,Pulau Pinang,,0,5.569479254,,,0,0,
2/6/2021,Pulau Pinang,,4.75895874,5.163511188,,,0,0,
3/6/2021,Pulau Pinang,,4.00624975,5.035331241,,,4.00624975,0,
4/6/2021,Pulau Pinang,,9.917683229,6.406765544,,,0,0,
5/6/2021,Pulau Pinang,,2.793218067,6.406560318,,,0,0,
6/6/2021,Pulau Pinang,,2.538457633,3.203280159,,,0,0,
7/6/2021,Pulau Pinang,,7.615566217,1.54335278,,,0,0,
8/6/2021,Pulau Pinang,,2.44331509,0,,,0,0,
9/6/2021,Pulau Pinang,,4.253599609,1.492693266,,,0,0,
10/6/2021,Pulau Pinang,,5.503577325,0,,,0,0,
11/6/2021,Pulau Pinang,,4.967627627,0,,,1.655875876,0,
12/6/2021,Pulau Pinang,,1.459726155,0,,,0,0,
13/6/2021,Pulau Pinang,,4.022256486,2.781215669,,,0,0,
14/6/2021,Pulau Pinang,,2.611545643,1.369187798,,,0,0,
15/6/2021,Pulau Pinang,,1.208065042,0,,,0,0,
16/6/2021,Pulau Pinang,,2.237787276,0,,,0,0,
17/6/2021,Pulau Pinang,,1.008237299,0,,,0,0,
18/6/2021,Pulau Pinang,,2.820397112,0,,,0.940132371,0,
19/6/2021,Pulau Pinang,,3.564172934,4.027818802,,,0.891043233,0,
20/6/2021,Pulau Pinang,,3.334583802,0,,,0,0,
21/6/2021,Pulau Pinang,,5.735166402,5.370208767,,,0,0,
22/6/2021,Pulau Pinang,,4.633777146,3.986234205,,,0,0,
23/6/2021,Pulau Pinang,,9.549063824,1.320010032,,,0,0,
24/6/2021,Pulau Pinang,,7.055818581,1.282824266,,,0.705581858,0,
25/6/2021,Pulau Pinang,,2.057077031,1.26659236,,,0,0,
26/6/2021,Pulau Pinang,,4.026062042,1.266415916,,,0,0,
27/6/2021,Pulau Pinang,,1.309509,1.266415916,,,0,0,
28/6/2021,Pulau Pinang,,4.494930361,6.193714618,,,0,0,
29/6/2021,Pulau Pinang,,8.379620762,2.42107302,,,0,0,
30/6/2021,Pulau Pinang,,4.674672043,18.13390072,,,0,0,
1/7/2021,Pulau Pinang,,5.746862213,2.361052085,,,0,0,
2/7/2021,Pulau Pinang,,7.296484217,5.749637773,,,0,0,
3/7/2021,Pulau Pinang,,4.970069139,3.449029098,,,0.552229904,0,
4/7/2021,Pulau Pinang,,4.886762845,2.299326297,,,0,0,
5/7/2021,Pulau Pinang,,4.704135981,4.456179049,,,0,0,
6/7/2021,Pulau Pinang,,7.104831793,5.350340282,,,0,0,
7/7/2021,Pulau Pinang,,4.953216867,1.022651736,,,0,0,
8/7/2021,Pulau Pinang,,6.833568441,1.942917096,,,0,0,
9/7/2021,Pulau Pinang,,7.232540647,6.457922025,,,0.482169376,0,
10/7/2021,Pulau Pinang,,11.29363933,5.358530334,,,0.470568305,0,
11/7/2021,Pulau Pinang,,6.590623426,4.465322307,,,0,0,
12/7/2021,Pulau Pinang,,9.89635814,7.11136396,,,0,0,
13/7/2021,Pulau Pinang,,8.865759108,8.466611916,,,0,0,
14/7/2021,Pulau Pinang,,16.84083254,5.625698189,,,0,0,
15/7/2021,Pulau Pinang,,13.62392196,6.17808325,,,0.41284612,0,
16/7/2021,Pulau Pinang,,18.02119449,10.29964613,,,1.175295293,0,
17/7/2021,Pulau Pinang,,17.56169011,7.147605195,,,0.373652981,0,
18/7/2021,Pulau Pinang,,18.4232581,3.573700424,,,0,0,
19/7/2021,Pulau Pinang,,11.275498,6.212123304,,,0.341681758,0,
20/7/2021,Pulau Pinang,,20.73536986,15.95044728,,,0.334441449,0,
21/7/2021,Pulau Pinang,,12.93523007,1.927933833,,,0,0,
22/7/2021,Pulau Pinang,,20.61751029,8.582585933,,,0,0,
23/7/2021,Pulau Pinang,,25.29663314,11.83775177,,,0.602300789,0,
24/7/2021,Pulau Pinang,,27.22117636,9.714008171,,,0.573077397,0,
25/7/2021,Pulau Pinang,,27.03388615,14.24631305,,,0,0,
26/7/2021,Pulau Pinang,,20.46522506,9.846557807,,,0,0,
27/7/2021,Pulau Pinang,,38.6546133,14.73273245,,,0.773092266,0,
28/7/2021,Pulau Pinang,,32.45474298,14.71685283,,,0.495492259,0,
29/7/2021,Pulau Pinang,,25.13361123,11.80207913,,,0.23710954,0,
30/7/2021,Pulau Pinang,,36.93117955,14.82459161,,,0.229386208,0,
31/7/2021,Pulau Pinang,,47.00510341,24.75004787,,,0.671501477,0,
1/8/2021,Pulau Pinang,,28.84569505,17.19394773,,,0.43376985,0,
2/8/2021,Pulau Pinang,,54.40486645,17.0186085,,,0.428384775,0,
3/8/2021,Pulau Pinang,,49.96028262,22.17137587,,,0.418077679,0.443427517,
4/8/2021,Pulau Pinang,,53.63862308,26.82129355,,,0.409455138,0,
5/8/2021,Pulau Pinang,,45.04201544,21.52335698,,,0.203810025,0.827821422,
6/8/2021,Pulau Pinang,,45.45352632,22.15722769,,,1.019137361,0.402858685,
7/8/2021,Pulau Pinang,,71.51210409,28.74875947,,,0.611214565,0.393818623,
8/8/2021,Pulau Pinang,,71.58167104,33.23799954,,,0.202780938,0.772976733,
9/8/2021,Pulau Pinang,,71.6996703,30.73831944,,,0.612817695,0,
10/8/2021,Pulau Pinang,,95.05684115,39.71319061,,,1.015564542,1.821705991,
11/8/2021,Pulau Pinang,,85.94609461,41.07098853,,,0.606678315,0.357139031,
12/8/2021,Pulau Pinang,,82.590915,35.53845993,,,1.199868015,0.696832548,
13/8/2021,Pulau Pinang,,114.5108562,36.94589629,,,0.608022246,0.677906354,
14/8/2021,Pulau Pinang,,97.91785985,43.47389894,,,1.026392661,1.672073036,
15/8/2021,Pulau Pinang,,111.0577997,45.90008106,,,2.06811545,0.32553249,
16/8/2021,Pulau Pinang,,89.41111063,46.01699138,,,1.867053354,0.317358561,
17/8/2021,Pulau Pinang,,108.8008985,52.87492007,,,0.412906636,0.614824652,
18/8/2021,Pulau Pinang,,115.648717,47.12507584,,,0.826062264,0.294531724,
19/8/2021,Pulau Pinang,,121.4179632,58.82833105,,,0.827379647,0.844425805,
20/8/2021,Pulau Pinang,,112.5303006,45.93551734,,,0.619432847,0.540417851,
21/8/2021,Pulau Pinang,,110.8842397,67.30567777,,,0.620620745,0.261889797,
22/8/2021,Pulau Pinang,,132.612146,49.99520248,,,0.41767605,0.757503068,
23/8/2021,Pulau Pinang,,112.0666141,55.46691167,,,1.26867865,0.733042885,
24/8/2021,Pulau Pinang,,100.9913152,53.16460525,,,0.216255493,0.238406302,
25/8/2021,Pulau Pinang,,126.9934961,64.05542529,,,1.565060691,1.387482136,
26/8/2021,Pulau Pinang,,133.0748316,64.03992923,,,1.835514919,0.220068485,
27/8/2021,Pulau Pinang,,149.0126732,67.80287207,,,0.707338638,0,
28/8/2021,Pulau Pinang,,123.7836291,56.39109142,,,0.954016409,0.404237214,
29/8/2021,Pulau Pinang,,90.38409626,56.35882703,,,0.964097027,0.19637222,
30/8/2021,Pulau Pinang,,148.2111372,70.61082178,,,0.96085016,0.954200294,
31/8/2021,Pulau Pinang,,119.8570485,71.22757488,,,1.705283211,0.92503344,
1/9/2021,Pulau Pinang,,167.5000737,70.31856823,,,1.719208967,1.255688718,
2/9/2021,Pulau Pinang,,195.6991522,90.18925788,,,0.755595182,1.046683844,
3/9/2021,Pulau Pinang,,193.8889272,88.55764274,,,1.275585047,0.845015675,
4/9/2021,Pulau Pinang,,153.3134478,66.91903453,,,1.564422937,0.328034483,
5/9/2021,Pulau Pinang,,96.53277606,55.73308166,,,2.386799408,0.638774575,
6/9/2021,Pulau Pinang,,136.82244,66.2787336,,,1.344031827,0.307557929,
7/9/2021,Pulau Pinang,,162.9618525,82.7139633,,,1.665708884,0.443110518,
8/9/2021,Pulau Pinang,,164.4494764,69.45327695,,,0.849136711,0.714539886,
9/9/2021,Pulau Pinang,,146.7237896,68.5527205,,,2.005989311,0.830942067,
10/9/2021,Pulau Pinang,,146.5423802,78.25838536,,,0.867114676,0.541580522,
11/9/2021,Pulau Pinang,,117.1571824,61.1932552,,,1.180425012,0.929181749,
12/9/2021,Pulau Pinang,,94.23949913,43.73914706,,,2.080998404,0.654777651,
13/9/2021,Pulau Pinang,,122.1642584,57.90439881,,,0.300157883,0.768642462,
14/9/2021,Pulau Pinang,,171.2935435,78.29797106,,,1.232327651,0.756502136,
15/9/2021,Pulau Pinang,,154.3311532,75.89623988,0,,0.941043617,0.861059448,0
16/9/2021,Pulau Pinang,,99.83125298,50.53727516,0,,1.2881452,0.964912175,0
17/9/2021,Pulau Pinang,,109.9682607,48.71220075,0,,0.987738868,1.300568467,0
18/9/2021,Pulau Pinang,,113.3395586,61.35739287,0,,0.676654081,0.697243101,0
19/9/2021,Pulau Pinang,,80.11147135,46.15599581,0,,1.711783576,0.572655035,0
20/9/2021,Pulau Pinang,,99.92942048,52.62266185,0,,2.795228545,0.112201838,0
21/9/2021,Pulau Pinang,,98.14324568,55.91936164,0,,1.81076099,0.880619868,0
22/9/2021,Pulau Pinang,,95.46717384,52.20916092,0,,0.745837296,0.648561005,0
23/9/2021,Pulau Pinang,,81.28859764,49.99214561,0,,1.541016069,0.212280873,0
24/9/2021,Pulau Pinang,,68.8506741,51.54048792,0,,0.800589234,0.520610989,0
25/9/2021,Pulau Pinang,,68.42838658,41.64691437,0,,1.658869978,0.616991324,0
26/9/2021,Pulau Pinang,,51.25707988,33.5007693,0,,1.281426997,0.509130232,0
27/9/2021,Pulau Pinang,,66.5740802,36.9807248,0,,1.322663845,0.2009822,0
28/9/2021,Pulau Pinang,,70.27182419,44.05768274,0,,1.825242187,0.198906017,0
29/9/2021,Pulau Pinang,,60.35527529,39.36126773,0,,0,0.687104424,0
30/9/2021,Pulau Pinang,,75.53956835,45.41863756,0,,1.027749229,0.776386967,0
1/10/2021,Pulau Pinang,,58.44470296,39.05505902,0,,0,0.382892735,0
2/10/2021,Pulau Pinang,,47.69314232,27.70430024,0,,1.192328558,0.284633222,0
3/10/2021,Pulau Pinang,,52.16815961,29.49234655,0,,2.544788274,0.187849341,0
4/10/2021,Pulau Pinang,,52.11360766,31.74314413,0,,0.668123175,0.371264844,0
5/10/2021,Pulau Pinang,,51.57333519,36.77826111,0,,1.393873924,0.275836958,0
6/10/2021,Pulau Pinang,,51.61271563,31.13480917,0,,0.726939657,0.455187269,0
7/10/2021,Pulau Pinang,,35.12227898,29.88887999,0,,0.763527804,0.090026747,0
8/10/2021,Pulau Pinang,,51.96154845,28.53323989,11111.11111,,0.811899195,0.356665499,0
9/10/2021,Pulau Pinang,,29.83110331,27.67871118,0,,0.877385392,0.265291161,0
10/10/2021,Pulau Pinang,,36.67245705,21.13308406,0,,0,0.263067436,0
11/10/2021,Pulau Pinang,,35.00212134,30.08745362,0,,1.060670344,0.260873875,0
12/10/2021,Pulau Pinang,,44.24315104,31.44683809,0,,1.164293449,0.257760968,0
13/10/2021,Pulau Pinang,,60.72586793,26.31829172,0,,0,0.339590861,0
14/10/2021,Pulau Pinang,,44.15985869,20.59875386,0,,0,0.083734772,0
15/10/2021,Pulau Pinang,,38.41721091,20.95238095,0,,1.477585035,0.414078675,0
16/10/2021,Pulau Pinang,,26.54549429,17.30836117,0,,1.561499664,0.328120591,0
17/10/2021,Pulau Pinang,,41.6562526,16.7022438,0,,0,0.16294872,0
18/10/2021,Pulau Pinang,,38.57889384,21.86225967,0,,1.753586084,0.323885328,0
19/10/2021,Pulau Pinang,,55.31585352,19.47929118,0,,0,0.64394351,0
20/10/2021,Pulau Pinang,,48.16862874,18.79760894,0,,1.926745149,0.239969476,0
21/10/2021,Pulau Pinang,,36.37098404,19.05955396,0,,0,0,0
22/10/2021,Pulau Pinang,,41.99122383,18.67006141,0,,4.199122383,0.315106522,0
23/10/2021,Pulau Pinang,,19.73121698,13.35282377,0,,0,0.078086689,0
24/10/2021,Pulau Pinang,,25.98813996,13.94549944,0,,2.362558178,0.154949994,0
25/10/2021,Pulau Pinang,,15.24622656,16.38123833,334.4481605,,2.54103776,0.230721667,0
26/10/2021,Pulau Pinang,,27.7307895,17.40715801,0,,0,0,0
27/10/2021,Pulau Pinang,,26.96952444,17.63197955,0,,0,0,0
28/10/2021,Pulau Pinang,,22.05766504,16.19242043,0,,0,0.302662064,0
29/10/2021,Pulau Pinang,,29.53337271,10.70821252,55.88673621,,0,0.075409947,0
30/10/2021,Pulau Pinang,,20.08368201,15.48024841,17.57469244,,0,0.225440511,0
31/10/2021,Pulau Pinang,,13.96404259,16.4877496,34.54231434,,0,0.074944316,0
1/11/2021,Pulau Pinang,,21.7430694,13.00690487,13.91982183,,0,0.224256981,0
2/11/2021,Pulau Pinang,,22.41398633,17.67211296,12.09921355,,0,0,0
3/11/2021,Pulau Pinang,,23.08757888,13.17382829,10.84245907,,0,0,0
4/11/2021,Pulau Pinang,,11.88872157,10.78282571,17.94204719,,0,0,0
5/11/2021,Pulau Pinang,,11.95076286,10.85567235,0,,0,0.07435392,0
6/11/2021,Pulau Pinang,,8.268221092,10.90126788,23.8758456,,0,0.074158285,0
7/11/2021,Pulau Pinang,,4.443259575,13.24130013,23.80196763,,4.443259575,0.073973744,0
8/11/2021,Pulau Pinang,,9.032199792,12.62564734,14.80713704,,4.516099896,0.073834195,0
9/11/2021,Pulau Pinang,,33.54900551,19.53392785,6.685385747,,0,0.221138806,0
10/11/2021,Pulau Pinang,,0,13.84603941,12.08824418,,0,0.073649146,0
11/11/2021,Pulau Pinang,,10.65984437,18.56231893,11.88212928,,0,0,0
12/11/2021,Pulau Pinang,,11.1191416,12.81769844,16.74294006,,5.559570801,0.220994801,0
13/11/2021,Pulau Pinang,,22.80371701,11.03760069,16.72427249,,0,0,0
14/11/2021,Pulau Pinang,,5.821060597,11.32124019,0,,0,0.073514547,0
15/11/2021,Pulau Pinang,,11.77648236,14.55562343,20.63025427,,0,0.07351325,0
16/11/2021,Pulau Pinang,,6.198090988,19.85648906,9.24000924,,0,0.073542552,0
17/11/2021,Pulau Pinang,,25.88494144,15.23089149,4.289084281,,0,0.147158372,0
18/11/2021,Pulau Pinang,,6.76635767,17.21870776,11.77116848,,0,0.147168442,0
19/11/2021,Pulau Pinang,,7.052186178,18.176279,11.17318436,,0,0,0
20/11/2021,Pulau Pinang,,14.70372004,14.40452008,3.692489476,,0,0,0
21/11/2021,Pulau Pinang,,15.0795446,13.66581929,0,,0,0.073472147,0
22/11/2021,Pulau Pinang,,15.25203996,12.85815472,13.67287643,,0,0.07347517,0
23/11/2021,Pulau Pinang,,7.922674695,15.66122347,3.114779629,,0,0.147053742,0
24/11/2021,Pulau Pinang,,48.74878128,20.66942455,8.633590422,,0,0.073556671,0
25/11/2021,Pulau Pinang,,16.58925017,16.19725309,5.261081152,,0,0.073623878,0
26/11/2021,Pulau Pinang,,8.571918395,15.10044373,12.31193519,,0,0.073660701,0
27/11/2021,Pulau Pinang,,17.24286576,13.33049539,4.887943886,,0,0,0
28/11/2021,Pulau Pinang,,17.20874204,12.66574079,0,,0,0.147276056,0
29/11/2021,Pulau Pinang,,8.605111436,12.01338424,4.374166175,,0,0.294806975,0
30/11/2021,Pulau Pinang,,0,14.39324713,7.586965593,,0,0.073811524,0
1/12/2021,Pulau Pinang,,34.59908312,18.69915935,13.3960716,,0,0.295638883,0
2/12/2021,Pulau Pinang,,0,16.21601209,7.537612687,,0,0.148091435,0
3/12/2021,Pulau Pinang,,17.32651824,17.12841716,9.555139983,,0,0.074148992,0
4/12/2021,Pulau Pinang,,0,18.5357499,7.85453403,,0,0.074143,0
5/12/2021,Pulau Pinang,,17.37015807,12.82754734,8.885052803,,0,0.074147673,0
6/12/2021,Pulau Pinang,,17.36714137,14.94707175,4.673606973,,0,0.148727082,0
7/12/2021,Pulau Pinang,,17.37921446,17.26167124,12.8231158,,0,0,0
8/12/2021,Pulau Pinang,,8.706251088,19.29922052,5.91237855,,0,0.150188487,0
9/12/2021,Pulau Pinang,,8.729812309,16.89675929,10.9396224,,8.729812309,0,0
10/12/2021,Pulau Pinang,,0,14.85970843,9.344127216,,8.726764988,0.227444517,0
11/12/2021,Pulau Pinang,,0,15.57819418,5.73864568,,0,0.075991191,0
12/12/2021,Pulau Pinang,,17.45048425,12.25664657,6.394832975,,0,0.07612824,0
13/12/2021,Pulau Pinang,,17.46877457,14.38455894,3.788366684,,0,0.076513611,0
14/12/2021,Pulau Pinang,,8.726764988,17.01135835,4.270067538,,0,0.230923417,0
15/12/2021,Pulau Pinang,,0,16.26110692,10.03727174,,0,0.232301527,0
16/12/2021,Pulau Pinang,,0,15.27250513,5.6679703,,0,0.155841889,0
17/12/2021,Pulau Pinang,,0,11.60298353,4.181925717,,0,0.31359415,0
18/12/2021,Pulau Pinang,,0,12.11304142,6.34854676,,0,0.078656113,0
19/12/2021,Pulau Pinang,,8.865248227,9.461744982,4.483274584,,8.865248227,0.473087249,0
20/12/2021,Pulau Pinang,,0,10.22563781,5.84360391,,0,0.317074041,0
21/12/2021,Pulau Pinang,,8.837044892,13.72528053,7.029347526,,0,0.079798143,0
22/12/2021,Pulau Pinang,,0,14.46465121,6.636643754,,0,0,0
23/12/2021,Pulau Pinang,,8.915834522,13.11466916,6.73038094,,0,0.080954748,0
24/12/2021,Pulau Pinang,,8.980691513,14.01995235,10.19913817,,0,0.163022702,0
25/12/2021,Pulau Pinang,,0,10.56497212,6.562756358,,0,0.327596035,0
26/12/2021,Pulau Pinang,,0,10.5273287,1.985955324,,0,0,0
27/12/2021,Pulau Pinang,,0,10.69440691,6.475351764,,0,0.082902379,0
28/12/2021,Pulau Pinang,,0,12.71446245,5.11436076,,0,0.083647779,0
29/12/2021,Pulau Pinang,,9.062075215,12.41655778,7.344403564,,0,0,0
30/12/2021,Pulau Pinang,,9.096697899,11.00552068,7.042395219,,9.096697899,0,0
31/12/2021,Pulau Pinang,,9.195402299,11.89797743,9.379406704,,0,0.172434456,0
1/1/2022,Pulau Pinang,,0,8.77157177,4.523936471,,0,0.086847245,0
2/1/2022,Pulau Pinang,,0,9.007386057,7.294686297,,0,0,0
3/1/2022,Pulau Pinang,,0,13.68228153,7.08846091,,0,0,0
4/1/2022,Pulau Pinang,,9.300595238,12.03414488,6.886969853,,0,0,0
5/1/2022,Pulau Pinang,,0,14.23673528,7.794929831,,0,0.180211839,0
6/1/2022,Pulau Pinang,,0,11.66047963,4.709819697,,0,0,0
7/1/2022,Pulau Pinang,,0,9.200867826,3.983735735,,0,0.092008678,0
8/1/2022,Pulau Pinang,,9.625565502,10.95169291,3.716406341,,0,0.092031033,0
9/1/2022,Pulau Pinang,,0,9.714962986,6.170601711,,0,0,0
10/1/2022,Pulau Pinang,,9.663703131,8.023967404,2.96052875,,0,0,0
11/1/2022,Pulau Pinang,,0,9.882901733,3.535234504,,0,0,0
12/1/2022,Pulau Pinang,,29.29401426,12.75983888,4.280532588,,0,0,0
13/1/2022,Pulau Pinang,,29.33411558,10.3300599,3.236678909,,0,0.096542616,0
14/1/2022,Pulau Pinang,,0,9.996530616,3.738923439,,0,0,0
15/1/2022,Pulau Pinang,,0,7.743648003,3.238204335,,9.816432708,0,0
16/1/2022,Pulau Pinang,,9.821253192,5.257868698,3.554902507,,0,0,0
17/1/2022,Pulau Pinang,,9.830908376,10.28455965,4.407362979,,0,0,0
18/1/2022,Pulau Pinang,,0,9.353027452,4.631696739,,0,0,0
19/1/2022,Pulau Pinang,,9.87654321,10.59184281,5.928086917,,0,0.104869731,0
20/1/2022,Pulau Pinang,,9.951238929,15.20082213,5.386264678,,0,0,0
21/1/2022,Pulau Pinang,,0,14.73241032,6.234319423,,0,0,0
22/1/2022,Pulau Pinang,,10,18.92172712,6.90900836,,0,0,0
23/1/2022,Pulau Pinang,,0,10.65576713,5.149728352,,0,0.224331939,0
24/1/2022,Pulau Pinang,,19.9660577,13.8104994,6.730328268,,0,0,0
25/1/2022,Pulau Pinang,,9.987016878,15.61132916,7.499355524,,0,0,0
26/1/2022,Pulau Pinang,,9.9970009,20.43801518,8.980254096,,0,0,0
27/1/2022,Pulau Pinang,,0,18.35174585,8.032498896,,0,0,0
28/1/2022,Pulau Pinang,,20.05012531,20.87125047,9.047858795,,0,0,0
29/1/2022,Pulau Pinang,,10.05126143,22.64246411,11.62063365,,0,0,0
30/1/2022,Pulau Pinang,,10.05631537,12.99722426,8.909341091,,0,0,0
31/1/2022,Pulau Pinang,,10.06745193,18.29652748,10.28020505,,0,0,0
1/2/2022,Pulau Pinang,,0,34.9338761,19.89667358,,0,0.131825948,0
2/2/2022,Pulau Pinang,,10.0999899,27.22661847,13.90510036,,0,0,0
3/2/2022,Pulau Pinang,,0,30.41086315,20.23288843,,0,0,0
4/2/2022,Pulau Pinang,,0,51.27235285,31.19846105,,0,0,0
5/2/2022,Pulau Pinang,,20.29220779,58.82671331,34.12684667,,0,0,0
6/2/2022,Pulau Pinang,,30.47851265,64.1607371,48.03373829,,0,0,0
7/2/2022,Pulau Pinang,,20.30869212,101.5613961,64.10345564,,0,0,0
8/2/2022,Pulau Pinang,,10.23751024,111.4926035,72.30091337,,0,0,0
9/2/2022,Pulau Pinang,,40.81632653,114.8202556,73.54864636,,0,0.307006031,0
10/2/2022,Pulau Pinang,,51.08295872,110.1323311,64.23580677,,0,0,0
11/2/2022,Pulau Pinang,,51.19279205,200.616521,121.764581,,0,0.159472592,0
12/2/2022,Pulau Pinang,,10.22181335,108.6858367,74.10899932,,0,0.161254951,0
13/2/2022,Pulau Pinang,,30.69681776,120.3745274,74.64710611,,0,0.16266828,0
14/2/2022,Pulau Pinang,,10.21659174,136.5065494,93.71063942,,0,0,0
15/2/2022,Pulau Pinang,,20.41024594,156.6058758,92.06819955,,0,0,0
16/2/2022,Pulau Pinang,,50.97879282,190.1821936,114.3340948,,0,0.164375275,0
17/2/2022,Pulau Pinang,,71.27583749,165.5177462,105.3580093,,0,0.166349494,0
18/2/2022,Pulau Pinang,,30.48160943,160.7300341,107.374489,,0,0.336607401,0
19/2/2022,Pulau Pinang,,40.48173262,130.203901,103.9844597,,0,0.170201178,0.112415632
20/2/2022,Pulau Pinang,,20.14707364,130.8999587,90.26134611,,0,0.172010458,0
21/2/2022,Pulau Pinang,,120.5061257,155.2632131,108.5048103,,0,0.174845961,0
22/2/2022,Pulau Pinang,,99.980004,167.1835022,120.5585147,,0,0.356848457,0
23/2/2022,Pulau Pinang,,139.3312102,148.1616807,108.7022688,,0,0.548070336,0.108702269
24/2/2022,Pulau Pinang,,69.35499851,138.7966592,99.43638336,,0,0,0
25/2/2022,Pulau Pinang,,49.37783923,119.5547879,106.9429502,,0,0.191901746,0
26/2/2022,Pulau Pinang,,58.96226415,93.78365149,84.66015375,,0,0.195790504,0.318670591
27/2/2022,Pulau Pinang,,49.00999804,101.6292565,89.35407053,,9.801999608,0.398546104,0.211488924
28/2/2022,Pulau Pinang,,58.62237421,147.1648064,140.1632329,,0,0.403744325,0
1/3/2022,Pulau Pinang,,29.17720288,165.7246922,130.4959263,,0,0.614553865,0
2/3/2022,Pulau Pinang,,87.12487899,194.510437,165.8242201,,9.68054211,0.416065106,0.207669656
3/3/2022,Pulau Pinang,,38.62495172,189.2451316,180.1468651,,0,0.422422169,0
4/3/2022,Pulau Pinang,,48.13246053,171.5704169,142.8944184,,0,0.214731435,0.102727835
5/3/2022,Pulau Pinang,,48.08617042,109.276057,104.3201852,,0,0.217681388,0
6/3/2022,Pulau Pinang,,19.20676078,115.7882942,98.26777561,,0,0,0
7/3/2022,Pulau Pinang,,86.23167577,154.5062469,156.6862085,,0,0.222311147,0.304442115
8/3/2022,Pulau Pinang,,76.62835249,176.4475232,194.3153165,,0,0.22534805,0
9/3/2022,Pulau Pinang,,47.85146904,140.4629109,138.9939457,,9.570293808,0.685184931,0.100720251
10/3/2022,Pulau Pinang,,19.09854851,156.4095574,158.5627392,,0,0.693099959,0.301068492
11/3/2022,Pulau Pinang,,57.32301519,122.5667919,146.4421753,,9.553835865,0.467812183,0.100028808
12/3/2022,Pulau Pinang,,38.15701612,77.97234108,103.2596116,,9.53925403,0.945119286,0.199535481
13/3/2022,Pulau Pinang,,19.06032593,90.23272424,105.1706932,,0,0.476162133,0.099593459
14/3/2022,Pulau Pinang,,19.02768528,126.3087998,141.5744348,,9.513842641,0.24058819,0
15/3/2022,Pulau Pinang,,47.50593824,104.6162211,123.2151128,,0,0.728187154,0
16/3/2022,Pulau Pinang,,38.03727653,92.82299463,106.0833628,,0,0.979662212,0.197364396
17/3/2022,Pulau Pinang,,9.53652489,59.54395752,81.78240369,,0,0.494140726,0
18/3/2022,Pulau Pinang,,28.62322297,57.28132853,81.1017267,,0,0.249049254,0.294558329
19/3/2022,Pulau Pinang,,28.5850405,36.59679853,58.51277578,,0,0.501326007,0.196022699
20/3/2022,Pulau Pinang,,9.508414947,33.2321264,44.05527861,,0,0.503517067,0.195801238
21/3/2022,Pulau Pinang,,9.373828271,51.00176603,85.083105,,0,0,0
22/3/2022,Pulau Pinang,,9.373828271,42.45904365,80.48838716,,0,0.511554743,0.097443568
23/3/2022,Pulau Pinang,,18.66368048,37.3614085,65.0318306,,0,0,0.09720752
24/3/2022,Pulau Pinang,,9.329228473,38.40215882,64.60155102,,0,0.518948092,0
25/3/2022,Pulau Pinang,,27.94857462,33.9354704,60.80952192,,0,0,0.096830449
26/3/2022,Pulau Pinang,,0,19.66913886,33.15893474,,0,0.786765554,0
27/3/2022,Pulau Pinang,,0,26.30416027,40.64738442,,0,0.526083205,0.193099213
28/3/2022,Pulau Pinang,,27.49014936,31.48472991,53.9880802,,0,0.529155124,0
29/3/2022,Pulau Pinang,,9.155832265,32.7572845,47.65196162,,0,0.532638772,0.096266589
30/3/2022,Pulau Pinang,,18.30328544,19.29477594,35.76262844,,0,0,0.096136098
31/3/2022,Pulau Pinang,,9.150805271,14.01632363,29.95607403,,0,0.269544685,0
1/4/2022,Pulau Pinang,,9.15164272,19.22868595,27.21469133,,0,0,0
2/4/2022,Pulau Pinang,,9.139932365,12.237206,26.30765802,,0,0.271937911,0
3/4/2022,Pulau Pinang,,9.13492281,16.10086235,25.50922918,,0,0,0
4/4/2022,Pulau Pinang,,0,22.74184445,39.53845758,,0,0,0.095273392
5/4/2022,Pulau Pinang,,45.67044209,29.43830611,41.79672732,,0,0,0.094992562
6/4/2022,Pulau Pinang,,0,18.50276713,29.64113394,,0,0,0
7/4/2022,Pulau Pinang,,9.134088418,14.68929372,26.91096154,,0,0,0.094424426
8/4/2022,Pulau Pinang,,0,12.26289415,23.6437128,,0,0,0
9/4/2022,Pulau Pinang,,18.30496064,12.32299695,20.98821554,,0,0.560136225,0
10/4/2022,Pulau Pinang,,9.160864786,8.433314967,16.55828516,,0,0,0
11/4/2022,Pulau Pinang,,0,12.75383678,19.08384388,,0,0,0
12/4/2022,Pulau Pinang,,0,7.433265004,13.71493415,,0,0,0.093937905
13/4/2022,Pulau Pinang,,0,3.750970203,9.105783862,,0,0,0.281622181
14/4/2022,Pulau Pinang,,0,10.47952563,16.97757834,,0,0,0
15/4/2022,Pulau Pinang,,27.73668639,5.571635099,15.0908733,,0,0.293243953,0.187464265
16/4/2022,Pulau Pinang,,0,2.352159429,9.367593746,,0,0,0
17/4/2022,Pulau Pinang,,9.278159213,5.887270544,9.926264709,,0,0,0
18/4/2022,Pulau Pinang,,9.3057882,7.08098284,11.13680583,,0,0.295040952,0
19/4/2022,Pulau Pinang,,0,4.731488053,13.56165549,,0,0.591436007,0
20/4/2022,Pulau Pinang,,0,8.889679083,14.86453639,,0,0,0
21/4/2022,Pulau Pinang,,0,4.752767002,11.68057278,,0,0,0
22/4/2022,Pulau Pinang,,9.412650602,5.953514955,8.965611277,,0,0.297675748,0
23/4/2022,Pulau Pinang,,9.439305267,2.087439874,9.056406474,,0,0,0
24/4/2022,Pulau Pinang,,0,7.761055026,9.241057177,,0,0,0
25/4/2022,Pulau Pinang,,0,8.671963542,14.92924471,,0,0,0
26/4/2022,Pulau Pinang,,0,3.295307482,12.40634608,,0,0,0
27/4/2022,Pulau Pinang,,0,3.899430683,10.44437067,,0,0,0
28/4/2022,Pulau Pinang,,0,5.706922497,7.271134064,,0,0,0
29/4/2022,Pulau Pinang,,0,3.91111539,6.243290792,,0,0.30085503,0
30/4/2022,Pulau Pinang,,0,1.806673853,4.93735613,,0,0,0
1/5/2022,Pulau Pinang,,0,2.711668309,5.216051654,,0,0,0
2/5/2022,Pulau Pinang,,0,0.90492551,3.352414157,,0,0,0
3/5/2022,Pulau Pinang,,9.581297308,1.509415735,5.120394438,,0,0,0
4/5/2022,Pulau Pinang,,0,3.021303209,8.469772684,,0,0,0
5/5/2022,Pulau Pinang,,0,5.443328898,9.863805047,,0,0,0
6/5/2022,Pulau Pinang,,0,6.054881445,10.32713767,,0,0,0
7/5/2022,Pulau Pinang,,0,6.362710878,9.674526599,,0,0,0
8/5/2022,Pulau Pinang,,0,5.152951732,11.16272839,,0,0,0
9/5/2022,Pulau Pinang,,0,8.492053864,14.13908769,,0,0,0
10/5/2022,Pulau Pinang,,0,7.890983034,11.16227152,,0,0,0
11/5/2022,Pulau Pinang,,0,11.23691052,14.32448874,,0,0,0
12/5/2022,Pulau Pinang,,0,6.381213707,9.486792432,,0,0,0
13/5/2022,Pulau Pinang,,0,6.080358011,12.55448414,,0,0,0
14/5/2022,Pulau Pinang,,0,3.041344031,6.323158008,,0,0.304134403,0
15/5/2022,Pulau Pinang,,0,3.95377129,6.043683746,,0,0,0
16/5/2022,Pulau Pinang,,0,2.737351157,6.414314519,,0,0,0
17/5/2022,Pulau Pinang,,0,5.474902136,8.457689248,,0,0,0
18/5/2022,Pulau Pinang,,0,4.866949761,8.177541868,,0,0,0.092926612
19/5/2022,Pulau Pinang,,0,4.563778809,11.24147715,,0,0,0
20/5/2022,Pulau Pinang,,0,2.739159017,8.173615013,,0,0,0
21/5/2022,Pulau Pinang,,0,2.130846129,6.129419915,,0,0,0
22/5/2022,Pulau Pinang,,0,3.349257531,6.314690757,,0,0,0
23/5/2022,Pulau Pinang,,0,1.827964196,8.54278636,,0,0,0
24/5/2022,Pulau Pinang,,0,2.743651495,8.727664375,,0,0,0
25/5/2022,Pulau Pinang,,0,3.049998628,8.819570162,,0,0,0
26/5/2022,Pulau Pinang,,0,3.357158989,7.240222219,,0,0,0
27/5/2022,Pulau Pinang,,0,2.443352402,6.775174646,,0,0,0
28/5/2022,Pulau Pinang,,0,3.055291612,5.196878161,,0,0,0
29/5/2022,Pulau Pinang,,0,2.444733738,5.660611977,,0,0,0
30/5/2022,Pulau Pinang,,0,1.52829018,7.701629591,,0,0,0
31/5/2022,Pulau Pinang,,0,2.751687702,7.329494163,,0,0,0
1/6/2022,Pulau Pinang,,0,3.364233307,11.13220045,,0,0,0
2/6/2022,Pulau Pinang,,0,3.36575679,7.142545733,,0,0,0
3/6/2022,Pulau Pinang,,0,2.448827165,6.95607655,,0,0,0
4/6/2022,Pulau Pinang,,0,3.061905608,5.10076799,,0,0,0
5/6/2022,Pulau Pinang,,0,2.143596465,5.100484175,,0,0,0
6/6/2022,Pulau Pinang,,0,1.837739825,7.510953474,,0,0,0
7/6/2022,Pulau Pinang,,0,3.676977524,10.4772722,,0,0,0
8/6/2022,Pulau Pinang,,9.561143513,3.06515289,9.178709473,,0,0,0.185428474
9/6/2022,Pulau Pinang,,0,3.985749413,10.66116859,,0,0,0
10/6/2022,Pulau Pinang,,0,3.067202405,9.547627832,,0,0.30672024,0
11/6/2022,Pulau Pinang,,0,2.454258753,6.488348317,,0,0,0
12/6/2022,Pulau Pinang,,0,5.829794546,11.30797073,,0,0,0
13/6/2022,Pulau Pinang,,0,4.910596453,10.93703512,,0,0,0
14/6/2022,Pulau Pinang,,9.60338039,3.990974258,11.95532601,,0,0,0
15/6/2022,Pulau Pinang,,0,4.605733832,10.65705863,,0,0,0
16/6/2022,Pulau Pinang,,0,3.071281369,9.544301311,,0,0,0
17/6/2022,Pulau Pinang,,19.22337562,2.457764847,10.28471996,,0,0,0
18/6/2022,Pulau Pinang,,0,3.072564762,7.504850357,,0,0,0
19/6/2022,Pulau Pinang,,19.26411096,2.765401751,9.079774155,,0,0,0
20/6/2022,Pulau Pinang,,0,2.150960558,13.52604551,,0,0,0
21/6/2022,Pulau Pinang,,19.26967916,4.610788014,11.11664885,,0,0,0
22/6/2022,Pulau Pinang,,0,2.152137688,13.33881707,,0,0,0
23/6/2022,Pulau Pinang,,0,6.14936185,11.57770819,,0,0,0
24/6/2022,Pulau Pinang,,9.642271719,3.690445437,13.05846953,,0,0,0
25/6/2022,Pulau Pinang,,0,1.230239282,9.260837031,,0,0.30755982,0
26/6/2022,Pulau Pinang,,0,3.07573064,6.945544156,,0,0,0
27/6/2022,Pulau Pinang,,0,4.922168215,8.056659616,,0,0,0
28/6/2022,Pulau Pinang,,0,3.076847339,8.797094551,,0,0,0.092600995
29/6/2022,Pulau Pinang,,0,3.077699604,9.537584565,,0,0,0
30/6/2022,Pulau Pinang,,19.34423058,5.849357494,10.0000463,,0,0,0
1/7/2022,Pulau Pinang,,0,2.463486511,6.202733091,,9.675858732,0.307935814,0
2/7/2022,Pulau Pinang,,0,2.155842796,5.554485803,,0,0,0
3/7/2022,Pulau Pinang,,0,0.923961083,6.850456389,,0,0.307987028,0.18514747
4/7/2022,Pulau Pinang,,0,2.156035359,9.349661607,,0,0,0
5/7/2022,Pulau Pinang,,0,4.004657725,11.57038869,,0,0,0
6/7/2022,Pulau Pinang,,9.689922481,4.31308034,10.73659522,,0,0.308077167,0
7/7/2022,Pulau Pinang,,0,1.848764871,7.866961354,,0,0,0.092552487
8/7/2022,Pulau Pinang,,9.695559434,5.857165317,12.12318638,,0,0,0
9/7/2022,Pulau Pinang,,0,1.849825037,7.495870331,,0,0,0.092541609
10/7/2022,Pulau Pinang,,0,1.233235702,6.755499949,,0,0,0
11/7/2022,Pulau Pinang,,9.708737864,3.700037925,11.19707877,,0,0,0.092537841
12/7/2022,Pulau Pinang,,9.708737864,4.934738089,15.73054502,,0,0,0
13/7/2022,Pulau Pinang,,0,5.552744907,17.02534,,0,0,0
14/7/2022,Pulau Pinang,,0,6.787588586,16.19200947,,0,0,0
15/7/2022,Pulau Pinang,,0,6.4808814,17.30044583,,0,0,0
16/7/2022,Pulau Pinang,,0,3.086314971,9.714028259,,0,0,0
17/7/2022,Pulau Pinang,,0,3.703612256,13.32203427,,0,0,0
18/7/2022,Pulau Pinang,,19.45903872,5.556052857,19.70534496,,0,0,0.092513357
19/7/2022,Pulau Pinang,,0,4.939643728,14.80168517,,0,0,0
20/7/2022,Pulau Pinang,,0,5.55766541,14.52346835,,0,0,0
21/7/2022,Pulau Pinang,,9.726680284,6.175832116,13.04253717,,0,0,0
22/7/2022,Pulau Pinang,,0,4.633333436,13.96578291,,0,0,0
23/7/2022,Pulau Pinang,,0,4.324591481,15.53778781,,0,0,0
24/7/2022,Pulau Pinang,,0,6.486927297,14.15034137,,0,0,0
25/7/2022,Pulau Pinang,,19.4760931,9.267239382,18.86579576,,0,0.308907979,0
26/7/2022,Pulau Pinang,,0,6.487668795,15.44338704,,0,0,0
27/7/2022,Pulau Pinang,,9.742790335,7.724512969,12.66858699,,0,0,0
28/7/2022,Pulau Pinang,,0,8.344046677,15.07119986,,0,0,0
29/7/2022,Pulau Pinang,,9.739943508,3.709806565,14.23694154,,0,0,0.092447672
30/7/2022,Pulau Pinang,,0,4.946684021,10.81570774,,0,0,0
31/7/2022,Pulau Pinang,,0,4.637630974,12.75681172,,0,0,0
1/8/2022,Pulau Pinang,,0,8.349646068,14.05039655,,0,0,0
2/8/2022,Pulau Pinang,,0,7.422963556,13.95699213,,0,0,0
3/8/2022,Pulau Pinang,,0,7.114597608,14.32581336,,0,0,0
4/8/2022,Pulau Pinang,,0,5.260421824,14.32448942,,0,0,0.092416061
5/8/2022,Pulau Pinang,,9.751340809,6.50114544,8.500949889,,0,0,0
6/8/2022,Pulau Pinang,,0,3.406005097,8.593216533,,0,0,0.092400178
7/8/2022,Pulau Pinang,,0,2.786817733,8.130937663,,0,0,0
8/8/2022,Pulau Pinang,,0,8.671119906,13.02738986,,0,0,0
9/8/2022,Pulau Pinang,,19.52362358,6.195019205,11.64084124,,0,0,0
10/8/2022,Pulau Pinang,,0,6.815935658,10.25442996,,0,0,0
11/8/2022,Pulau Pinang,,0,3.408992302,8.313803593,,0,0,0
12/8/2022,Pulau Pinang,,0,4.650859944,6.373150747,,0,0,0
13/8/2022,Pulau Pinang,,0,2.170475334,5.541772961,,0,0,0
14/8/2022,Pulau Pinang,,0,5.581845358,6.742322296,,0,0,0
15/8/2022,Pulau Pinang,,0,5.272511297,8.219810667,,0,0,0
16/8/2022,Pulau Pinang,,0,3.722476936,8.034413146,,0,0,0
17/8/2022,Pulau Pinang,,0,3.102651215,7.756862977,,0,0,0
18/8/2022,Pulau Pinang,,0,5.275718351,7.387229327,,0,0,0
19/8/2022,Pulau Pinang,,0,2.794059209,7.201697385,,0,0,0
20/8/2022,Pulau Pinang,,0,3.104654809,5.447347234,,0,0,0
21/8/2022,Pulau Pinang,,0,2.794354163,5.53959332,,0,0,0
22/8/2022,Pulau Pinang,,0,4.968265206,8.493807829,,0,0,0
23/8/2022,Pulau Pinang,,0,4.037831374,6.831603737,,0,0,0
24/8/2022,Pulau Pinang,,0,2.485321072,6.185114,,0,0,0
25/8/2022,Pulau Pinang,,0,4.349771326,6.830922664,,0,0,0
26/8/2022,Pulau Pinang,,9.770395701,3.729754427,6.553194867,,0,0,0
27/8/2022,Pulau Pinang,,0,4.040743124,4.799407827,,0,0,0.092296304
28/8/2022,Pulau Pinang,,0,3.419239126,4.891658983,,0,0,0
29/8/2022,Pulau Pinang,,9.766578767,4.041295826,8.860060876,,0,0,0.092292301
30/8/2022,Pulau Pinang,,0,6.52936348,6.737120333,,0,0,0.09228932
31/8/2022,Pulau Pinang,,0,2.176745517,4.337449912,,0,0,0
1/9/2022,Pulau Pinang,,0,2.799168958,5.075495691,,0,0,0
2/9/2022,Pulau Pinang,,0,3.422590341,5.351881602,,0,0,0
3/9/2022,Pulau Pinang,,0,2.178154356,3.87541107,,0,0.311164908,0
4/9/2022,Pulau Pinang,,0,1.244690617,3.506295184,,0,0,0
5/9/2022,Pulau Pinang,,0,3.734501817,5.535943961,,0,0,0
6/9/2022,Pulau Pinang,,0,4.357298475,8.672450761,,0,0,0
7/9/2022,Pulau Pinang,,0,3.42396464,4.520724755,,0,0,0
8/9/2022,Pulau Pinang,,9.766578767,1.556594669,6.457945857,,0,0,0
9/9/2022,Pulau Pinang,,0,3.114013372,5.258060053,,0,0,0
10/9/2022,Pulau Pinang,,0,2.491358102,5.165751437,,0,0,0
11/9/2022,Pulau Pinang,,9.770395701,4.359998879,5.073482475,,0,0,0
12/9/2022,Pulau Pinang,,0,3.426332298,7.656325093,,0,0,0
13/9/2022,Pulau Pinang,,0,4.36164247,6.456927222,,0,0,0
14/9/2022,Pulau Pinang,,9.776126699,4.361710414,6.180053554,,0,0,0
15/9/2022,Pulau Pinang,,0,1.557918745,5.534187443,,0,0,0
16/9/2022,Pulau Pinang,,0,1.246742884,3.135822623,,0,0,0
17/9/2022,Pulau Pinang,,0,2.181881655,3.689104415,,0,0,0
18/9/2022,Pulau Pinang,,0,0.623400588,5.533615794,,0,0,0
19/9/2022,Pulau Pinang,,0,6.545706173,7.377977475,,0,0,0
20/9/2022,Pulau Pinang,,0,4.675956233,5.256658665,,0,0,0
21/9/2022,Pulau Pinang,,0,2.805792403,6.455426662,,0,0,0
22/9/2022,Pulau Pinang,,19.74333662,2.806063592,5.532998341,,0,0,0
23/9/2022,Pulau Pinang,,0,3.118509602,5.532937114,,0,0,0
24/9/2022,Pulau Pinang,,0,1.871269157,4.610759669,,0,0,0
25/9/2022,Pulau Pinang,,0,2.183188203,4.518540309,,0,0,0
26/9/2022,Pulau Pinang,,0,2.183331202,8.391474262,,0,0,0
27/9/2022,Pulau Pinang,,0,3.431248694,7.469175818,,0,0,0
28/9/2022,Pulau Pinang,,0,3.742690058,7.468927877,,0,0,0
29/9/2022,Pulau Pinang,,0,2.807306483,5.99344041,,0,0,0
30/9/2022,Pulau Pinang,,0,2.18354233,5.900504585,,0,0,0
1/10/2022,Pulau Pinang,,0,1.871631064,3.77996893,,0,0,0
2/10/2022,Pulau Pinang,,0,0.935818451,3.779958476,,0,0,0
3/10/2022,Pulau Pinang,,0,4.367261758,6.361334885,,0,0,0
4/10/2022,Pulau Pinang,,9.886307464,3.743635819,6.084620476,,0,0,0
5/10/2022,Pulau Pinang,,9.888262632,2.495741641,6.36105339,,0,0,0
6/10/2022,Pulau Pinang,,0,0.623982129,5.99221381,,0,0,0
7/10/2022,Pulau Pinang,,0,2.184769039,5.899656068,,0,0,0
8/10/2022,Pulau Pinang,,0,1.560583409,3.687240856,,0,0,0.092181021
9/10/2022,Pulau Pinang,,0,0.624239208,3.041973706,,0,0,0
10/10/2022,Pulau Pinang,,0,0.624254796,4.424660476,,0,0,0
11/10/2022,Pulau Pinang,,0,4.682115567,6.913379048,,0,0,0
12/10/2022,Pulau Pinang,,0,2.497299795,6.452427634,,0,0,0
13/10/2022,Pulau Pinang,,0,3.43391585,5.991423968,,0,0,0
14/10/2022,Pulau Pinang,,0,2.185642204,4.516378786,,0,0,0
15/10/2022,Pulau Pinang,,0,1.873477799,5.253659589,,0,0,0
16/10/2022,Pulau Pinang,,0,1.2489813,3.502420357,,0,0,0
17/10/2022,Pulau Pinang,,0,5.308286548,6.267477506,,0,0,0
18/10/2022,Pulau Pinang,,0,4.996362024,7.742063924,,0,0,0
19/10/2022,Pulau Pinang,,9.892175289,3.43510616,8.663538576,,0,0,0
20/10/2022,Pulau Pinang,,0,4.996845741,9.677062597,,0,0,0
21/10/2022,Pulau Pinang,,0,2.18647509,8.570701839,,0,0,0
22/10/2022,Pulau Pinang,,0,2.498961369,5.160809915,,0,0,0
23/10/2022,Pulau Pinang,,0,2.811366668,4.884319951,,0,0,0
24/10/2022,Pulau Pinang,,0,2.499008206,4.515662899,,0,0,0
25/10/2022,Pulau Pinang,,0,4.061040564,10.78203878,,0,0,0
26/10/2022,Pulau Pinang,,0,5.623400845,10.41331651,,0,0,0.092153243
27/10/2022,Pulau Pinang,,0,5.311520688,12.71686634,,0,0,0
28/10/2022,Pulau Pinang,,0,7.499742196,11.61057041,,0,0,0
29/10/2022,Pulau Pinang,,0,4.99996875,8.20100384,,0,0.312498047,0.092146111
30/10/2022,Pulau Pinang,,0,5.625035156,8.385265154,,0,0,0
31/10/2022,Pulau Pinang,,0,9.06275489,13.36113678,,0,0,0
1/11/2022,Pulau Pinang,,9.892175289,8.43829109,16.67824622,,0,0,0
2/11/2022,Pulau Pinang,,0,10.6263615,14.37426343,,0,0,0
3/11/2022,Pulau Pinang,,0,9.064312863,11.14902188,,0,0,0
4/11/2022,Pulau Pinang,,0,6.564654027,15.38695426,,0,0,0
5/11/2022,Pulau Pinang,,0,6.564961861,7.831575068,,0,0,0.184272355
6/11/2022,Pulau Pinang,,0,5.001938251,9.674271873,,0,0,0
7/11/2022,Pulau Pinang,,0,9.378604901,12.16193058,,0,0,0
8/11/2022,Pulau Pinang,,9.87947046,9.378751501,12.80661005,,0,0,0
9/11/2022,Pulau Pinang,,9.87947046,9.692164354,14.74127225,,0,0,0
10/11/2022,Pulau Pinang,,0,8.129471209,10.96372022,,0,0.31267197,0
11/11/2022,Pulau Pinang,,9.878494517,5.62869383,9.028488567,,0,0,0.092127434
12/11/2022,Pulau Pinang,,0,5.941640581,4.606342012,,0,0,0.18425368
13/11/2022,Pulau Pinang,,0,5.628957861,6.080360252,,0,0,0
14/11/2022,Pulau Pinang,,0,9.381625773,14.37166791,,0,0,0.092126076
15/11/2022,Pulau Pinang,,0,7.505840482,10.13382172,,0,0,0
16/11/2022,Pulau Pinang,,0,5.004034503,10.41002605,,0,0,0
17/11/2022,Pulau Pinang,,,,,,0,0.312761938,0.092122427
18/11/2022,Pulau Pinang,,,,,,0,0,0.09211776
19/11/2022,Pulau Pinang,,,,,,0,0,0
20/11/2022,Pulau Pinang,,,,,,0,0,0
21/11/2022,Pulau Pinang,,,,,,0,0,0
22/11/2022,Pulau Pinang,,,,,,0,0,0
23/11/2022,Pulau Pinang,,,,,,0,0,0
24/5/2021,Sabah,,17.11868137,3.398412941,,,0,0,
25/5/2021,Sabah,,14.14827391,3.297826732,,,0,0,
26/5/2021,Sabah,,17.8086461,1.606890346,,,0,0,
27/5/2021,Sabah,,6.584578916,4.820593576,,,0,0,
28/5/2021,Sabah,,4.224043254,3.213729051,,,0,0,
29/5/2021,Sabah,,12.06879212,3.213677411,,,0,0,
30/5/2021,Sabah,,7.713817375,6.427251547,,,1.928454344,0,
31/5/2021,Sabah,,7.661807804,3.121780664,,,0,0,
1/6/2021,Sabah,,5.693680015,15.23809524,,,0,0,
2/6/2021,Sabah,,16.89189189,1.489003708,,,0,0,
3/6/2021,Sabah,,8.782252823,2.882716672,,,0,0,
4/6/2021,Sabah,,20.32997107,2.811357886,,,0,0,
5/6/2021,Sabah,,10.9301563,2.750199389,,,1.366269538,0,
6/6/2021,Sabah,,9.783060631,5.40818258,,,0,0,
7/6/2021,Sabah,,15.67591172,7.923302432,,,0,0,
8/6/2021,Sabah,,6.295445245,1.285132304,,,0,0,
9/6/2021,Sabah,,6.963926859,7.631548823,,,0,0,
10/6/2021,Sabah,,5.61272217,4.894942301,,,0,0,
11/6/2021,Sabah,,7.078205321,10.64887122,,,0,0,
12/6/2021,Sabah,,3.312876322,5.759970509,,,0,0,
13/6/2021,Sabah,,9.172138102,2.279617936,,,0,0,
14/6/2021,Sabah,,4.343136758,5.668805696,,,0,0,
15/6/2021,Sabah,,1.370125778,6.72992799,,,0,0,
16/6/2021,Sabah,,8.391590335,2.186055154,,,0,0,
17/6/2021,Sabah,,4.716202514,5.379120406,,,0,0,
18/6/2021,Sabah,,7.880398073,4.263392381,,,0,0,
19/6/2021,Sabah,,2.723044582,1.060704095,,,0,0,
20/6/2021,Sabah,,6.782207661,5.301496082,,,0,0,
21/6/2021,Sabah,,5.577951877,4.203800235,,,1.014173069,0,
22/6/2021,Sabah,,5.847440283,5.068732006,,,0,0,
23/6/2021,Sabah,,5.615112138,0.978167306,,,0,0,
24/6/2021,Sabah,,7.864217348,1.885067438,,,0,0,
25/6/2021,Sabah,,10.20621187,5.496921724,,,0,0,
26/6/2021,Sabah,,5.164028318,4.495756006,,,0,0,
27/6/2021,Sabah,,5.695517628,0.889276218,,,0,0,
28/6/2021,Sabah,,5.777508161,10.37353366,,,0,0,
29/6/2021,Sabah,,4.901264036,19.16794453,,,0.490126404,0,
30/6/2021,Sabah,,8.026165299,3.281162844,,,0,0,
1/7/2021,Sabah,,8.803865415,4.745033532,,,0,0,
2/7/2021,Sabah,,3.713114189,2.278907947,,,0,0,
3/7/2021,Sabah,,4.464360452,2.20758674,,,0,0,
4/7/2021,Sabah,,7.077099097,1.460237727,,,0,0,
5/7/2021,Sabah,,6.784469732,0.723751348,,,0,0,
6/7/2021,Sabah,,6.553681203,7.159989976,,,0,0,
7/7/2021,Sabah,,9.031791908,2.063444026,,,0,0,
8/7/2021,Sabah,,11.98546762,3.255505059,,,0,0,
9/7/2021,Sabah,,5.590875691,3.682676078,,,0,0,
10/7/2021,Sabah,,14.52544516,3.488737193,,,0,0,
11/7/2021,Sabah,,8.228646662,3.356173962,,,0,0,
12/7/2021,Sabah,,15.74074074,3.761499441,,,0,0,
13/7/2021,Sabah,,10.29798628,6.694957152,,,0,0,
14/7/2021,Sabah,,13.9673908,0.983134331,,,0,0,
15/7/2021,Sabah,,7.329363262,6.629980773,,,0,0,
16/7/2021,Sabah,,14.35879027,5.411206609,,,0,0,
17/7/2021,Sabah,,15.55774516,15.46816994,,,0,0,
18/7/2021,Sabah,,22.8526656,5.40051014,,,0,0,
19/7/2021,Sabah,,21.96595277,15.48946716,,,0,0,
20/7/2021,Sabah,,19.86111407,11.80300405,,,0,0,
21/7/2021,Sabah,,23.11808582,13.0993403,,,0.679943701,0,
22/7/2021,Sabah,,28.48157598,19.63899322,,,1.186732333,0,
23/7/2021,Sabah,,42.78240252,22.23832067,,,1.030901265,0,
24/7/2021,Sabah,,33.25809613,24.60207758,,,0,0,
25/7/2021,Sabah,,23.66499828,18.00435895,,,0.394416638,0.315865946,
26/7/2021,Sabah,,32.39575509,18.43080156,,,0,0,
27/7/2021,Sabah,,27.82251201,22.94110987,,,0.327323671,0.297936492,
28/7/2021,Sabah,,20.69064783,16.53669405,,,0,0,
29/7/2021,Sabah,,48.863914,30.24393001,,,0,0,
30/7/2021,Sabah,,37.45158315,19.85757704,,,0,0,
31/7/2021,Sabah,,42.88364548,28.25687382,,,0.466126581,0,
1/8/2021,Sabah,,36.37569676,21.78498749,,,0.427949374,0,
2/8/2021,Sabah,,38.58721532,24.46158216,,,0.205251145,0,
3/8/2021,Sabah,,71.12997545,40.03653006,,,0.194344195,0,
4/8/2021,Sabah,,53.81784135,32.37779971,,,0.184307676,0.259022398,
5/8/2021,Sabah,,51.35339047,27.70331799,,,0,0,
6/8/2021,Sabah,,73.29966728,32.37178098,,,0.67557297,0,
7/8/2021,Sabah,,62.79434851,21.56457321,,,0.650718637,0,
8/8/2021,Sabah,,57.79337281,35.19254627,,,0.793865011,0,
9/8/2021,Sabah,,77.94824113,40.28592938,,,0.619866729,0.503574117,
10/8/2021,Sabah,,77.56618601,32.04317818,,,1.064633926,0.500674659,
11/8/2021,Sabah,,93.25755239,55.56829169,,,0.587449149,0.249185165,
12/8/2021,Sabah,,90.44299703,60.96034851,,,0.723543976,0.247806295,
13/8/2021,Sabah,,94.37039799,52.04727464,,,0.29126666,0,
14/8/2021,Sabah,,93.96487228,51.25464571,,,0.445331148,0,
15/8/2021,Sabah,,103.9412298,52.43888715,,,0.449313673,0.239446973,
16/8/2021,Sabah,,120.551637,74.00493995,,,0.604268857,0.707053566,
17/8/2021,Sabah,,146.5928406,90.38602461,,,0.59956172,0.231166303,
18/8/2021,Sabah,,119.1592932,77.72736955,,,0.298271072,0,
19/8/2021,Sabah,,125.7645574,86.21335932,,,0.59745633,0,
20/8/2021,Sabah,,132.8561358,79.01743537,,,0.451891618,0,
21/8/2021,Sabah,,129.2872239,87.36876483,,,0.458465333,0,
22/8/2021,Sabah,,116.4339818,73.84665599,,,0.470757339,0.611988862,
23/8/2021,Sabah,,151.3601769,113.5358914,,,1.270599596,0.593393161,
24/8/2021,Sabah,,140.0944016,95.10935631,,,0.648585192,0.388995322,
25/8/2021,Sabah,,157.4795318,104.3404897,,,0.497303785,0.373311233,
26/8/2021,Sabah,,132.6441308,101.3260808,,,1.880264741,1.061006081,
27/8/2021,Sabah,,137.1077463,109.3164302,,,1.228878648,0,
28/8/2021,Sabah,,116.2149492,79.92281558,,,2.155455008,0,
29/8/2021,Sabah,,101.3405754,77.50421152,,,1.82267222,0.458604802,
30/8/2021,Sabah,,120.7161879,103.7039216,,,0.737198094,0,
31/8/2021,Sabah,,81.29375313,71.11592743,,,1.108551179,0.564412122,
1/9/2021,Sabah,,104.528191,99.72474349,,,1.301952557,0.135128379,
2/9/2021,Sabah,,111.1420879,99.03053636,,,1.496863136,0.647258408,
3/9/2021,Sabah,,77.36148743,87.23617891,,,0.747453985,0.621340306,
4/9/2021,Sabah,,71.24990525,76.09381892,,,1.894944289,0.118896592,
5/9/2021,Sabah,,59.62925989,64.31061217,,,1.923524512,0.346376726,
6/9/2021,Sabah,,76.73470347,86.44420946,,,0.783007178,0.334622746,
7/9/2021,Sabah,,77.49231635,80.11724685,,,0.605408722,0.215368943,
8/9/2021,Sabah,,84.57516121,93.37213303,0,,1.46179291,0.725421677,0
9/9/2021,Sabah,,62.33860686,68.49615982,0,,1.08226748,0.798789036,0
10/9/2021,Sabah,,61.40749526,62.45939173,0,,1.330126251,0.580118189,0
11/9/2021,Sabah,,55.40479421,67.47631994,0,,1.58299412,0.093847455,0
12/9/2021,Sabah,,50.48996107,43.56975417,0,,1.389631956,0.366132388,0
13/9/2021,Sabah,,44.97112195,62.61869782,0,,0.706352701,0.268749776,0
14/9/2021,Sabah,,53.19556799,66.94179393,0,,0.958478703,0.525720895,0
15/9/2021,Sabah,,45.69227481,59.5228919,0,,0.491314783,0.428222244,0
16/9/2021,Sabah,,39.36445214,43.59333383,0,,2.256560951,0.167989726,0
17/9/2021,Sabah,,39.20403007,54.65202824,0,,1.281177453,0.32824041,0
18/9/2021,Sabah,,30.22442291,42.4224247,0,,2.10256855,0.160387239,0
19/9/2021,Sabah,,31.00112245,38.37440074,0,,0.534502111,0.313901029,0
20/9/2021,Sabah,,31.75077002,45.08728761,0,,1.899618719,0.153358121,0
21/9/2021,Sabah,,25.37625173,37.95954683,0,,0.836579727,0.300075469,0
22/9/2021,Sabah,,40.46538058,55.61114221,0,,1.434942574,0,0
23/9/2021,Sabah,,23.93826322,34.81467493,0,,2.094598032,0.216240217,0
24/9/2021,Sabah,,26.00329375,34.6384006,0,,0.309563021,0.212505525,0
25/9/2021,Sabah,,23.25381378,29.27157681,0,,1.592726972,0.139388461,0
26/9/2021,Sabah,,16.37706556,20.96611875,0,,1.637706556,0.068741373,0
27/9/2021,Sabah,,27.40660031,39.37483622,0,,1.002680499,0.135775297,0
28/9/2021,Sabah,,30.70613884,36.32702349,0,,1.023537961,0.200701787,0
29/9/2021,Sabah,,22.17387086,33.43345751,0,,0,0,0
30/9/2021,Sabah,,16.67157355,30.53313596,0,,1.064142992,0.065241743,0
1/10/2021,Sabah,,13.87124564,31.80495707,0,,0.73006556,0,0
2/10/2021,Sabah,,12.82621981,22.57949413,0,,0,0.190812626,0
3/10/2021,Sabah,,13.05751638,16.06615982,0,,0,0.189013645,0
4/10/2021,Sabah,,12.80663632,21.36600401,0,,0.826234601,0.062291557,0
5/10/2021,Sabah,,22.91981093,39.19188309,0,,0,0.369734746,0
6/10/2021,Sabah,,20.99958001,25.78818171,0,,1.369537827,0.18246355,0
7/10/2021,Sabah,,17.41831536,25.84667392,0,,0.967684187,0.060108544,0
8/10/2021,Sabah,,17.14288595,24.94487124,0,,1.512607584,0.119068598,0
9/10/2021,Sabah,,11.60398755,20.5831216,0,,0.52745398,0.235909703,0
10/10/2021,Sabah,,12.36073108,16.04659838,0,,0,0.058564228,0
11/10/2021,Sabah,,16.68374765,24.47142307,990.0990099,,0.59584813,0.058126896,0
12/10/2021,Sabah,,20.80601231,24.83195121,0,,1.260970443,0.115497448,0
13/10/2021,Sabah,,15.81475649,23.33639325,0,,1.317896374,0.114675151,0
14/10/2021,Sabah,,17.35424172,23.60940599,0,,0.694169669,0,0
15/10/2021,Sabah,,12.52320476,20.37221907,0,,0.736659104,0.11286548,0
16/10/2021,Sabah,,13.07360439,17.44806405,0,,1.538071105,0.167769847,0
17/10/2021,Sabah,,11.20851847,15.48320073,0,,1.601216925,0.110990686,0
18/10/2021,Sabah,,8.353451228,24.3288646,0,,0.835345123,0.16512804,0
19/10/2021,Sabah,,11.41452279,15.43917076,0,,1.756080428,0.109110747,0
20/10/2021,Sabah,,15.55167272,20.49788774,0,,0.914804278,0.108168273,0
21/10/2021,Sabah,,16.29210791,20.79336074,0,,0.958359289,0.214918457,0
22/10/2021,Sabah,,16.1591678,18.7450634,0,,0,0.160214217,0
23/10/2021,Sabah,,13.68377841,15.4158791,0,,2.105196678,0.158926589,0
24/10/2021,Sabah,,6.655574043,13.36263995,0,,0,0.105217637,0
25/10/2021,Sabah,,10.41847543,21.68430062,0,,1.157608381,0.418010614,0
26/10/2021,Sabah,,16.92517862,20.21847386,0,,1.20894133,0.259877556,0
27/10/2021,Sabah,,10.0574532,21.28931612,0,,0,0.155019292,0
28/10/2021,Sabah,,14.33336808,20.02121222,65.60244916,,0,0.102672883,0
29/10/2021,Sabah,,14.81561296,18.85331001,13.78739832,,0,0.051092981,0
30/10/2021,Sabah,,5.568936472,13.80133613,0,,1.392234118,0.05092744,0
31/10/2021,Sabah,,7.157069037,13.14715473,22.17049108,,0,0.050761215,0
1/11/2021,Sabah,,11.79732201,20.98638009,26.01456816,,2.949330502,0.151708772,0
2/11/2021,Sabah,,12.16582013,20.82158023,70.9320471,,0,0.100830897,0
3/11/2021,Sabah,,12.54410035,19.51018376,49.74024539,,0,0.050283979,0
4/11/2021,Sabah,,11.41254728,15.5519903,27.5065328,,0,0.150503132,0
5/11/2021,Sabah,,6.728909076,16.88203366,28.07411567,,0,0,0
6/11/2021,Sabah,,6.93962526,14.79097011,22.94279596,,0,0.249847468,0
7/11/2021,Sabah,,3.534380688,10.82087561,11.0733796,,0,0.299194717,0
8/11/2021,Sabah,,12.51922595,19.32335392,30.52503053,,0,0.149407376,0
9/11/2021,Sabah,,12.76114777,19.15556307,15.47939692,,1.823021111,0.099509419,0
10/11/2021,Sabah,,20.24179747,19.50534058,27.80094523,,0,0.099517044,0
11/11/2021,Sabah,,15.08893038,16.32239517,21.66143182,,1.886116298,0.0497634,0
12/11/2021,Sabah,,23.21172966,15.57409963,10.14301653,,1.934310805,0,0
13/11/2021,Sabah,,7.83791198,14.56704795,14.7394797,,0,0.149150662,0
14/11/2021,Sabah,,9.994003598,14.60380474,7.184940365,,1.99880072,0.09934561,0
15/11/2021,Sabah,,8.066955733,18.12700825,15.61837614,,0,0.099326073,0
16/11/2021,Sabah,,14.27639093,22.15040722,16.41901322,,0,0.148993771,0
17/11/2021,Sabah,,10.2677838,17.53694806,11.42878912,,2.05355676,0.198718958,0
18/11/2021,Sabah,,14.46549978,17.37553039,31.71470858,,0,0.049644373,0
19/11/2021,Sabah,,8.310306858,17.12884766,11.65055007,,4.155153429,0.049648834,0
20/11/2021,Sabah,,6.28944003,15.38842622,28.47650688,,0,0.049640085,0
21/11/2021,Sabah,,12.67828843,13.20462301,15.37279016,,0,0.347490079,0
22/11/2021,Sabah,,21.27433252,18.9776228,22.04293965,,0,0.099359282,0
23/11/2021,Sabah,,10.69678882,17.81101616,23.59341605,,0,0.149254325,0
24/11/2021,Sabah,,8.591249812,16.68292629,27.45169808,,0,0.14939934,0
25/11/2021,Sabah,,10.76727609,12.96348834,11.17526541,,0,0.049859571,0
26/11/2021,Sabah,,10.77330805,12.62861975,7.125467609,,2.15466161,0.049915493,0
27/11/2021,Sabah,,0,12.73922262,12.65764522,,0,0.049957736,0
28/11/2021,Sabah,,2.172449002,7.647965641,7.893905905,,0,0.149960111,0
29/11/2021,Sabah,,6.532958777,13.0603634,20.62459972,,0,0.050039707,0
30/11/2021,Sabah,,6.566275608,15.03611675,24.87639541,,0,0.050120389,0
1/12/2021,Sabah,,0,12.65411532,15.87033933,,2.198140373,0,0
2/12/2021,Sabah,,4.411699828,11.51909151,10.50771362,,2.205849914,0.251508548,0
3/12/2021,Sabah,,2.214348981,11.48489057,10.16579487,,0,0.050372327,0
4/12/2021,Sabah,,8.875870945,7.664373069,11.66369093,,0,0.100847014,0
5/12/2021,Sabah,,4.451170658,7.719658337,8.854494098,,0,0.252276416,0
6/12/2021,Sabah,,4.457619186,9.297587478,10.31565917,,0,0.101060733,0
7/12/2021,Sabah,,2.235736004,13.11329992,7.484905441,,0,0.050630502,0
8/12/2021,Sabah,,6.723743781,9.740279505,8.937567032,,0,0,0
9/12/2021,Sabah,,4.49377612,8.131254714,7.91183056,,0,0.152461026,0
10/12/2021,Sabah,,4.501159048,6.36278028,3.099982175,,0,0.101804484,0
11/12/2021,Sabah,,0,5.148322666,3.819330395,,0,0.101946983,0
12/12/2021,Sabah,,2.260806656,4.233499426,3.037413339,,0,0.051006017,0
13/12/2021,Sabah,,6.791325214,10.93144046,8.95308583,,0,0,0
14/12/2021,Sabah,,0,7.675669203,5.821780737,,2.268242339,0,0
15/12/2021,Sabah,,4.541016734,6.916766704,10.69892511,,0,0.051235309,0
16/12/2021,Sabah,,2.271591477,6.516392833,4.895173359,,0,0,0.69931048
17/12/2021,Sabah,,2.275364627,6.472708032,3.431661885,,0,0.102741397,0
18/12/2021,Sabah,,2.278060004,4.67783109,4.741937014,,0,0.102809475,0
19/12/2021,Sabah,,6.841505131,3.496197885,1.343778975,,0,0,0
20/12/2021,Sabah,,4.56485518,5.763596814,8.597713008,,2.28242759,0.051460686,0
21/12/2021,Sabah,,2.285505325,6.545352594,6.47962159,,0,0.051538209,0
22/12/2021,Sabah,,0,5.366611831,5.067332176,,0,0,0
23/12/2021,Sabah,,0,4.443078227,3.087944664,,0,0,0
24/12/2021,Sabah,,0,5.224046961,5.425052894,,0,0,0
25/12/2021,Sabah,,0,4.710830095,5.331058748,,0,0.051767364,0
26/12/2021,Sabah,,2.293472776,4.195419534,4.704388018,,0,0.155385909,0
27/12/2021,Sabah,,2.293788421,6.947821858,2.294446293,,0,0,0
28/12/2021,Sabah,,2.298427875,8.827124403,10.57094215,,0,0.051924261,0
29/12/2021,Sabah,,6.905759403,6.865184931,8.090833086,,0,0,0
30/12/2021,Sabah,,0,7.034668409,7.350624803,,0,0,0
31/12/2021,Sabah,,0,7.465873648,10.42839862,,2.309042209,0,0
1/1/2022,Sabah,,2.310109037,5.228173161,4.165495121,,0,0.052281732,0
2/1/2022,Sabah,,9.254760417,5.126431935,7.259415202,,0,0,0
3/1/2022,Sabah,,2.315029169,8.177467826,12.24808496,,0,0,0
4/1/2022,Sabah,,2.319486002,8.567516498,13.45130627,,0,0.052561451,0
5/1/2022,Sabah,,2.323366093,7.063099836,7.730813088,,0,0.0527097,0
6/1/2022,Sabah,,0,7.556478068,10.32941442,,0,0.052842504,0
7/1/2022,Sabah,,4.658204262,5.657777435,11.03453349,,0,0.052876425,0
8/1/2022,Sabah,,0,6.874400473,4.570613696,,0,0.105760007,0
9/1/2022,Sabah,,2.334158069,5.078446122,4.536237735,,0,0.05290048,0
10/1/2022,Sabah,,4.667335651,9.801262191,10.13590932,,0,0.052979796,0
11/1/2022,Sabah,,4.667880316,8.656316615,8.079845888,,0,0.053106237,0
12/1/2022,Sabah,,2.334757535,9.429639969,10.23001158,,0,0.053274802,0
13/1/2022,Sabah,,2.336612379,8.0693041,7.421411162,,0,0,0.390600587
14/1/2022,Sabah,,2.339564373,7.177412789,8.954321766,,2.339564373,0.053562782,0
15/1/2022,Sabah,,0,6.163463631,4.719481293,,0,0,0
16/1/2022,Sabah,,0,4.183925359,6.800408024,,0,0,0
17/1/2022,Sabah,,2.338196783,5.758675957,7.943031199,,0,0,0
18/1/2022,Sabah,,4.68033324,6.972709141,6.2820924,,0,0.054052009,0
19/1/2022,Sabah,,4.68000468,5.594554489,6.66146438,,0,0.108632126,0
20/1/2022,Sabah,,0,6.121258859,6.085334648,,0,0.054654097,0
21/1/2022,Sabah,,2.342633589,6.32592833,8.188930321,,0,0,0
22/1/2022,Sabah,,2.344116268,4.25252017,4.565428294,,0,0.055227535,0
23/1/2022,Sabah,,0,3.929505773,3.097762571,,0,0.166035455,0
24/1/2022,Sabah,,2.343566909,8.459459986,14.7504309,,0,0.055654342,0
25/1/2022,Sabah,,4.688672168,8.800167259,16.15731397,,0,0,0
26/1/2022,Sabah,,4.691972036,10.61264304,13.08091443,,0,0.112900458,0
27/1/2022,Sabah,,0,9.1000091,14.46427325,,0,0,0
28/1/2022,Sabah,,4.698585726,12.8933991,14.59442104,,0,0,0.243240351
29/1/2022,Sabah,,2.351613207,9.559023805,13.59155702,,0,0,0
30/1/2022,Sabah,,0,9.469018987,14.40017375,,0,0,0
31/1/2022,Sabah,,2.35349494,18.99967579,30.75357828,,0,0,0.231229912
1/2/2022,Sabah,,4.708097928,14.27122582,14.74370897,,0,0,0
2/2/2022,Sabah,,4.709206499,15.7871794,25.8468175,,0,0.058907386,0
3/2/2022,Sabah,,11.77440245,41.14745671,71.01136401,,0,0.059290283,0
4/2/2022,Sabah,,14.15060966,52.9633533,86.93013958,,0,0,0
5/2/2022,Sabah,,16.52229329,51.84486817,88.21595945,,0,0.059936264,0
6/2/2022,Sabah,,16.52931592,61.76938029,110.5558749,,2.361330846,0.240347783,0.421165238
7/2/2022,Sabah,,30.69947575,133.7352236,236.2250732,,0,0.060404347,0
8/2/2022,Sabah,,23.61944353,149.0977039,257.372721,,0,0.060707534,0
9/2/2022,Sabah,,28.38221381,170.3646095,282.3042331,,0,0.060996996,0.207424124
10/2/2022,Sabah,,42.58137774,151.7056469,247.9022862,,0,0.306352276,0
11/2/2022,Sabah,,33.10631858,132.4709685,236.0336562,,0,0.246343038,0
12/2/2022,Sabah,,37.83221413,118.1179299,197.04872,,0,0.247367393,0.202308747
13/2/2022,Sabah,,40.15684792,128.7665613,228.0710215,,0,0.309832919,0.200943631
14/2/2022,Sabah,,49.58326447,193.9040445,377.8677463,,0,0.124257638,0
15/2/2022,Sabah,,70.79646018,175.4369593,356.5639562,,0,0.373270126,0.195056869
16/2/2022,Sabah,,54.25168062,158.4548351,310.9411215,,0,0.186710332,0
17/2/2022,Sabah,,51.86599712,148.6391283,291.4667001,,0,0.312004887,0.186957473
18/2/2022,Sabah,,40.08394049,136.0007157,288.3466172,,0,0.312789134,0
19/2/2022,Sabah,,40.0678797,102.5743915,198.4041328,,0,0.3761897,0
20/2/2022,Sabah,,21.19542179,93.55130557,201.2418789,,0,0.251313111,0.177461974
21/2/2022,Sabah,,37.62227239,127.7170622,286.8689627,,0,0.189210463,0.175026823
22/2/2022,Sabah,,35.27088036,91.82439472,204.5155937,,0,0.126829274,0.172878777
23/2/2022,Sabah,,35.22946122,85.72319202,184.7409115,,0,0.063877192,0.170268121
24/2/2022,Sabah,,18.75820672,71.96303454,137.8269618,,0,0.321550646,0
25/2/2022,Sabah,,11.71508903,63.58386368,136.2882785,,0,0.258997408,0.164798402
26/2/2022,Sabah,,16.39651457,45.82359935,96.60739468,,0,0.195548788,0.162092944
27/2/2022,Sabah,,16.38039968,34.45513398,80.12730626,,0,0.327520285,0.160254613
28/2/2022,Sabah,,21.04180305,52.99947396,118.7672873,,0,0.263351423,0.316291045
1/3/2022,Sabah,,14.01607176,46.82923732,102.4411508,,2.33601196,0.330714953,0.311371279
2/3/2022,Sabah,,16.33796242,43.77669097,102.4373338,,0,0.332649627,0.460047906
3/3/2022,Sabah,,27.99552072,44.5754788,99.08052668,,0,0.200790445,0
4/3/2022,Sabah,,16.33072042,37.13468501,93.58560413,,0,0.202185218,0.14831316
5/3/2022,Sabah,,20.97902098,27.41341534,59.96983956,,0,0.135709977,0.438803704
6/3/2022,Sabah,,16.29650324,27.20351914,84.2379505,,2.328071891,0.204537738,0.144738747
7/3/2022,Sabah,,6.979990693,32.49932122,77.50030929,,0,0.205691906,0
8/3/2022,Sabah,,11.63061177,25.12803909,66.42515448,,2.326122354,0.276132298,0.139548644
9/3/2022,Sabah,,18.59254439,28.84243828,77.50105808,,0,0,0
10/3/2022,Sabah,,4.645976584,22.33962391,61.92461152,,0,0,0
11/3/2022,Sabah,,4.640048257,15.17412128,40.608299,,0,0.141154617,0
12/3/2022,Sabah,,4.634457189,14.34978088,36.52152208,,0,0.213115558,0
13/3/2022,Sabah,,4.631452192,10.78050114,28.08915707,,0,0,0.130042394
14/3/2022,Sabah,,13.857453,17.50160611,45.18211869,,0,0.144046141,0.128723985
15/3/2022,Sabah,,6.924728204,15.70758298,42.05010844,,0,0.072720292,0
16/3/2022,Sabah,,2.310109037,13.92892436,35.10535395,,0,0.146620256,0
17/3/2022,Sabah,,6.930967563,7.912539082,20.54921537,,0,0,0
18/3/2022,Sabah,,2.310536044,10.96280254,24.26616624,,0,0,0.124441878
19/3/2022,Sabah,,0,10.89449024,27.7984722,,0,0,0.123548765
20/3/2022,Sabah,,4.614142346,5.818667646,18.28429502,,2.307071173,0.075567112,0.122713389
21/3/2022,Sabah,,11.53030163,11.09801984,32.17322846,,0,0,0
22/3/2022,Sabah,,6.914035492,7.264118771,21.50638969,,0,0.076464408,0
23/3/2022,Sabah,,9.221689414,7.611151644,18.70205351,,0,0.07688032,0
24/3/2022,Sabah,,2.303722816,4.943390455,13.92639957,,0,0,0
25/3/2022,Sabah,,2.303722816,5.119040971,13.73628,,0,0.155122454,0
26/3/2022,Sabah,,4.602780079,4.284770523,10.836061,,0,0,0
27/3/2022,Sabah,,4.59506031,4.850404148,12.54319784,,0,0,0
28/3/2022,Sabah,,6.889266523,6.835828542,16.46130892,,0,0.157145484,0.116746872
29/3/2022,Sabah,,6.880260533,5.688268657,11.40382214,,0,0,0
30/3/2022,Sabah,,2.293367581,5.081740591,16.24448413,,0,0,0
31/3/2022,Sabah,,0,5.184483877,10.06703255,,0,0,0
1/4/2022,Sabah,,0,3.841573509,8.194327909,,0,0,0
2/4/2022,Sabah,,0,3.052066651,6.784697402,,0,0,0
3/4/2022,Sabah,,0,3.544699466,6.9953968,,0,0,0
4/4/2022,Sabah,,0,4.281465134,10.26668279,,0,0.080782361,0
5/4/2022,Sabah,,2.286602794,3.96698497,9.416559076,,0,0.080958877,0
6/4/2022,Sabah,,6.853070175,3.731276697,13.65360246,,0,0,0
7/4/2022,Sabah,,2.277904328,2.60052872,7.624814285,,0,0,0
8/4/2022,Sabah,,0,2.767830322,5.923899133,,0,0,0
9/4/2022,Sabah,,0,2.203471856,5.017248184,,0,0,0
10/4/2022,Sabah,,2.2643902,1.798815562,4.123141522,,0,0,0
11/4/2022,Sabah,,2.264595317,1.641347513,7.014301381,,0,0,0
12/4/2022,Sabah,,0,1.894900575,6.448277587,,0,0.082386982,0
13/4/2022,Sabah,,0,1.240616802,2.664396009,,0,0.082707787,0
14/4/2022,Sabah,,0,0.581602581,3.104694742,,0,0,0
15/4/2022,Sabah,,2.26613488,1.498964465,1.993713158,,0,0.083275804,0
16/4/2022,Sabah,,2.264595317,0.583977168,3.097437645,,0,0,0
17/4/2022,Sabah,,0,1.084929989,2.87421125,,0,0,0
18/4/2022,Sabah,,0,1.169104249,3.864998901,,0,0.083507446,0
19/4/2022,Sabah,,0,1.337502999,4.082267622,,0,0.083593937,0
20/4/2022,Sabah,,0,0.920487457,3.197078972,,0,0.083680678,0
21/4/2022,Sabah,,2.249364555,1.84255378,2.974020281,,0,0,0
22/4/2022,Sabah,,2.2500225,1.005791684,2.862247723,,0,0,0
23/4/2022,Sabah,,0,0.671134183,1.649978055,,0,0,0
24/4/2022,Sabah,,0,0.755390974,1.319449789,,0,0,0
25/4/2022,Sabah,,2.234337296,0.923959013,2.087189599,,0,0,0
26/4/2022,Sabah,,2.229405863,1.092622445,1.646567565,,0,0,0
27/4/2022,Sabah,,0,1.093235312,1.426153237,,0,0,0
28/4/2022,Sabah,,0,0.58902429,1.425074515,,0,0,0
29/4/2022,Sabah,,0,0.168361081,0.766805641,,0,0,0
30/4/2022,Sabah,,2.220692412,0.252682435,0.875859026,,0,0,0
1/5/2022,Sabah,,0,0.08424976,0.656658462,,0,0,0
2/5/2022,Sabah,,0,0.421529714,1.531450524,,0,0,0
3/5/2022,Sabah,,0,0.42174945,0.874646725,,0,0,0
4/5/2022,Sabah,,2.220150082,0.33754733,1.420671869,,0,0,0
5/5/2022,Sabah,,0,0.675450335,1.63847936,,0,0,0
6/5/2022,Sabah,,2.22098834,0.760275118,0.873556039,,0,0,0
7/5/2022,Sabah,,0,0.591553462,1.52829752,,0,0,0
8/5/2022,Sabah,,0,0.67622911,2.073930152,,0,0,0
9/5/2022,Sabah,,0,0.761004763,5.130007488,,0,0.084556085,0
10/5/2022,Sabah,,0,1.099648451,3.601727519,,0,0,0
11/5/2022,Sabah,,0,1.438455674,3.819859778,,0,0,0
12/5/2022,Sabah,,0,1.185007622,2.837009443,,0,0,0
13/5/2022,Sabah,,0,0.592654304,2.509114632,,0,0,0
14/5/2022,Sabah,,0,0.423412331,3.053974639,,0,0,0
15/5/2022,Sabah,,0,0.508124917,2.835447014,,0,0,0
16/5/2022,Sabah,,0,0.846902834,2.507394087,,0,0,0
17/5/2022,Sabah,,0,0.931629411,3.813828506,,0,0,0
18/5/2022,Sabah,,0,0.931657817,2.069103708,,0,0,0
19/5/2022,Sabah,,0,0.762371382,1.850531484,,0,0,0
20/5/2022,Sabah,,0,0.93192776,1.632143211,,0,0,0
21/5/2022,Sabah,,2.166330885,0.423660238,2.175194517,,0,0,0
22/5/2022,Sabah,,2.158568437,0.508440537,1.957000353,,0,0,0
23/5/2022,Sabah,,0,1.101890081,5.217810998,,0,0,0
24/5/2022,Sabah,,0,1.102258188,2.607998296,,0,0,0
25/5/2022,Sabah,,0,1.017927398,4.019572057,,0,0,0
26/5/2022,Sabah,,0,1.187942721,3.25814618,,0,0,0
27/5/2022,Sabah,,0,0.848759538,2.93157381,,0,0,0
28/5/2022,Sabah,,0,0.169808694,2.930431555,,0,0,0
29/5/2022,Sabah,,0,0.339692663,1.302210502,,0,0,0
30/5/2022,Sabah,,0,0.594530826,1.844327878,,0,0,0
31/5/2022,Sabah,,0,0.25485672,1.843673813,,0,0,0
1/6/2022,Sabah,,2.133606435,1.274521799,5.312833746,,0,0,0
2/6/2022,Sabah,,0,1.019841007,3.03275155,,0,0,0
3/6/2022,Sabah,,2.134016219,1.870032726,3.247607325,,0,0,0
4/6/2022,Sabah,,2.13442616,1.530436557,2.814066001,,0,0,0
5/6/2022,Sabah,,0,0.510193236,3.354894846,,0,0,0
6/6/2022,Sabah,,0,1.105620806,3.89555582,,0,0,0
7/6/2022,Sabah,,0,1.105897325,5.409838549,,0,0,0
8/6/2022,Sabah,,2.140915027,1.616604399,4.327397946,,0,0,0
9/6/2022,Sabah,,0,0.85152039,5.084175558,,0,0,0
10/6/2022,Sabah,,0,1.448183977,4.326489908,,0,0,0
11/6/2022,Sabah,,0,0.255596281,4.109787567,,0,0,0
12/6/2022,Sabah,,0,1.448483821,5.515576637,,0,0,0
13/6/2022,Sabah,,0,1.959867036,6.056195001,,0,0,0
14/6/2022,Sabah,,0,2.556563978,10.59683998,,0,0,0
15/6/2022,Sabah,,0,1.193140465,4.648563216,,0,0,0
16/6/2022,Sabah,,0,1.619362806,7.239830739,,0,0,0
17/6/2022,Sabah,,0,1.278526047,5.615065653,,0,0,0
18/6/2022,Sabah,,0,0.852325271,5.83024906,,0,0,0
19/6/2022,Sabah,,0,1.022803402,6.693599408,,0,0.085233617,0
20/6/2022,Sabah,,0,2.55702594,9.823055467,,0,0,0
21/6/2022,Sabah,,0,2.642492126,10.46875185,,0,0,0
22/6/2022,Sabah,,0,1.705117056,10.68343787,,0,0,0
23/6/2022,Sabah,,0,2.217383777,10.25092096,,0,0,0
24/6/2022,Sabah,,0,0.938618609,8.415646629,,0,0,0
25/6/2022,Sabah,,0,0.853210289,6.472680434,,0,0,0
26/6/2022,Sabah,,0,2.133069402,8.522169507,,0,0,0
27/6/2022,Sabah,,2.166002426,2.901194695,11.10952917,,0,0,0
28/6/2022,Sabah,,0,2.645495873,11.86283116,,0,0,0
29/6/2022,Sabah,,0,2.389657562,10.78255469,,0,0,0
30/6/2022,Sabah,,0,1.96304022,9.918912887,,0,0,0
1/7/2022,Sabah,,0,2.133845001,8.19221524,,0,0,0
2/7/2022,Sabah,,0,1.109584247,8.945845302,,0,0,0
3/7/2022,Sabah,,0,1.877733917,8.191155707,,0,0,0
4/7/2022,Sabah,,2.173865786,3.92637199,14.87208391,,0,0,0
5/7/2022,Sabah,,0,2.902380977,13.14624007,,0,0,0
6/7/2022,Sabah,,0,2.646528011,12.92923721,,0,0,0.107743643
7/7/2022,Sabah,,0,3.073565797,13.46672211,,0,0,0
8/7/2022,Sabah,,0,2.988214482,13.25016967,,0,0,0
9/7/2022,Sabah,,2.181976871,2.219941564,9.37141503,,0,0,0
10/7/2022,Sabah,,2.180929949,1.878436151,9.802062957,,0,0,0
11/7/2022,Sabah,,0,3.244588155,11.41696367,,0,0,0
12/7/2022,Sabah,,0,4.098710614,20.67862509,,0,0,0
13/7/2022,Sabah,,2.194715126,2.647294166,18.09206275,,0,0.085396586,0
14/7/2022,Sabah,,0,3.245255948,17.33596783,,0,0,0
15/7/2022,Sabah,,0,3.416222273,13.88905338,,0,0,0
16/7/2022,Sabah,,0,2.732940473,10.11993196,,0,0,0
17/7/2022,Sabah,,0,2.647576784,10.44263869,,0,0,0
18/7/2022,Sabah,,0,3.843417464,20.56197714,,0,0,0
19/7/2022,Sabah,,0,4.868420266,16.57714292,,0,0,0
20/7/2022,Sabah,,0,3.502013658,15.49928693,,0,0,0
21/7/2022,Sabah,,2.226625994,4.100233628,13.88302956,,0,0,0.107620384
22/7/2022,Sabah,,0,3.673066344,10.65296201,,0,0,0
23/7/2022,Sabah,,0,3.502378628,8.284683235,,0,0,0
24/7/2022,Sabah,,0,1.793827695,11.2966876,,0,0,0
25/7/2022,Sabah,,0,5.55152714,16.9960823,,0,0,0
26/7/2022,Sabah,,0,5.209979245,18.49842279,,0,0,0
27/7/2022,Sabah,,0,4.014458885,15.48550277,,0,0.085414019,0
28/7/2022,Sabah,,2.252556652,3.929377134,17.63327097,,0,0,0.107519945
29/7/2022,Sabah,,2.253216467,4.441972885,13.86770212,,0,0,0
30/7/2022,Sabah,,0,3.246018289,10.85645615,,0,0,0
31/7/2022,Sabah,,2.255096518,4.355649918,11.71583196,,0,0.0854049,0
1/8/2022,Sabah,,2.255554302,5.295623936,24.60965752,,0,0.085413289,0
2/8/2022,Sabah,,2.2563686,5.381046417,20.52454725,,0,0,0
3/8/2022,Sabah,,2.25606317,4.954347397,23.63735992,,0,0,0
4/8/2022,Sabah,,2.255401687,4.61321601,20.08845365,,0,0,0
5/8/2022,Sabah,,0,4.271098586,19.5487042,,0,0,0.107410463
6/8/2022,Sabah,,0,3.416397341,13.85505677,,0,0,0.107403541
7/8/2022,Sabah,,4.511312115,3.587287677,13.96196546,,0,0,0
8/8/2022,Sabah,,2.255961378,5.723203661,22.98127241,,0,0.08542095,0
9/8/2022,Sabah,,0,6.577716576,23.08655418,,0,0,0
10/8/2022,Sabah,,2.255961378,4.698862704,19.11206218,,0,0,0
11/8/2022,Sabah,,4.51070164,5.553723302,16.64088225,,0,0,0
12/8/2022,Sabah,,2.255503428,4.272416085,17.81930367,,0,0,0
13/8/2022,Sabah,,0,3.41810227,11.91410254,,0,0,0
14/8/2022,Sabah,,2.254537256,3.674532159,14.70416192,,0,0,0
15/8/2022,Sabah,,0,5.042127402,22.21645048,,0,0,0
16/8/2022,Sabah,,0,5.640717089,21.356308,,0,0,0
17/8/2022,Sabah,,2.254740592,5.128196362,16.20402912,,0,0,0
18/8/2022,Sabah,,2.254689755,4.102862174,16.52450939,,0,0,0.107302009
19/8/2022,Sabah,,2.254943965,4.445219508,17.16670046,,0,0,0
20/8/2022,Sabah,,2.255401687,3.932588592,9.976357106,,0,0,0
21/8/2022,Sabah,,2.255401687,3.163250214,11.69255656,,0,0.085493249,0
22/8/2022,Sabah,,0,5.642694335,21.34590775,,0,0,0
23/8/2022,Sabah,,2.250376938,4.78799854,15.7671355,,0,0,0
24/8/2022,Sabah,,4.488934776,4.445291709,13.51399181,,0,0,0
25/8/2022,Sabah,,0,4.188402911,13.29838575,,0,0,0
26/8/2022,Sabah,,0,2.393536767,11.36647555,,0,0,0
27/8/2022,Sabah,,0,1.965835489,10.82958944,,0,0,0
28/8/2022,Sabah,,0,2.735105853,10.1860509,,0,0,0
29/8/2022,Sabah,,0,4.017324069,14.47179554,,0,0,0.107198485
30/8/2022,Sabah,,2.225387217,3.675587517,11.25511706,,0,0,0
31/8/2022,Sabah,,0,2.906382844,7.824482914,,0,0,0
1/9/2022,Sabah,,0,3.675917441,12.75413143,,0,0,0
2/9/2022,Sabah,,0,2.650308846,10.60954516,,0,0,0
3/9/2022,Sabah,,0,3.419925856,7.608270512,,0,0,0
4/9/2022,Sabah,,6.642458595,3.334470473,7.608099304,,0,0,0
5/9/2022,Sabah,,0,4.959757553,14.57157429,,0,0,0
6/9/2022,Sabah,,0,3.420674557,9.964011704,,2.203711049,0,0.107139911
7/9/2022,Sabah,,2.19389658,1.624880165,8.249702421,,0,0,0
8/9/2022,Sabah,,2.174149364,3.848564956,13.28413917,,0,0,0
9/9/2022,Sabah,,2.168868068,2.73694222,7.284249631,,0,0,0
10/9/2022,Sabah,,0,2.138345844,8.783477636,,0,0,0
11/9/2022,Sabah,,0,2.908190148,9.640319673,,0,0.085535004,0
12/9/2022,Sabah,,0,4.6192972,16.173292,,0,0,0
13/9/2022,Sabah,,0,4.10614733,11.67401023,,0,0.085544736,0
14/9/2022,Sabah,,0,4.106175431,11.35178319,,0,0.085545321,0
15/9/2022,Sabah,,0,2.138766599,9.316361136,,0,0,0
16/9/2022,Sabah,,0,1.711117214,6.531734593,,0,0,0.107077616
17/9/2022,Sabah,,4.327318361,3.080129571,9.10120757,,0,0,0
18/9/2022,Sabah,,2.163846453,2.395670681,5.246556011,,0,0.085559667,0
19/9/2022,Sabah,,0,3.508111438,14.77536625,,0,0.085563694,0
20/9/2022,Sabah,,2.16398693,4.021693184,12.84747055,,0,0,0
21/9/2022,Sabah,,0,3.422907983,11.34763921,,0,0,0
22/9/2022,Sabah,,0,2.310581522,8.456831621,,0,0,0
23/9/2022,Sabah,,2.163752813,2.310621069,9.420167294,,0,0.085578558,0
24/9/2022,Sabah,,0,1.626032959,5.673212269,,0,0,0
25/9/2022,Sabah,,0,1.283714625,5.673175833,,0,0,0
26/9/2022,Sabah,,0,3.680098455,12.95130203,,0,0,0
27/9/2022,Sabah,,0,2.909959851,8.134345132,,0,0,0.107030857
28/9/2022,Sabah,,0,2.910146654,9.632375055,,0,0,0
29/9/2022,Sabah,,0,1.883092483,6.849227108,,0,0,0
30/9/2022,Sabah,,0,2.054293259,5.564752855,,0,0,0
1/10/2022,Sabah,,0,1.369581593,3.745310336,,0,0,0
2/10/2022,Sabah,,0,1.540787205,5.671342492,,0,0,0
3/10/2022,Sabah,,2.164970773,4.194523151,8.6672081,,0,0,0
4/10/2022,Sabah,,2.164830169,2.653755149,11.23471677,,0,0,0
5/10/2022,Sabah,,0,3.424314516,7.275505193,,0,0,0
6/10/2022,Sabah,,0,1.712249605,7.9169533,,0,0,0
7/10/2022,Sabah,,2.16365918,2.140348654,7.060666099,,0,0,0
8/10/2022,Sabah,,0,1.198627058,5.562830026,,0,0,0
9/10/2022,Sabah,,0,0.599323792,3.53023108,,0,0,0
10/10/2022,Sabah,,0,2.2261246,6.632392175,,0,0,0
11/10/2022,Sabah,,0,2.483080801,10.69694902,,0,0,0
12/10/2022,Sabah,,2.164408467,4.024430864,9.840708873,,0,0,0
13/10/2022,Sabah,,0,2.654530041,8.663583429,,0,0,0
14/10/2022,Sabah,,2.164455315,1.712674821,5.454481284,,0,0,0
15/10/2022,Sabah,,0,1.969608091,4.064032033,,0,0,0
16/10/2022,Sabah,,0,1.370168017,6.52380601,,0,0,0
17/10/2022,Sabah,,0,3.168573234,8.662749535,,0,0.085637114,0
18/10/2022,Sabah,,2.163799632,1.71279216,8.662351176,,0,0,0
19/10/2022,Sabah,,0,2.569287254,8.768946807,,0,0,0
20/10/2022,Sabah,,2.159827214,3.254575462,9.089412011,,0,0,0
21/10/2022,Sabah,,0,1.541712311,7.057291305,,0,0,0
22/10/2022,Sabah,,2.158848039,2.569551331,5.66697639,,0,0,0
23/10/2022,Sabah,,2.158941255,1.541737401,4.704614371,,0,0,0
24/10/2022,Sabah,,0,2.398260234,6.522027345,,0,0.085652151,0
25/10/2022,Sabah,,2.158848039,4.796676588,12.82960045,,0,0,0
26/10/2022,Sabah,,4.317043688,3.940248698,11.33251084,,0,0,0
27/10/2022,Sabah,,2.158475253,4.368652605,12.93560102,,0,0,0
28/10/2022,Sabah,,2.158195748,3.683518908,9.941505465,,0,0,0.106897908
29/10/2022,Sabah,,4.316670983,2.998305529,7.589637899,,0,0,0
30/10/2022,Sabah,,0,2.655662515,7.696460163,,0,0.085666533,0
31/10/2022,Sabah,,4.317230065,6.596503853,18.49286368,,0,0,0
1/11/2022,Sabah,,0,5.9113655,19.56053987,,0,0,0
2/11/2022,Sabah,,2.158382077,4.540695772,13.89512388,,0,0,0
3/11/2022,Sabah,,0,4.883532045,14.00145572,,0,0,0
4/11/2022,Sabah,,2.157869751,4.541080931,17.31425915,,0,0,0.106878143
5/11/2022,Sabah,,0,2.142039496,9.939391089,,0,0,0.106875173
6/11/2022,Sabah,,0,1.713644811,5.557479298,,0,0,0
7/11/2022,Sabah,,0,3.941386443,15.60339171,,0,0.171364628,0.106872546
8/11/2022,Sabah,,8.630361612,5.655328305,12.71694956,,0,0,0
9/11/2022,Sabah,,0,4.884243431,11.00520236,,0,0,0
10/11/2022,Sabah,,4.314715337,3.341956724,7.692767943,,0,0,0.213687998
11/11/2022,Sabah,,0,4.970191704,12.60686454,,0,0,0
12/11/2022,Sabah,,0,2.999302448,7.905678841,,0,0.085694356,0
13/11/2022,Sabah,,6.469560717,4.027651973,8.012332582,,0,0,0.106831101
14/11/2022,Sabah,,4.313040478,4.798974391,15.70405442,,0,0,0
15/11/2022,Sabah,,6.469002695,5.399142308,14.95568311,,0,0,0
16/11/2022,Sabah,,2.15624124,5.399882745,13.13928497,,0,0.085712425,0
17/11/2022,Sabah,,,,,,0,0,0
18/11/2022,Sabah,,,,,,0,0.085717861,0.213622265
19/11/2022,Sabah,,,,,,0,0.08572058,0
20/11/2022,Sabah,,,,,,0,0,0.106806227
21/11/2022,Sabah,,,,,,0,0,0
22/11/2022,Sabah,,,,,,0,0,0
23/11/2022,Sabah,,,,,,0,0,0
24/5/2021,Sarawak,,13.96561356,6.866434123,,,1.55173484,0,
25/5/2021,Sarawak,,25.49343209,8.205801502,,,0,0,
26/5/2021,Sarawak,,19.36717748,16.41092968,,,0,0,
27/5/2021,Sarawak,,25.2382612,15.04294076,,,1.201821962,0,
28/5/2021,Sarawak,,21.91136277,4.102508,,,0,0,
29/5/2021,Sarawak,,21.22090967,6.837326332,,,0,0,
30/5/2021,Sarawak,,19.64227943,15.04170655,,,1.155428202,0,
31/5/2021,Sarawak,,33.88927888,11.878052,,,1.210331389,0,
1/6/2021,Sarawak,,32.41530002,9.987390919,,,1.200566667,0,
2/6/2021,Sarawak,,14.38434983,12.79873409,,,0,0,
3/6/2021,Sarawak,,17.92607288,12.13003396,,,0,0,
4/6/2021,Sarawak,,28.16901408,5.369358147,,,0,0,
5/6/2021,Sarawak,,24.41460437,6.37755102,,,1.109754744,0,
6/6/2021,Sarawak,,21.83991343,7.376496375,,,0,0,
7/6/2021,Sarawak,,23.40641336,7.303306311,,,0,0,
8/6/2021,Sarawak,,9.223674097,4.147441547,,,0,0,
9/6/2021,Sarawak,,17.47282216,10.354325,,,0,0,
10/6/2021,Sarawak,,30.08966721,5.155276941,,,0,0,
11/6/2021,Sarawak,,20.45796619,5.958824523,,,0,0,
12/6/2021,Sarawak,,14.62415911,5.602502451,,,0,0,
13/6/2021,Sarawak,,25.56412543,12.09858619,,,0,0,
14/6/2021,Sarawak,,17.24032456,11.98189023,,,0,0,
15/6/2021,Sarawak,,17.25991459,5.128862675,,,0,0,
16/6/2021,Sarawak,,14.98448036,4.268615432,,,0,0,
17/6/2021,Sarawak,,12.19354996,5.723349631,,,0,0,
18/6/2021,Sarawak,,17.05126748,5.591232947,,,0.299145043,0,
19/6/2021,Sarawak,,12.82544568,4.790648654,,,0,0,
20/6/2021,Sarawak,,13.36812228,7.976644385,,,0.477432939,0,
21/6/2021,Sarawak,,9.606294743,2.388896409,,,0,0,
22/6/2021,Sarawak,,15.42210296,8.390989603,,,0,0,
23/6/2021,Sarawak,,15.39888298,5.924433846,,,0,0,
24/6/2021,Sarawak,,11.12089193,8.749863283,,,0.156632281,0,
25/6/2021,Sarawak,,13.45926185,7.139287499,,,0,0,
26/6/2021,Sarawak,,13.60298069,4.697229976,,,0,0,
27/6/2021,Sarawak,,9.859706752,2.55801907,,,0,0,
28/6/2021,Sarawak,,6.177026001,1.194151048,,,0,0,
29/6/2021,Sarawak,,9.371854495,3.404680301,,,0,0,
30/6/2021,Sarawak,,15.15319295,6.780158995,,,0.233126045,0,
1/7/2021,Sarawak,,11.37478812,2.768993914,,,0,0,
2/7/2021,Sarawak,,10.81811461,6.026340587,,,0,0,
3/7/2021,Sarawak,,11.2941679,2.633796882,,,0,0,
4/7/2021,Sarawak,,8.065273586,2.574294129,,,0,0,
5/7/2021,Sarawak,,9.21809081,2.03455695,,,0.307269694,0,
6/7/2021,Sarawak,,11.05165729,4.056856849,,,0.10233016,0,
7/7/2021,Sarawak,,7.830829357,2.023861325,,,0.206074457,0,
8/7/2021,Sarawak,,12.1989694,2.936800063,,,0,0,
9/7/2021,Sarawak,,23.47921178,12.28901882,,,0.107211013,0,
10/7/2021,Sarawak,,0,0,,,0.109662951,0,
11/7/2021,Sarawak,,0,0,,,0,0,
12/7/2021,Sarawak,,8.607060508,6.006054103,,,0,0,
13/7/2021,Sarawak,,15.96749624,5.862237421,,,0,0,
14/7/2021,Sarawak,,15.64076201,13.09243257,,,0,0,
15/7/2021,Sarawak,,19.65548375,7.246376812,,,0,0,
16/7/2021,Sarawak,,23.90800201,7.849763012,,,0.132822233,0,
17/7/2021,Sarawak,,26.02004783,7.241828803,,,0,0,
18/7/2021,Sarawak,,15.33685702,5.440313362,,,0.142007935,0,
19/7/2021,Sarawak,,18.96694354,7.901321277,,,0,0,
20/7/2021,Sarawak,,21.16962159,4.506020839,,,0.151211583,0,
21/7/2021,Sarawak,,17.60527404,6.318435087,,,0.157189947,0,
22/7/2021,Sarawak,,34.6799338,13.90222941,,,0,0,
23/7/2021,Sarawak,,29.62250474,6.529847163,,,0.348500056,0,
24/7/2021,Sarawak,,23.29907574,5.349414863,,,0.183457289,0,
25/7/2021,Sarawak,,36.15931833,9.684922746,,,0,0,
26/7/2021,Sarawak,,29.46593002,7.625787363,,,0.188884167,0,
27/7/2021,Sarawak,,27.44329209,9.523235996,,,0,0,
28/7/2021,Sarawak,,36.72864711,13.57536266,,,0,0,
29/7/2021,Sarawak,,42.58742251,15.51905837,,,0,0,
30/7/2021,Sarawak,,37.98905286,15.32547912,,,0.44957459,0,
31/7/2021,Sarawak,,40.05021501,9.707533585,,,0,0,
1/8/2021,Sarawak,,51.84476894,14.72018178,,,0,0,
2/8/2021,Sarawak,,37.59665898,9.538069316,,,0.25403148,0,
3/8/2021,Sarawak,,50.3131044,9.378107096,,,0.270500561,0,
4/8/2021,Sarawak,,52.17257433,13.4019218,,,0,0,
5/8/2021,Sarawak,,53.96540185,18.85798177,,,0,0,
6/8/2021,Sarawak,,57.49784785,12.77960715,,,0.321217027,0,
7/8/2021,Sarawak,,48.39855697,16.45714286,,,0.343252177,0,
8/8/2021,Sarawak,,52.41206216,18.08350817,,,0.369099029,0,
9/8/2021,Sarawak,,69.2564377,14.360205,,,0.393502487,0,
10/8/2021,Sarawak,,80.98753644,25.13394363,,,0.426250192,0,
11/8/2021,Sarawak,,65.29002278,22.34524393,,,0.900552038,0,
12/8/2021,Sarawak,,135.5805531,34.38208663,,,0.479083226,0.074743667,
13/8/2021,Sarawak,,84.60407308,22.9831885,,,0,0.073428717,
14/8/2021,Sarawak,,77.78162542,26.28189019,,,1.598252577,0,
15/8/2021,Sarawak,,110.2841439,29.39774296,,,0,0,
16/8/2021,Sarawak,,175.8803754,51.62285893,,,0.649005075,0,
17/8/2021,Sarawak,,94.81887519,30.10512217,,,1.384217156,0,
18/8/2021,Sarawak,,159.1811839,48.68761983,,,2.975349232,0,
19/8/2021,Sarawak,,117.4046387,40.53715366,,,0,0.066129125,
20/8/2021,Sarawak,,241.1520373,87.34723197,,,0.858192304,0,
21/8/2021,Sarawak,,172.3565846,70.24595717,,,0,0.128420397,
22/8/2021,Sarawak,,161.5084893,63.5201859,,,2.018856116,0,
23/8/2021,Sarawak,,146.422629,57.22220622,,,2.218524681,0,
24/8/2021,Sarawak,,139.5885173,52.81367818,,,0,0.372364359,
25/8/2021,Sarawak,,145.2340306,64.54933387,,,0,0.122834127,
26/8/2021,Sarawak,,149.9881588,74.07407407,,,0,0,
27/8/2021,Sarawak,,164.8189105,87.2867961,,,1.408708637,0.12097962,
28/8/2021,Sarawak,,197.4461707,86.86633577,,,0,0.119486019,
29/8/2021,Sarawak,,176.9806214,94.89024322,,,2.974464225,0.059158506,
30/8/2021,Sarawak,,148.8456865,75.77755704,,,1.518833536,0.176226877,
31/8/2021,Sarawak,,169.7426085,85.73533211,,,0,0.174970066,
1/9/2021,Sarawak,,143.4787355,96.83274071,,,4.678654419,0.289744885,
2/9/2021,Sarawak,,158.0283174,112.0413003,,,1.59624563,0.057604782,
3/9/2021,Sarawak,,102.2229434,98.91321396,,,1.622586403,0.17172433,
4/9/2021,Sarawak,,109.4001227,103.7389827,,,4.972732848,0.398121096,
5/9/2021,Sarawak,,168.0090067,138.6687237,,,1.732051615,0.226213252,
6/9/2021,Sarawak,,152.0925842,142.1132225,,,0,0.225040732,
7/9/2021,Sarawak,,125.1882359,118.2292975,,,3.62864452,0.392602032,
8/9/2021,Sarawak,,116.5435441,120.4240808,0,,5.639203744,0.279795727,0
9/9/2021,Sarawak,,119.4052846,117.5913675,0,,0,0.167270793,0
10/9/2021,Sarawak,,140.773472,140.8431894,0,,0,0.222588999,0
11/9/2021,Sarawak,,137.5070776,139.0255878,0,,2.022162905,0.444348663,0
12/9/2021,Sarawak,,220.8543793,198.3040399,0,,0,0.332911091,0
13/9/2021,Sarawak,,130.6484727,128.1806877,0,,0,0.166252513,0
14/9/2021,Sarawak,,80.46585495,80.97820789,0,,4.235044997,0.276943255,0
15/9/2021,Sarawak,,153.8028291,174.954754,0,,0,0.221251665,0
16/9/2021,Sarawak,,138.2940757,140.4610016,0,,2.230549607,0.442048786,0
17/9/2021,Sarawak,,176.2313601,132.4903102,0,,0,0.551813037,0
18/9/2021,Sarawak,,126.9602426,118.0014455,0,,4.702231209,0.385625639,0
19/9/2021,Sarawak,,118.0210993,105.5216966,0,,0,0.275226126,0
20/9/2021,Sarawak,,128.687629,137.6240829,0,,2.428068472,0.219846778,0
21/9/2021,Sarawak,,156.7905229,146.3129253,0,,0,0.439048538,0
22/9/2021,Sarawak,,39.79406571,72.57924376,0,,4.974258214,0.493363439,0
23/9/2021,Sarawak,,85.77411135,73.21241512,0,,2.522767981,0.164276175,0
24/9/2021,Sarawak,,122.4833499,113.6246256,0,,2.551736457,0.437227996,0
25/9/2021,Sarawak,,96.38177603,107.6610794,0,,10.41965146,0.709733282,0
26/9/2021,Sarawak,,118.1257383,119.2894342,0,,0,0.327268681,0
27/9/2021,Sarawak,,94.67455621,109.8640596,0,,2.629848784,0.762944858,0
28/9/2021,Sarawak,,77.17281388,94.46340972,0,,0,0.544457693,0
29/9/2021,Sarawak,,72.15585665,122.5392882,0,,5.34487827,0.924619573,0
30/9/2021,Sarawak,,72.99862114,104.2158775,0,,0,0.48927642,0
1/10/2021,Sarawak,,88.12028419,98.96883486,0,,2.753758881,0.32573396,0
2/10/2021,Sarawak,,80.06176193,87.60448123,0,,0,0.813663912,0
3/10/2021,Sarawak,,44.48530502,60.13649738,0,,2.965687001,0.704936398,0
4/10/2021,Sarawak,,51.73305742,49.47045481,0,,3.043121025,0.758583097,0
5/10/2021,Sarawak,,84.15147265,59.10082243,0,,6.233442419,0.325027438,0
6/10/2021,Sarawak,,66.23352047,62.80291579,0,,6.30795433,0.216561779,0
7/10/2021,Sarawak,,47.91413786,62.33519996,0,,0,0.48699375,0
8/10/2021,Sarawak,,44.8775484,58.71600108,0,,0,0.540662993,0
9/10/2021,Sarawak,,52.33033524,50.31999952,0,,0,0.43239527,0
10/10/2021,Sarawak,,82.52459233,49.49930587,0,,0,0.702501066,0
11/10/2021,Sarawak,,26.50059626,44.884661,961.5384615,,0,0.918218095,0
12/10/2021,Sarawak,,43.43613218,36.71783585,0,,0,0.917945896,0
13/10/2021,Sarawak,,97.91012526,97.630741,0,,6.752422432,0.593663986,0
14/10/2021,Sarawak,,0,0,0,,0,0.323602603,0
15/10/2021,Sarawak,,44.73349162,42.51107362,0,,6.882075634,0.592676565,0
16/10/2021,Sarawak,,55.43621371,44.09216177,0,,0,0.538365834,0
17/10/2021,Sarawak,,24.20051858,31.47838646,0,,10.37165082,0.430473661,0
18/10/2021,Sarawak,,27.8183462,30.92345504,0,,0,0.322679531,0
19/10/2021,Sarawak,,20.99958001,32.47217554,0,,0,0.5376188,0
20/10/2021,Sarawak,,21.09778825,34.71839672,40.58441558,,3.516298041,0.429949185,0
21/10/2021,Sarawak,,35.45973547,31.97066651,138.8888889,,0,0.429857701,0
22/10/2021,Sarawak,,39.26047541,34.04269942,77.53941587,,0,0.322170657,0
23/10/2021,Sarawak,,28.03574558,25.92514664,49.02922142,,0,0.536752518,0
24/10/2021,Sarawak,,24.58814851,32.62698767,88.58965273,,3.512592645,0.214651235,0
25/10/2021,Sarawak,,27.9105467,21.29923167,38.13591641,,3.488818337,0.321902746,0
26/10/2021,Sarawak,,34.43644754,31.43333317,35.80123156,,0,0.536405003,0
27/10/2021,Sarawak,,33.90290209,34.47026135,81.76614881,,0,0.697995946,0
28/10/2021,Sarawak,,13.53317319,28.64634979,70.36155012,,0,0.483709471,0
29/10/2021,Sarawak,,26.62406816,23.61836594,57.27650231,,0,0.484203402,0
30/10/2021,Sarawak,,26.84113404,27.4130041,31.13325031,,0,0.538565896,0
31/10/2021,Sarawak,,10.11054193,27.2624463,49.42804689,,0,0.269391762,0
1/11/2021,Sarawak,,20.35209118,21.29791086,33.00825206,,3.392015196,0.32351257,0
2/11/2021,Sarawak,,6.760182525,22.16815326,28.50922662,,6.760182525,0.431496901,0
3/11/2021,Sarawak,,46.97828932,23.15638223,28.84850099,,0,0.701708552,0
4/11/2021,Sarawak,,20.02068804,23.28891329,41.81913225,,0,0.162103805,0
5/11/2021,Sarawak,,13.3426732,21.47299325,21.98980223,,0,0.486793298,1.374362639
6/11/2021,Sarawak,,20.02737074,20.27440925,36.73263235,,0,0.108419301,0
7/11/2021,Sarawak,,0,18.45659443,27.01326767,,0,0.271420506,0
8/11/2021,Sarawak,,13.34400854,16.0006618,12.49241532,,6.67200427,0.380968138,0
9/11/2021,Sarawak,,9.964129135,18.33630753,13.03221256,,0,0.272861719,0
10/11/2021,Sarawak,,3.29218107,20.42432214,22.50418644,,0,0.328541375,0
11/11/2021,Sarawak,,3.281378179,17.85878661,17.28309713,,0,0.496077406,0.595968867
12/11/2021,Sarawak,,13.14924392,22.78381549,15.24799016,,0,0.388991972,0
13/11/2021,Sarawak,,3.293373732,25.81753666,19.18621662,,0,0.33602,0
14/11/2021,Sarawak,,0,0.056280733,0,,0,0.112561466,0
15/11/2021,Sarawak,,3.299241175,12.37786089,8.999243245,,0,0.227116714,0
16/11/2021,Sarawak,,3.273429572,11.35982889,11.28940001,,0,0.401610112,0
17/11/2021,Sarawak,,6.468723721,12.9465846,7.534659433,,0,0.232225733,0
18/11/2021,Sarawak,,3.207801373,13.48247688,9.093075466,,0,0.058619465,0
19/11/2021,Sarawak,,9.53167694,13.12485598,8.972867207,,0,0.059388489,0.289447329
20/11/2021,Sarawak,,3.16626033,12.0665135,6.001664098,,0,0.060032405,0
21/11/2021,Sarawak,,0,11.13987567,6.009725303,,0,0.181628408,0
22/11/2021,Sarawak,,9.527439024,7.116245714,2.244344252,,0,0.122693892,0
23/11/2021,Sarawak,,15.7768522,9.820026265,4.507175898,,0,0.12430413,0
24/11/2021,Sarawak,,6.257626482,8.276357038,5.661821657,,0,0.189534894,0
25/11/2021,Sarawak,,3.109162702,7.904198543,3.897284892,,0,0,0
26/11/2021,Sarawak,,6.20578379,6.797358965,3.082360677,,0,0,0
27/11/2021,Sarawak,,12.39003841,5.897285195,3.770993518,,0,0.132523263,0.198473343
28/11/2021,Sarawak,,0,7.567523404,2.910716677,,0,0.066969234,0
29/11/2021,Sarawak,,0,4.67754433,1.873876845,,0,0,0
30/11/2021,Sarawak,,6.206168932,4.055858103,1.987442974,,0,0.068743358,0.180676634
1/12/2021,Sarawak,,3.102891895,6.690720737,1.567073351,,0,0,0
2/12/2021,Sarawak,,3.092241566,4.312148666,2.350255171,,0,0.212072885,0
3/12/2021,Sarawak,,6.135910416,5.539038351,2.2742225,,0,0.071935563,0
4/12/2021,Sarawak,,0,5.898892974,0.952863434,,0,0.145651678,0
5/12/2021,Sarawak,,0,3.23111505,1.562258338,,0,0,0
6/12/2021,Sarawak,,0,3.870069847,1.517819197,,0,0.07442442,0
7/12/2021,Sarawak,,0,3.851998659,1.327222212,,0,0.075529385,0
8/12/2021,Sarawak,,0,2.992440635,1.573084805,,0,0.306916988,0
9/12/2021,Sarawak,,3.013863773,4.601871792,1.527538039,,0,0,0
10/12/2021,Sarawak,,3.004627126,3.960860362,1.750813455,,0,0.158434414,0
11/12/2021,Sarawak,,0,4.085075298,1.182774078,,0,0,0
12/12/2021,Sarawak,,2.997512065,2.584555343,1.29589073,,0,0.080767354,0
13/12/2021,Sarawak,,0,2.131993348,1.273752296,,0,0,0
14/12/2021,Sarawak,,0,2.748852354,1.8694524,,0,0,0
15/12/2021,Sarawak,,2.961471259,1.865258792,2.075588032,,0,0,0
16/12/2021,Sarawak,,2.944467346,2.330159426,0.952171248,,0,0.086302201,0
17/12/2021,Sarawak,,5.873197662,0.967868525,0.695965257,,0,0,0
18/12/2021,Sarawak,,2.931004162,3.12992684,0.341138972,,0,0,0
19/12/2021,Sarawak,,0,1.444576563,0.783921106,,0,0,0
20/12/2021,Sarawak,,2.9315197,2.193134757,0.218800427,,0,0,0
21/12/2021,Sarawak,,0,1.671037668,0.963081862,,0,0,0
22/12/2021,Sarawak,,0,2.545594425,0.627234523,,0,0,0
23/12/2021,Sarawak,,0,2.116115082,1.127398027,,0,0,0
24/12/2021,Sarawak,,2.880931117,1.375421223,0.803923145,,0,0.098244373,0
25/12/2021,Sarawak,,0,0.099931048,0,,0,0,0
26/12/2021,Sarawak,,0,1.823370135,0.396414824,,0,0,0
27/12/2021,Sarawak,,0,1.656002699,0.388988891,,0,0,0
28/12/2021,Sarawak,,2.861066606,1.057247857,0.477357502,,0,0,0
29/12/2021,Sarawak,,0,1.40713961,0.469055032,,0,0,0
30/12/2021,Sarawak,,0,1.215671106,0.462020954,,0,0,0
31/12/2021,Sarawak,,0,0.451701786,0.547758617,,0,0,0
1/1/2022,Sarawak,,5.639521769,1.471950289,0.72985309,,0,0,0
2/1/2022,Sarawak,,2.816187445,0.803036856,0.363914593,,0,0,0
3/1/2022,Sarawak,,0,0.469183445,0.180179531,,0,0,0
4/1/2022,Sarawak,,0,1.559645025,0.62439456,,0,0,0.089199223
5/1/2022,Sarawak,,0,2.208442631,1.323083844,,0,0.245382515,0
6/1/2022,Sarawak,,0,1.376834632,0.348667741,,0,0,0
7/1/2022,Sarawak,,0,0.509001047,0.862614048,,0,0,0
8/1/2022,Sarawak,,0,0.382087241,0.517208385,,0,0,0
9/1/2022,Sarawak,,0,2.301416522,0.342579556,,0,0,0
10/1/2022,Sarawak,,0,0.648162072,0,,0,0,0
11/1/2022,Sarawak,,0,0.657512342,0.663794648,,0,0,0
12/1/2022,Sarawak,,0,1.069610234,0.572458529,,0,0,0
13/1/2022,Sarawak,,0,0.816872223,0.886651303,,0,0,0
14/1/2022,Sarawak,,0,0.553592608,0.634540414,,0,0,0
15/1/2022,Sarawak,,0,0.83125174,0.235444987,,0,0.138541957,0
16/1/2022,Sarawak,,0,0.140000728,0.234189478,,0,0,0
17/1/2022,Sarawak,,0,0.575653042,0.385781632,,0,0,0
18/1/2022,Sarawak,,0,0.886385997,0.458151314,,0,0,0
19/1/2022,Sarawak,,2.681756014,0.909909828,0.755450766,,0,0,0
20/1/2022,Sarawak,,0,0.155844804,0.523034046,,0,0,0
21/1/2022,Sarawak,,0,0.482607626,0.811642795,,0,0,0
22/1/2022,Sarawak,,2.681180792,0.986491641,0.439002119,,0,0,0
23/1/2022,Sarawak,,0,0.997653851,0.364861768,,0,0,0
24/1/2022,Sarawak,,0,0.341010619,0.289753029,,0,0,0
25/1/2022,Sarawak,,0,0.698012062,0.288265227,,0,0,0
26/1/2022,Sarawak,,0,1.431037413,0.286525768,,0,0,0
27/1/2022,Sarawak,,0,1.101968851,0.783666118,,0,0,0
28/1/2022,Sarawak,,0,0.379047038,0.567233475,,0,0,0
29/1/2022,Sarawak,,0,1.1623019,1.483321114,,0,0,0
30/1/2022,Sarawak,,2.580578566,0.780350768,0.775678666,,0,0,0
31/1/2022,Sarawak,,0,0.79591853,0.491098145,,0,0,0
1/2/2022,Sarawak,,0,0.403624548,0.978396994,,0,0,0
2/2/2022,Sarawak,,0,0.615625814,0.974994864,,0,0,0
3/2/2022,Sarawak,,0,0.833632051,0.970671171,,0,0,0
4/2/2022,Sarawak,,0,0,1.242014879,,0,0,0
5/2/2022,Sarawak,,0,2.137291026,1.515557543,,0,0,0
6/2/2022,Sarawak,,0,2.148149262,2.959981056,,0,0,0
7/2/2022,Sarawak,,2.594033722,2.836464718,3.917210781,,0,0,0
8/2/2022,Sarawak,,0,3.754093618,6.528401985,,0,0,0
9/2/2022,Sarawak,,2.591949405,9.153420254,7.421660253,,0,0,0
10/2/2022,Sarawak,,2.585181738,12.45533066,9.196203752,,0,0,0
11/2/2022,Sarawak,,0,8.511852179,10.00525619,,0,0,0
12/2/2022,Sarawak,,0,9.94534685,7.94287702,,0,0,0
13/2/2022,Sarawak,,0,6.956215262,9.9254564,,0,0,0
14/2/2022,Sarawak,,2.570760174,8.626156371,9.155563269,,0,0,0
15/2/2022,Sarawak,,0,10.02644183,14.37838037,,0,0,0
16/2/2022,Sarawak,,2.566998665,8.860989726,16.30105882,,0,0.23318394,0
17/2/2022,Sarawak,,0,10.30244707,12.59941514,,0,0,0
18/2/2022,Sarawak,,2.575527339,14.35081388,16.6229582,,0,0,0
19/2/2022,Sarawak,,5.141784713,8.728473697,17.41219664,,0,0.235904695,0
20/2/2022,Sarawak,,5.142445747,14.64184166,12.34121643,,0,0,0
21/2/2022,Sarawak,,0,7.839597092,13.39142115,,0,0,0
22/2/2022,Sarawak,,0,10.54730948,20.89128538,,0,0,0
23/2/2022,Sarawak,,2.54621378,15.03197932,19.70879253,,0,0.242451279,0
24/2/2022,Sarawak,,2.544140844,14.4400091,19.00175231,,0,0,0
25/2/2022,Sarawak,,0,11.35230649,20.75883903,,0,0.246789272,0.066748679
26/2/2022,Sarawak,,5.081300813,14.87239485,21.20453777,,0,0,0
27/2/2022,Sarawak,,7.617499937,17.39575593,21.25857424,,0,0,0
28/2/2022,Sarawak,,2.534468775,17.02941832,18.62440169,,0,0,0
1/3/2022,Sarawak,,10.12837718,40.82064618,53.25966411,,0,0.251979297,0
2/3/2022,Sarawak,,15.17872954,44.93720216,57.75969315,,0,0.253882498,0.066314229
3/3/2022,Sarawak,,22.7537038,35.26823022,50.710577,,0,0,0
4/3/2022,Sarawak,,25.27869764,38.16095155,57.25606736,,0,0,0
5/3/2022,Sarawak,,15.1503674,41.67249046,64.59696836,,0,0,0
6/3/2022,Sarawak,,5.013033888,34.76420014,57.81977898,,0,0.518868659,0
7/3/2022,Sarawak,,2.502690392,22.47373056,39.27809881,,0,0.261322448,0
8/3/2022,Sarawak,,27.50825248,56.01209651,87.12574339,,0,0,0.065656174
9/3/2022,Sarawak,,14.98726083,56.06137134,78.43893404,,0,0.264440431,0.065584393
10/3/2022,Sarawak,,7.48988865,55.10727283,87.90379578,,0,1.064874837,0.065502083
11/3/2022,Sarawak,,24.95321273,49.73920525,75.4126603,,0,0,0
12/3/2022,Sarawak,,22.45957277,34.53392689,61.71185011,,0,0.269796304,0
13/3/2022,Sarawak,,14.97603834,43.03997575,61.30414437,,0,0,0.065356231
14/3/2022,Sarawak,,9.979790923,27.84435551,42.89656965,,0,0.272983878,0
15/3/2022,Sarawak,,9.965618616,41.84780065,84.06808667,,0,0.275314478,0
16/3/2022,Sarawak,,19.9252802,47.56913427,67.31448441,,2.490660025,0,0
17/3/2022,Sarawak,,14.95140792,47.26055578,63.78132118,,0,0.278003269,0
18/3/2022,Sarawak,,22.42320054,36.08119107,56.16268458,,0,0.279699156,0.065003107
19/3/2022,Sarawak,,19.92180691,31.39224612,50.35940369,,0,0.560575823,0.064979876
20/3/2022,Sarawak,,9.948269001,22.16660307,37.226744,,0,0.841769737,0
21/3/2022,Sarawak,,7.460830639,23.94905894,33.55926878,,0,0.845260904,0
22/3/2022,Sarawak,,12.43595483,39.06415863,63.9440509,,0,0,0.064851979
23/3/2022,Sarawak,,17.40860482,36.93339205,54.50022131,,0,0.284103016,0
24/3/2022,Sarawak,,4.963394962,43.69967754,58.54349737,,0,0,0.194281518
25/3/2022,Sarawak,,7.436787308,29.85828797,41.15085217,,0,0,0.064702598
26/3/2022,Sarawak,,9.905403398,26.43176869,37.44950138,,0,0.861905501,0.064679622
27/3/2022,Sarawak,,2.475186258,17.24836787,27.60948421,,0,0,0.064659214
28/3/2022,Sarawak,,2.474757474,11.83090463,19.25777436,,0,0.28855865,0.064623404
29/3/2022,Sarawak,,7.418397626,22.01813599,35.90594708,,0,0.289712316,0
30/3/2022,Sarawak,,19.77408112,28.1904629,40.59803684,,0,0.290623329,0
31/3/2022,Sarawak,,4.941199723,18.65475871,26.90175055,,0,0.58296121,0
1/4/2022,Sarawak,,9.873130276,23.11759834,27.52624179,,0,0.585255654,0.064464266
2/4/2022,Sarawak,,14.81042654,17.58525184,23.1306385,,0,0.293087531,0
3/4/2022,Sarawak,,4.939247259,13.79464181,14.42977274,,0,0,0.128837257
4/4/2022,Sarawak,,4.932182491,7.649151091,13.51249616,,0,0,0
5/4/2022,Sarawak,,7.396449704,13.86819315,20.7600225,,2.465483235,0.295067939,0
6/4/2022,Sarawak,,2.460266693,10.64830426,17.91319612,,0,0,0
7/4/2022,Sarawak,,2.460266693,12.15300935,17.2519503,,0,0,0.064133644
8/4/2022,Sarawak,,2.45839172,17.5471468,18.00760293,,0,0.892227804,0.128167992
9/4/2022,Sarawak,,2.458089573,19.07919057,22.23200345,,0,0,0
10/4/2022,Sarawak,,2.44170431,3.282073316,6.022155124,,0,0.298370301,0
11/4/2022,Sarawak,,2.419081717,7.796733169,14.0250658,,0,0.299874353,0.128082793
12/4/2022,Sarawak,,4.838631635,8.138609564,8.512250601,,0,0,0
13/4/2022,Sarawak,,7.263394911,3.634524347,7.805197622,,0,0,0
14/4/2022,Sarawak,,0,0,0,,0,0,0
15/4/2022,Sarawak,,0,0,0,,0,0,0
16/4/2022,Sarawak,,7.260582299,3.058319087,4.345872667,,0,0.305831909,0
17/4/2022,Sarawak,,0,5.506405785,4.409447209,,0,0,0
18/4/2022,Sarawak,,4.786979416,3.370820948,3.641467499,,0,0,0.063885395
19/4/2022,Sarawak,,0,1.843816454,6.450706384,,0,0,0
20/4/2022,Sarawak,,0,3.078523909,5.363409289,,0,0,0
21/4/2022,Sarawak,,2.39308876,4.93117923,5.617066691,,4.786177519,0,0
22/4/2022,Sarawak,,4.792600225,4.633419309,6.76501898,,0,0,0
23/4/2022,Sarawak,,7.176175099,7.423537563,8.423035471,,0,0,0.063810875
24/4/2022,Sarawak,,0,1.237662056,1.339956547,,0,0,0
25/4/2022,Sarawak,,0,0,0,,0,0,0
26/4/2022,Sarawak,,0,1.861071046,4.400844197,,0,0,0
27/4/2022,Sarawak,,0,4.037605638,3.762488752,,0,0,0
28/4/2022,Sarawak,,2.392344498,2.799212488,4.335462811,,0,0,0
29/4/2022,Sarawak,,0,2.801146603,4.397646685,,0,0,0
30/4/2022,Sarawak,,0,0.3114508,0.254910533,,0,0,0
1/5/2022,Sarawak,,2.38840192,2.492173019,2.230244021,,0,0,0
2/5/2022,Sarawak,,0,0.311808176,1.529006203,,0,0,0
3/5/2022,Sarawak,,0,0.312091355,0.891715201,,0,0,0
4/5/2022,Sarawak,,0,0,0,,0,0,0
5/5/2022,Sarawak,,0,0.625113302,1.146134724,,0,0,0
6/5/2022,Sarawak,,0,0.626150552,1.591450473,,0,0,0
7/5/2022,Sarawak,,0,1.566048078,1.527645612,,0,0,0
8/5/2022,Sarawak,,0,0.313356835,1.336664386,,0,0,0
9/5/2022,Sarawak,,2.407550077,3.449703326,3.946259582,,0,0,0
10/5/2022,Sarawak,,0,0,0,,0,0,0
11/5/2022,Sarawak,,0,4.397150646,2.418592099,,0,0,0
12/5/2022,Sarawak,,0,0.6286501,2.736545741,,0,0,0
13/5/2022,Sarawak,,0,0.629350385,2.354492371,,0,0,0
14/5/2022,Sarawak,,0,3.148158642,2.79956454,,0,0,0
15/5/2022,Sarawak,,0,0,0.254500362,,0,0,0.06362509
16/5/2022,Sarawak,,0,1.889156869,1.335973046,,0,0,0
17/5/2022,Sarawak,,0,2.204182909,2.480767689,,0,0,0
18/5/2022,Sarawak,,0,0,0,,0,0,0
19/5/2022,Sarawak,,0,2.835413687,1.780601869,,0,0,0
20/5/2022,Sarawak,,0,2.521312974,1.716736014,,0,0,0
21/5/2022,Sarawak,,0,1.576729988,2.67019811,,0,0,0
22/5/2022,Sarawak,,0,0.943473366,2.225116993,,0,0,0.063574771
23/5/2022,Sarawak,,0,0,0,,0,0,0
24/5/2022,Sarawak,,0,0.944450566,1.207754035,,0,0,0
25/5/2022,Sarawak,,0,0.944926532,2.288077907,,0,0,0
26/5/2022,Sarawak,,0,4.412561933,3.240988463,,0,0,0
27/5/2022,Sarawak,,2.283782858,1.577013452,2.795656566,,0,0,0
28/5/2022,Sarawak,,0,0.315557954,0.127071019,,0,0,0.06353551
29/5/2022,Sarawak,,0,0.315590818,1.969582029,,0,0,0
30/5/2022,Sarawak,,0,1.578168252,2.160038525,,0,0,0
31/5/2022,Sarawak,,0,0,0,,0,0,0
1/6/2022,Sarawak,,0,0,1.016219498,,0,0,0.063513719
2/6/2022,Sarawak,,0,0.948460648,0.571565384,,0,0,0
3/6/2022,Sarawak,,0,1.265586489,1.079528208,,0,0,0
4/6/2022,Sarawak,,0,0.316439674,1.396938039,,0,0,0
5/6/2022,Sarawak,,0,1.265798751,1.269933189,,0,0,0
6/6/2022,Sarawak,,0,0.63310974,0.95239486,,0,0,0
7/6/2022,Sarawak,,4.247998131,1.900273639,2.476152744,,0,0,0
8/6/2022,Sarawak,,0,0,0.126982111,,0,0,0
9/6/2022,Sarawak,,0,0.951323926,3.555483317,,0,0,0
10/6/2022,Sarawak,,0,1.586208866,3.68232225,,0,0,0
11/6/2022,Sarawak,,0,0,0.444405788,,0,0,0
12/6/2022,Sarawak,,0,0.633548951,2.602908528,,0,0,0
13/6/2022,Sarawak,,4.338583019,1.901146708,3.87259542,,0,0,0
14/6/2022,Sarawak,,2.170233083,3.168969451,4.189797842,,0,0,0.063481785
15/6/2022,Sarawak,,0,0,0.12695664,,0,0,0
16/6/2022,Sarawak,,0,1.90142385,1.713771039,,0,0,0
17/6/2022,Sarawak,,0,0.633912412,0.888558289,,0,0,0
18/6/2022,Sarawak,,0,1.267961467,2.665553058,,0,0,0
19/6/2022,Sarawak,,0,0,0,,0,0,0
20/6/2022,Sarawak,,0,1.268045878,1.396158786,,0,0,0
21/6/2022,Sarawak,,0,2.219277277,2.221074315,,0,0,0
22/6/2022,Sarawak,,0,3.488121361,3.870855567,,0,0,0
23/6/2022,Sarawak,,0,4.123802908,4.56860039,,0,0,0
24/6/2022,Sarawak,,0,0,0,,0,0,0
25/6/2022,Sarawak,,0,0.316001694,1.649622681,,0,0,0
26/6/2022,Sarawak,,0,1.580033434,1.903376971,,0,0,0
27/6/2022,Sarawak,,2.208578117,1.580293113,3.616267111,,0,0,0
28/6/2022,Sarawak,,0,0,0,,0,0,0
29/6/2022,Sarawak,,0,1.896921297,2.029976408,,0,0,0
30/6/2022,Sarawak,,2.208822035,3.162305321,3.298527525,,0,0,0
1/7/2022,Sarawak,,0,2.210307612,2.790891798,,0,0,0.063429359
2/7/2022,Sarawak,,0,0,0.126850994,,0,0,0
3/7/2022,Sarawak,,0,0.943639555,2.219810733,,0,0,0
4/7/2022,Sarawak,,0,0.314592037,0.507370508,,0,0,0
5/7/2022,Sarawak,,0,1.573361108,4.756251617,,0,0,0.063416688
6/7/2022,Sarawak,,0,0,0,,0,0,0
7/7/2022,Sarawak,,0,2.833208987,2.473083028,,0,0,0
8/7/2022,Sarawak,,0,0.629724905,2.916819905,,0,0,0.063409128
9/7/2022,Sarawak,,0,0.942258405,2.029041931,,0,0,0
10/7/2022,Sarawak,,0,0.939781908,2.282651909,,0,0,0
11/7/2022,Sarawak,,0,1.879787584,1.0144843,,0,0,0
12/7/2022,Sarawak,,2.268602541,0.626800092,2.662977386,,0,0,0.063404223
13/7/2022,Sarawak,,0,2.507467552,3.74072111,,0,0,0
14/7/2022,Sarawak,,0,0,0,,0,0,0
15/7/2022,Sarawak,,2.267008229,2.194790821,3.296551427,,0,0,0
16/7/2022,Sarawak,,0,1.881426247,3.423072778,,0,0,0
17/7/2022,Sarawak,,2.30345749,0.937605481,1.965063703,,0,0,0
18/7/2022,Sarawak,,0,0.937716847,1.774874871,,0,0.625144565,0
19/7/2022,Sarawak,,0,2.813308826,5.0708782,,0,0,0
20/7/2022,Sarawak,,0,1.870779055,4.183318068,,0,0,0
21/7/2022,Sarawak,,0,1.247298818,4.943692609,,0,0,0
22/7/2022,Sarawak,,0,0,0.126752753,,0,0,0
23/7/2022,Sarawak,,2.335084647,4.050702329,4.436073644,,0,0.311592487,0
24/7/2022,Sarawak,,0,0,0,,0,0,0
25/7/2022,Sarawak,,0,0.622546777,1.96445851,,0,0,0
26/7/2022,Sarawak,,2.317228595,4.980901356,7.160532161,,0,0,0
27/7/2022,Sarawak,,0,0,0,,0,0,0
28/7/2022,Sarawak,,2.336503189,1.244167963,3.041312428,,0,0,0
29/7/2022,Sarawak,,2.351945059,1.864848232,3.864964477,,0,0,0.063360073
30/7/2022,Sarawak,,0,1.863325104,3.801500833,,0,0,0
31/7/2022,Sarawak,,0,0.620657338,2.724376134,,0,0,0
1/8/2022,Sarawak,,0,4.034698406,7.095824677,,0,0,0
2/8/2022,Sarawak,,0,0.31039417,0.886943245,,0,0,0
3/8/2022,Sarawak,,2.357600905,4.346004005,7.792153491,,0,0,0
4/8/2022,Sarawak,,0,0,0.063345986,,0,0,0
5/8/2022,Sarawak,,0,2.792273469,7.664014664,,0,0,0
6/8/2022,Sarawak,,0,0.309909352,0.569947071,,0,0,0.063327452
7/8/2022,Sarawak,,2.347583163,3.099227982,5.636107565,,0,0,0
8/8/2022,Sarawak,,0,2.789400279,4.812676082,,0,0,0
9/8/2022,Sarawak,,0,0,0.126644719,,0,0,0.06332236
10/8/2022,Sarawak,,2.347748509,2.477593266,3.799245343,,0,0,0
11/8/2022,Sarawak,,4.695607259,4.952609716,6.901678311,,0,0.309538107,0
12/8/2022,Sarawak,,0,6.813001685,9.180265595,,0,0,0
13/8/2022,Sarawak,,0,0.929857732,0.253237323,,0,0,0.063309331
14/8/2022,Sarawak,,0,4.025303678,4.747959327,,0,0,0.063306124
15/8/2022,Sarawak,,4.776575673,2.475370068,3.924872869,,0,0,0
16/8/2022,Sarawak,,2.388344877,3.713652625,6.963268128,,0,0,0.063302438
17/8/2022,Sarawak,,0,0,0,,0,0,0
18/8/2022,Sarawak,,2.388630121,7.731512408,7.342464574,,0,0,0
19/8/2022,Sarawak,,0,5.878549174,5.126757497,,0,0,0
20/8/2022,Sarawak,,0,3.094624328,3.60751274,,0,0,0.063289697
21/8/2022,Sarawak,,0,0.928617196,3.037668994,,0,0,0
22/8/2022,Sarawak,,0,3.095754791,3.670368043,,0,0,0
23/8/2022,Sarawak,,0,2.786567506,7.530191957,,0,0,0
24/8/2022,Sarawak,,0,2.787093897,5.125229607,,0,0,0
25/8/2022,Sarawak,,0,4.026413271,6.327035613,,0,0,0
26/8/2022,Sarawak,,0,6.505898681,7.591558946,,0,0,0
27/8/2022,Sarawak,,0,0,0,,0,0,0
28/8/2022,Sarawak,,0,0.309295888,2.65671621,,0,0,0
29/8/2022,Sarawak,,0,0.928059891,2.213811145,,0,0,0.063251747
30/8/2022,Sarawak,,2.449479486,2.784799943,6.008539716,,0,0.309422216,0
31/8/2022,Sarawak,,0,3.404761094,4.680037238,,0,0,0
1/9/2022,Sarawak,,2.449959576,3.096176532,2.276656805,,0,0,0
2/9/2022,Sarawak,,2.449959576,5.576035439,6.639745135,,0,0,0
3/9/2022,Sarawak,,4.886152643,3.71948857,6.575740198,,0,0,0
4/9/2022,Sarawak,,0,1.856786089,4.868530703,,0,0,0
5/9/2022,Sarawak,,0,3.404982418,7.650098408,,0,0,0
6/9/2022,Sarawak,,0,3.09636827,5.373923951,,0,0,0
7/9/2022,Sarawak,,0,0,0,,0,0,0
8/9/2022,Sarawak,,0,0,0,,0,0,0
9/9/2022,Sarawak,,0,4.02882157,3.792880889,,0,0,0
10/9/2022,Sarawak,,0,1.238390093,4.171899978,,0,0,0
11/9/2022,Sarawak,,0,0.928835704,3.602993139,,0,0,0.063210406
12/9/2022,Sarawak,,0,1.238796633,2.844410733,,0,0,0
13/9/2022,Sarawak,,0,2.477777434,7.016097836,,0,0,0
14/9/2022,Sarawak,,0,6.194577886,5.182994469,,0,0,0
15/9/2022,Sarawak,,0,5.26628832,8.785591125,,0,0,0
16/9/2022,Sarawak,,0,0,0,,0,0,0
17/9/2022,Sarawak,,0,1.859721228,2.844092535,,0,0,0
18/9/2022,Sarawak,,0,3.71948857,4.044900928,,0,0,0
19/9/2022,Sarawak,,0,0.619976255,0.948008077,,0,0,0
20/9/2022,Sarawak,,2.445765158,5.890157856,9.100687734,,0,0,0
21/9/2022,Sarawak,,0,0,0,,0,0.310025608,0
22/9/2022,Sarawak,,0,3.720711028,5.498054194,,0,0,0
23/9/2022,Sarawak,,2.445645528,1.550642431,5.49773108,,0,0,0
24/9/2022,Sarawak,,2.445585718,2.791268911,4.928972246,,0,0,0.063191952
25/9/2022,Sarawak,,0,0,0,,0,0,0
26/9/2022,Sarawak,,2.445466106,1.240683244,2.717221306,,0,0,0
27/9/2022,Sarawak,,0,2.481597404,7.519637945,,0,0,0
28/9/2022,Sarawak,,0,2.791987616,2.527567867,,0,0,0
29/9/2022,Sarawak,,0,0,0.252747524,,0,0,0
30/9/2022,Sarawak,,2.44510734,3.413827242,4.48613248,,0,0,0
1/10/2022,Sarawak,,0,4.034610753,5.054314932,,0,0,0
2/10/2022,Sarawak,,0,2.482860504,2.021715754,,0,0,0
3/10/2022,Sarawak,,0,3.414081534,2.716632488,,0,0,0
4/10/2022,Sarawak,,0,0.310392243,0.631767813,,0,0,0
5/10/2022,Sarawak,,2.444031675,4.345815135,6.380798472,,0,0,0
6/10/2022,Sarawak,,2.443852489,1.241881202,1.958441864,,0,0,0
7/10/2022,Sarawak,,0,0.310506934,0.315856967,,0,0,0
8/10/2022,Sarawak,,2.443852489,2.79585592,3.221710539,,0,0,0
9/10/2022,Sarawak,,0,1.242633513,1.452927364,,0,0,0
10/10/2022,Sarawak,,0,0,0,,0,0,0
11/10/2022,Sarawak,,0,1.242776362,3.095292692,,0,0,0
12/10/2022,Sarawak,,0,1.553533201,6.190487621,,0,0,0
13/10/2022,Sarawak,,0,0.310722087,0.063167283,,0,0,0
14/10/2022,Sarawak,,0,2.486541594,2.716150293,,0,0,0
15/10/2022,Sarawak,,0,7.14909595,4.800188976,,0,0,0
16/10/2022,Sarawak,,0,0.932493675,1.768488441,,0,0,0
17/10/2022,Sarawak,,2.443553905,2.486773474,3.473812193,,0,0,0
18/10/2022,Sarawak,,0,3.73038053,3.726441312,,0,0,0
19/10/2022,Sarawak,,0,1.243556821,1.70530229,,0,0,0
20/10/2022,Sarawak,,0,0,0,,0,0,0
21/10/2022,Sarawak,,0,4.353003728,3.852586159,,0,0,0
22/10/2022,Sarawak,,0,3.110719852,3.852335557,,0,0,0
23/10/2022,Sarawak,,0,0.31107392,0.126305446,,0,0,0
24/10/2022,Sarawak,,0,1.244299553,3.915429254,,0,0,0
25/10/2022,Sarawak,,0,2.177551312,3.031256039,,0,0,0
26/10/2022,Sarawak,,0,2.177639377,3.283839971,,0,0,0
27/10/2022,Sarawak,,0,1.244450528,2.968039269,,0,0.311112632,0
28/10/2022,Sarawak,,0,0,0,,0,0,0
29/10/2022,Sarawak,,0,1.556211931,2.399423128,,0,0,0
30/10/2022,Sarawak,,0,0.933744596,2.083700349,,0,0,0
31/10/2022,Sarawak,,0,3.11260793,1.452268665,,0,0,0
1/11/2022,Sarawak,,0,1.556405699,2.273098947,,0,0,0
2/11/2022,Sarawak,,0,1.556454148,4.798734144,,0,0,0
3/11/2022,Sarawak,,0,5.603618692,6.12464215,,0,0,0
4/11/2022,Sarawak,,0,0,0,,0,0,0
5/11/2022,Sarawak,,4.888899753,3.114711718,5.050807971,,0,0,0
6/11/2022,Sarawak,,0,2.180345741,3.283018963,,0,0,0
7/11/2022,Sarawak,,2.44427063,4.049024341,5.871542025,,0,0,0.06313486
8/11/2022,Sarawak,,0,1.868838673,3.598648423,,0,0,0
9/11/2022,Sarawak,,0,0,0,,0,0,0
10/11/2022,Sarawak,,0,1.557472285,2.840996975,,0,0,0
11/11/2022,Sarawak,,2.443971943,5.607267018,6.060651975,,0,0,0
12/11/2022,Sarawak,,0,2.804603289,4.418940843,,0,0,0
13/11/2022,Sarawak,,0,1.869753006,3.850786444,,0,0,0
14/11/2022,Sarawak,,0,3.116274432,5.744612217,,0,0,0
15/11/2022,Sarawak,,7.330840847,4.674659295,13.63552863,,0,0.311643953,0.063127447
16/11/2022,Sarawak,,0,0,0.568141647,,0,0,0
17/11/2022,Sarawak,,,,,,0,0,0
18/11/2022,Sarawak,,,,,,0,0,0
19/11/2022,Sarawak,,,,,,0,0,0
20/11/2022,Sarawak,,,,,,0,0,0
21/11/2022,Sarawak,,,,,,0,0,0.063118602
22/11/2022,Sarawak,,,,,,0,0,0
23/11/2022,Sarawak,,,,,,0,0,0
24/5/2021,Terengganu,,10.75153209,19.44705539,,,0,0,
25/5/2021,Terengganu,,14.22323365,15.88663299,,,0,0,
26/5/2021,Terengganu,,17.99273094,12.61431725,,,0,0,
27/5/2021,Terengganu,,21.59205412,15.76739933,,,0,0,
28/5/2021,Terengganu,,26.02230483,3.153479865,,,0,0,
29/5/2021,Terengganu,,22.31063846,9.459842967,,,0,0,
30/5/2021,Terengganu,,32.61460409,15.76640494,,,7.247689799,0,
31/5/2021,Terengganu,,14.55710023,12.27445686,,,0,0,
1/6/2021,Terengganu,,25.52694916,20.91862654,,,0,0,
2/6/2021,Terengganu,,17.16679256,14.42085833,,,0,0,
3/6/2021,Terengganu,,12.35444915,5.660110372,,,0,0,
4/6/2021,Terengganu,,8.508465924,16.97937007,,,0,0,
5/6/2021,Terengganu,,14.18158096,14.14947505,,,0,0,
6/6/2021,Terengganu,,5.527304886,5.658188814,,,0,0,
7/6/2021,Terengganu,,10.2163308,5.329780147,,,0,0,
8/6/2021,Terengganu,,7.722007722,2.492149728,,,0,0,
9/6/2021,Terengganu,,10.92597651,19.93670097,,,0,0,
10/6/2021,Terengganu,,2.727322315,2.312245653,,,0,0,
11/6/2021,Terengganu,,2.851765243,4.623208507,,,0,0,
12/6/2021,Terengganu,,11.3481616,2.311604253,,,0,0,
13/6/2021,Terengganu,,2.691717585,4.375697377,,,0,0,
14/6/2021,Terengganu,,5.170898185,2.080862309,,,0,0,
15/6/2021,Terengganu,,4.958718667,4.013485311,,,0,0,
16/6/2021,Terengganu,,14.21598825,3.957339876,,,0,0,
17/6/2021,Terengganu,,8.45362132,1.978239367,,,0,0,
18/6/2021,Terengganu,,2.053345927,1.978161101,,,0,0,
19/6/2021,Terengganu,,0,0,,,0,0,
20/6/2021,Terengganu,,0,0,,,0,0,
21/6/2021,Terengganu,,0,0,,,0,0,
22/6/2021,Terengganu,,3.941818755,0,,,0,0,
23/6/2021,Terengganu,,0,0,,,1.966490993,0,
24/6/2021,Terengganu,,0,3.346720214,,,0,0,
25/6/2021,Terengganu,,3.899851806,1.673360107,,,0,0,
26/6/2021,Terengganu,,5.841007769,0,,,0,0,
27/6/2021,Terengganu,,3.493449782,0,,,0,0,
28/6/2021,Terengganu,,3.442281544,0,,,0,0,
29/6/2021,Terengganu,,0,1.496266814,,,0,0,
30/6/2021,Terengganu,,4.577287499,4.473872584,,,1.5257625,0,
1/7/2021,Terengganu,,4.431445538,2.895696994,,,0,0,
2/7/2021,Terengganu,,0,0,,,0,0,
3/7/2021,Terengganu,,1.377334582,10.06455694,,,0,0,
4/7/2021,Terengganu,,6.414368185,2.782260308,,,0,0,
5/7/2021,Terengganu,,0,0,,,0,0,
6/7/2021,Terengganu,,4.907614163,3.864684513,,,0,0,
7/7/2021,Terengganu,,4.76360605,2.453175022,,,0,0,
8/7/2021,Terengganu,,5.816320596,2.368153077,,,2.326528238,0,
9/7/2021,Terengganu,,4.49105158,5.919821932,,,0,0,
10/7/2021,Terengganu,,10.91571973,3.535901183,,,0,0,
11/7/2021,Terengganu,,10.7340112,7.957439069,,,0,0,
12/7/2021,Terengganu,,4.716758643,3.391209984,,,0,0,
13/7/2021,Terengganu,,6.335701679,2.248555303,,,0,0,
14/7/2021,Terengganu,,8.642146018,5.499279594,,,0.864214602,0,
15/7/2021,Terengganu,,8.286926545,5.45452562,,,0,0,
16/7/2021,Terengganu,,13.54150072,9.815683281,,,0,0,
17/7/2021,Terengganu,,14.0774573,8.566502832,,,0,0,
18/7/2021,Terengganu,,16.70336345,9.266504674,,,0,0,
19/7/2021,Terengganu,,13.84253349,14.80604086,,,0.769029638,0,
20/7/2021,Terengganu,,6.947768222,3.785656149,,,0,0,
21/7/2021,Terengganu,,27.63257881,17.25327812,,,0,0,
22/7/2021,Terengganu,,21.58678272,12.3433932,,,0.770956526,0,
23/7/2021,Terengganu,,13.88032079,16.75100947,,,0,0,
24/7/2021,Terengganu,,37.72480907,14.87066892,,,0.769894063,0,
25/7/2021,Terengganu,,20.74175715,15.32815015,,,0,0,
26/7/2021,Terengganu,,25.93360996,15.66790636,,,0.785866968,0,
27/7/2021,Terengganu,,49.54020497,36.88054711,,,0.774065703,0,
28/7/2021,Terengganu,,51.12396417,27.29811097,,,1.526088483,0,
29/7/2021,Terengganu,,41.4984721,21.99602555,,,1.509035349,0.75848364,
30/7/2021,Terengganu,,80.95903027,39.41782899,,,0.742743397,0,
31/7/2021,Terengganu,,41.84776225,18.10177542,,,0,0,
1/8/2021,Terengganu,,37.43888103,18.19734319,,,0.748777621,0,
2/8/2021,Terengganu,,50.2693537,31.4906726,,,2.250866584,0,
3/8/2021,Terengganu,,59.66046399,30.11759552,,,0,0,
4/8/2021,Terengganu,,51.44266412,31.2922362,,,1.513019533,0,
5/8/2021,Terengganu,,35.92091285,23.26603418,,,0,0,
6/8/2021,Terengganu,,78.46662502,25.65418163,,,3.047247574,0,
7/8/2021,Terengganu,,66.29278552,22.14103841,,,1.523972081,0,
8/8/2021,Terengganu,,63.12049,20.80398485,,,1.558530617,0,
9/8/2021,Terengganu,,42.79644178,25.16586593,,,0.764222175,0,
10/8/2021,Terengganu,,99.09043851,24.76487131,,,0.739480884,0,
11/8/2021,Terengganu,,60.69598058,28.56840546,,,0.674399784,0.529044546,
12/8/2021,Terengganu,,52.16192552,31.62135972,,,1.241950608,0,
13/8/2021,Terengganu,,53.19518005,26.7725445,,,0.578208479,0.505142349,
14/8/2021,Terengganu,,50.06371746,31.88214077,,,0,0,
15/8/2021,Terengganu,,67.63361602,33.57325178,,,0,0,
16/8/2021,Terengganu,,42.90545656,22.61590652,,,0,0,
17/8/2021,Terengganu,,32.29211349,14.5633979,,,0,0,
18/8/2021,Terengganu,,42.9775191,29.393622,,,1.37162295,0.413994676,
19/8/2021,Terengganu,,57.15532286,35.3338446,,,0,0,
20/8/2021,Terengganu,,38.36166195,24.70089999,,,0,0,
21/8/2021,Terengganu,,57.78431156,30.64805308,,,0,0.383100664,
22/8/2021,Terengganu,,33.76789912,20.00649267,,,0.427441761,0.377480994,
23/8/2021,Terengganu,,39.15165853,16.42593955,,,0,0,
24/8/2021,Terengganu,,68.50208768,31.60826575,,,0,0.37186195,
25/8/2021,Terengganu,,57.68129111,27.81519002,,,0.395077336,0,
26/8/2021,Terengganu,,45.30220023,29.83615279,,,0.767833902,0,
27/8/2021,Terengganu,,77.77561734,46.21916483,,,0,0,
28/8/2021,Terengganu,,72.95337718,41.96241874,,,0.374119883,0,
29/8/2021,Terengganu,,70.50357084,45.04051914,,,0.365303476,0.692931064,
30/8/2021,Terengganu,,73.26668351,43.77782417,,,0,0,
31/8/2021,Terengganu,,44.95215806,24.20665945,,,0.713526318,0,
1/9/2021,Terengganu,,115.6006325,74.69280597,,,0.727048003,0.317841728,
2/9/2021,Terengganu,,77.15157863,39.52032209,,,1.118138821,0,
3/9/2021,Terengganu,,85.65605271,51.83479945,,,0,0,
4/9/2021,Terengganu,,89.35693686,48.98104582,,,0,0.296854823,
5/9/2021,Terengganu,,76.08349267,35.22931079,,,0.796685787,0.291151329,
6/9/2021,Terengganu,,44.77718121,23.0469817,,,0.418478329,0,
7/9/2021,Terengganu,,175.43241,61.09672812,,,0,0.278980494,
8/9/2021,Terengganu,,115.018152,55.24589895,,,0.946651457,0.273494549,
9/9/2021,Terengganu,,110.8900062,48.85971624,,,1.012694121,0,
10/9/2021,Terengganu,,144.603726,70.82645114,,,1.63086909,0,
11/9/2021,Terengganu,,103.6150127,44.84778135,,,0.54822758,0.263810479,
12/9/2021,Terengganu,,111.767163,42.42427397,,,0,0.520543239,
13/9/2021,Terengganu,,100.6995019,39.25150208,,,0.599401797,0.256545765,
14/9/2021,Terengganu,,156.1909883,49.79980478,,,0,0,
15/9/2021,Terengganu,,125.3317089,42.53918051,,,0.700177145,0.240334353,
16/9/2021,Terengganu,,176.6988943,57.75627317,,,0,0,
17/9/2021,Terengganu,,134.2418733,43.23071404,,,0,0.459901213,
18/9/2021,Terengganu,,146.641317,50.69483046,0,,0,0,0
19/9/2021,Terengganu,,100.941509,48.45802699,0,,1.835300163,0.428832097,0
20/9/2021,Terengganu,,117.9314243,46.18344562,0,,2.923919612,0.207100653,0
21/9/2021,Terengganu,,148.647517,62.846551,0,,0,0,0
22/9/2021,Terengganu,,85.13425016,47.03948821,0,,0,0.191997911,0
23/9/2021,Terengganu,,127.1137026,49.43015946,0,,0,0.371655334,0
24/9/2021,Terengganu,,140.3534921,55.31792079,0,,0,0.185009769,0
25/9/2021,Terengganu,,96.11810993,51.55826633,0,,1.281574799,0.182830732,0
26/9/2021,Terengganu,,84.61276015,49.86693215,0,,0,0,0
27/9/2021,Terengganu,,69.32509135,55.24060254,0,,0,0.349624067,0
28/9/2021,Terengganu,,76.45610655,37.80756969,0,,1.529122131,0,0
29/9/2021,Terengganu,,94.12986676,37.38957612,0,,1.622928737,0.498527682,0
30/9/2021,Terengganu,,68.2187899,38.23108822,0,,3.498399482,0.325370964,0
1/10/2021,Terengganu,,177.6099312,75.86612472,0,,0,0.162454229,0
2/10/2021,Terengganu,,85.47333232,49.16373606,0,,0,0.320284925,0
3/10/2021,Terengganu,,118.3822388,47.7726402,0,,1.940692439,0.316375101,0
4/10/2021,Terengganu,,62.646512,38.01197377,0,,0,0,0
5/10/2021,Terengganu,,75.52711633,52.61712325,0,,4.195950907,0.154302414,0
6/10/2021,Terengganu,,85.35224214,49.9968752,0,,0,0,0
7/10/2021,Terengganu,,86.24015614,42.81912688,0,,0,0,0
8/10/2021,Terengganu,,76.50754643,43.54047087,0,,2.318410498,0,0
9/10/2021,Terengganu,,82.34239907,45.72323887,0,,0,0,0
10/10/2021,Terengganu,,50.48760396,29.57595475,0,,0,0.147879774,0
11/10/2021,Terengganu,,38.90351927,37.46506933,0,,0,0.146921841,0
12/10/2021,Terengganu,,50.26641198,44.08759124,0,,0,0.145985401,0
13/10/2021,Terengganu,,48.25538233,42.45982981,0,,0,0,0
14/10/2021,Terengganu,,54.68848597,33.69922434,0,,0,0,0
15/10/2021,Terengganu,,77.52689214,35.66744138,0,,0,0,0
16/10/2021,Terengganu,,14.65774173,12.05201304,0,,0,0.286952692,0
17/10/2021,Terengganu,,123.2012616,39.17374844,0,,0,0.142969885,0
18/10/2021,Terengganu,,25.44788274,14.67706886,0,,0,0.427487443,0
19/10/2021,Terengganu,,62.25357958,55.64695979,0,,0,0.28391306,0
20/10/2021,Terengganu,,67.8780284,40.61899384,0,,0,0,0
21/10/2021,Terengganu,,53.20847079,37.56807448,0,,5.320847079,0,0
22/10/2021,Terengganu,,86.83382177,25.91658802,0,,0,0.140851022,0
23/10/2021,Terengganu,,16.2999185,27.60313695,0,,0,0,0
24/10/2021,Terengganu,,10.88080083,19.77077045,0,,0,0.696153889,0
25/10/2021,Terengganu,,66.8859038,30.18195009,0,,0,0.138449312,0
26/10/2021,Terengganu,,28.62213063,36.64977011,0,,0,0.413343272,0
27/10/2021,Terengganu,,5.827166249,24.12555156,45.41326067,,5.827166249,0.274153995,0
28/10/2021,Terengganu,,23.93632936,22.50043978,0,,0,0.136366302,0
29/10/2021,Terengganu,,6.182380216,29.30968201,0,,0,0.136324102,0
30/10/2021,Terengganu,,18.6185068,25.89268436,28.23263693,,0,0.136277286,0
31/10/2021,Terengganu,,24.88335925,13.34308195,22.35136343,,0,0.136153897,0
1/11/2021,Terengganu,,31.53380424,21.09922899,0,,0,0,0
2/11/2021,Terengganu,,25.66405749,33.60608229,84.55944529,,0,0.136057013,0
3/11/2021,Terengganu,,13.11733456,20.95654375,15.26018617,,0,0.408244359,0
4/11/2021,Terengganu,,13.85713296,21.10106731,27.20348205,,6.92856648,0.544543672,0
5/11/2021,Terengganu,,7.024938532,18.64919904,26.30886609,,7.024938532,0.13612554,0
6/11/2021,Terengganu,,7.044734061,21.778367,25.77319588,,0,0.136114794,0
7/11/2021,Terengganu,,21.19242724,20.14249454,0,,0,0.408293808,0
8/11/2021,Terengganu,,14.67566774,25.85836151,23.22880372,,0,0.544386558,0
9/11/2021,Terengganu,,52.18428508,29.52340784,32.67262034,,0,0.136052571,0
10/11/2021,Terengganu,,29.77298102,21.21998596,10.18122582,,0,0,0
11/11/2021,Terengganu,,15.07386192,38.89304413,20.14301541,,0,0.135989665,0
12/11/2021,Terengganu,,7.808229874,16.73057383,9.88533017,,0,0.544083702,0
13/11/2021,Terengganu,,23.46499804,23.80602578,29.03600465,,0,0.408103299,0
14/11/2021,Terengganu,,31.33077465,28.42470038,46.62874196,,7.832693663,0.680016756,0
15/11/2021,Terengganu,,31.89792663,26.23829813,8.899172377,,7.974481659,0.543798925,0
16/11/2021,Terengganu,,8.103727715,31.66763391,41.8305028,,0,0.543650368,0
17/11/2021,Terengganu,,40.47927461,30.69709573,31.58559697,,0,0.679139286,0
18/11/2021,Terengganu,,16.42036125,27.29568973,44.75274111,,0,0.543197805,0
19/11/2021,Terengganu,,25.1214202,17.52096064,7.29181858,,0,0.1358214,0
20/11/2021,Terengganu,,25.16356316,20.10552685,28.31657936,,0,0.135848154,0
21/11/2021,Terengganu,,25.22068096,18.33138251,13.80929365,,0,0.543152074,0
22/11/2021,Terengganu,,16.91761123,22.40356285,32.92072689,,0,0.543116675,0
23/11/2021,Terengganu,,16.99957501,26.08376693,24.76166894,,8.499787505,0.135852953,0
24/11/2021,Terengganu,,8.591065292,22.1503506,5.724426126,,0,0.543566886,0
25/11/2021,Terengganu,,25.95380223,22.96504557,10.68947087,,0,0.543551374,0
26/11/2021,Terengganu,,0,16.17650057,20.88663777,,0,0.951558857,0
27/11/2021,Terengganu,,26.04392742,16.18435476,10.19835806,,0,0.136002981,0
28/11/2021,Terengganu,,8.68960723,18.49622935,14.91720949,,0,0.272003373,0
29/11/2021,Terengganu,,26.2720028,23.94847812,22.90635881,,0,0.272141797,0
30/11/2021,Terengganu,,35.20197131,19.4735337,20.78569944,,0,0.272357115,0
1/12/2021,Terengganu,,0,28.7733289,38.44822946,,8.873901855,0.545465951,0
2/12/2021,Terengganu,,0,20.61385606,25.45824847,,0,0.136515603,0
3/12/2021,Terengganu,,18.25483753,17.62051957,38.6711197,,9.127418766,0.136593175,0
4/12/2021,Terengganu,,9.132420091,14.62305988,0,,9.132420091,0.409992333,0
5/12/2021,Terengganu,,18.27819411,24.61074013,13.31380642,,0,0,0
6/12/2021,Terengganu,,27.5583318,23.97582141,3.112065478,,0,0.274009388,0
7/12/2021,Terengganu,,36.98224852,30.77320423,14.24907381,,0,0.274760752,0
8/12/2021,Terengganu,,9.302325581,27.26675563,12.92624286,,0,0.275421774,0
9/12/2021,Terengganu,,9.324009324,24.55907492,16.52463351,,0,0.275944662,0
10/12/2021,Terengganu,,18.88574127,15.3343722,4.581481651,,0,0.138147497,0
11/12/2021,Terengganu,,0,15.76445144,8.801461043,,0,0.414853985,0
12/12/2021,Terengganu,,18.96273822,21.1754741,8.406893653,,0,0.553607166,0
13/12/2021,Terengganu,,28.55511136,25.94991251,6.035731531,,0,0.416308757,0
14/12/2021,Terengganu,,19.1828122,14.90622314,1.877299692,,0,0.278620993,0
15/12/2021,Terengganu,,0,26.17441961,14.24045,,0,0.139970158,0
16/12/2021,Terengganu,,48.51072087,27.98567808,11.73079501,,0,0,0
17/12/2021,Terengganu,,38.95597974,13.2430738,8.227879346,,0,0.281767528,0
18/12/2021,Terengganu,,0,18.50159665,3.16570904,,0,0.423700687,0
19/12/2021,Terengganu,,9.751340809,18.41278924,13.55952632,,0,0.14163684,0
20/12/2021,Terengganu,,0,23.43570238,17.16124419,,0,0.568138239,0
21/12/2021,Terengganu,,9.84445757,28.11550477,23.13838113,,0,0.142718298,0
22/12/2021,Terengganu,,19.72192092,25.79151287,11.62655505,,0,0.286572365,1.29183945
23/12/2021,Terengganu,,0,21.44940388,14.83166065,,0,0.287911461,0
24/12/2021,Terengganu,,9.970089731,15.42738173,12.06520034,,0,0.144181138,0
25/12/2021,Terengganu,,19.93421708,17.21598685,5.850485005,,0,0.144672158,0
26/12/2021,Terengganu,,19.96406468,23.10633419,3.361193896,,0,0,0
27/12/2021,Terengganu,,9.9970009,21.03030993,11.72707889,,0,0.146043819,0
28/12/2021,Terengganu,,10.07556675,19.0822887,15.22023683,,0,0.587147345,0
29/12/2021,Terengganu,,0,19.92702281,18.32968348,,0,0.295215153,0
30/12/2021,Terengganu,,0,16.31800529,13.79107442,,0,0.296691005,0
31/12/2021,Terengganu,,0,12.19960336,13.51436577,,0,0.148775651,0
1/1/2022,Terengganu,,10.23646228,12.39577468,7.039403059,,0,0.298693366,0
2/1/2022,Terengganu,,0,17.42034697,12.08667875,,0,0,0
3/1/2022,Terengganu,,0,14.51400753,9.155146441,,0,0,0
4/1/2022,Terengganu,,10.26061974,12.79050822,14.42654484,,0,0,0
5/1/2022,Terengganu,,0,14.42257532,13.06315652,,0,0,0.768420972
6/1/2022,Terengganu,,0,10.04976955,4.418522446,,0,0.154611839,0
7/1/2022,Terengganu,,0,8.843145864,5.787665039,,0,0.15514291,0
8/1/2022,Terengganu,,10.34233116,6.231121649,7.023754337,,10.34233116,0.311556082,0
9/1/2022,Terengganu,,31.01736973,9.690816076,6.775939992,,0,0,0.677593999
10/1/2022,Terengganu,,10.33057851,10.3840036,2.603200635,,0,0.157333388,0
11/1/2022,Terengganu,,0,9.824490236,1.869566572,,0,0.15845952,0
12/1/2022,Terengganu,,0,7.03084303,2.386734529,,0,0,0
13/1/2022,Terengganu,,0,7.738515559,4.592000735,,0,0.161219074,0
14/1/2022,Terengganu,,10.40257984,5.179200331,4.515156817,,0,0,0
15/1/2022,Terengganu,,0,5.865924519,2.762125732,,0,0,0
16/1/2022,Terengganu,,0,7.722781713,3.228132095,,0,0,0
17/1/2022,Terengganu,,0,7.965866263,2.592823066,,0,0.165955547,0
18/1/2022,Terengganu,,0,7.552705295,6.998460339,,0,0.167837895,0
19/1/2022,Terengganu,,20.78569944,5.265231806,6.25960006,,0,0.169846187,0
20/1/2022,Terengganu,,0,7.041878567,8.819078917,,0,0.515259407,0
21/1/2022,Terengganu,,10.45259747,3.970500905,4.558196777,,0,0.172630474,0
22/1/2022,Terengganu,,0,4.865757233,3.553423501,,0,0,0
23/1/2022,Terengganu,,0,5.782980513,5.193568631,,0,0,0
24/1/2022,Terengganu,,0,6.03155568,2.528796672,,0,0,0
25/1/2022,Terengganu,,0,6.10918552,6.58257428,,0,0,0
26/1/2022,Terengganu,,0,5.828800834,3.206605608,,0,0,0
27/1/2022,Terengganu,,0,8.682399667,4.313674741,,0,0.184731908,0
28/1/2022,Terengganu,,0,8.001518428,5.43830822,,0,0,0
29/1/2022,Terengganu,,10.53407774,5.830772182,8.082363129,,0,0,0
30/1/2022,Terengganu,,0,10.84148981,8.371225814,,0,0.190201576,0
31/1/2022,Terengganu,,10.57194207,12.31695371,5.261219551,,0,0,0
1/2/2022,Terengganu,,21.16178182,7.979075361,10.01082652,,0,0,0
2/2/2022,Terengganu,,10.58425064,9.655686115,9.153787288,,0,0.197054819,0
3/2/2022,Terengganu,,0,14.54177473,13.73030785,,0,0,0
4/2/2022,Terengganu,,10.64282673,16.41382044,7.172160542,,0,0,0
5/2/2022,Terengganu,,10.65303079,23.9339343,26.71387305,,0,0,0
6/2/2022,Terengganu,,0,32.37182276,30.73238452,,0,0,0
7/2/2022,Terengganu,,0,30.74936821,27.02541442,,0,0.2036382,0
8/2/2022,Terengganu,,0,32.41171909,33.63676498,,0,0,0
9/2/2022,Terengganu,,0,36.55854014,29.36097926,,0,0,0
10/2/2022,Terengganu,,21.48227712,27.67731168,31.99955479,,0,0.416200176,0
11/2/2022,Terengganu,,10.75268817,22.36388337,27.77247401,,10.75268817,0.209008256,0
12/2/2022,Terengganu,,0,34.62269654,35.67099567,,0,0,0
13/2/2022,Terengganu,,10.75037626,43.01301987,44.51652978,,0,0.210848137,0
14/2/2022,Terengganu,,43.05241632,51.43031298,47.08551004,,0,0,0
15/2/2022,Terengganu,,21.54011847,54.23694341,52.62114823,,0,0,0
16/2/2022,Terengganu,,53.89092477,53.89108484,60.43301272,,0,0.212169625,0
17/2/2022,Terengganu,,32.33107016,64.25928408,66.73070118,,0,0,0
18/2/2022,Terengganu,,43.12668464,49.84758143,53.43316486,,0,0.213023852,0
19/2/2022,Terengganu,,21.56101768,58.45295923,82.58963651,,0,0,0
20/2/2022,Terengganu,,43.12668464,83.37769454,93.76153317,,0,0,0
21/2/2022,Terengganu,,21.58428664,85.07738399,83.96111344,,0,0.428601431,0
22/2/2022,Terengganu,,43.2385688,95.92367401,99.96185666,,0,0.215075502,0
23/2/2022,Terengganu,,43.19654428,75.57909784,97.44803861,,0,0,0.327006841
24/2/2022,Terengganu,,43.16391497,75.49756802,86.73815797,,0,0,0
25/2/2022,Terengganu,,0,43.46956696,74.19575367,,10.78399655,0.43469567,0
26/2/2022,Terengganu,,10.78167116,67.8150894,89.44601594,,0,0,0.322909805
27/2/2022,Terengganu,,43.10809354,86.00936255,118.2173593,,0,0,0
28/2/2022,Terengganu,,53.91416864,86.99663877,129.1427987,,0,0.219688482,0
1/3/2022,Terengganu,,21.5679931,91.04697407,107.2108012,,0,0,0.318132941
2/3/2022,Terengganu,,53.9025442,114.8387611,158.1923049,,0,0.221269289,0
3/3/2022,Terengganu,,32.35198965,98.45866625,141.1599005,,0,0.444508651,0.628774613
4/3/2022,Terengganu,,32.36595102,81.04702063,121.7812708,,0,0.8906266,0.313869255
5/3/2022,Terengganu,,21.57264589,83.24220581,119.2473334,,0,0.223169453,0
6/3/2022,Terengganu,,53.93161471,125.8661698,198.3330064,,0,0,0.311354798
7/3/2022,Terengganu,,64.81581506,110.1158239,169.8040127,,10.80263584,0,0
8/3/2022,Terengganu,,32.44997296,107.3309763,157.6989558,,0,0.676455733,0
9/3/2022,Terengganu,,32.46050638,98.01791034,171.0529155,,0,0.226369308,0
10/3/2022,Terengganu,,32.48862898,85.50059919,147.4015864,,0,0,0.614173277
11/3/2022,Terengganu,,10.82719792,57.59949003,91.41973623,,0,0,0
12/3/2022,Terengganu,,43.30879168,65.24556056,133.2606272,,0,0.456262661,0.306346269
13/3/2022,Terengganu,,43.29472887,84.73004321,150.0482844,,0,0.68700035,0.305597321
14/3/2022,Terengganu,,0,75.60732908,134.7027093,,0,0.459619022,0
15/3/2022,Terengganu,,32.48159376,65.13668346,127.7069308,,0,0.230164959,0
16/3/2022,Terengganu,,32.49214773,55.83382746,115.2416131,,0,0,0
17/3/2022,Terengganu,,21.66377816,51.35774137,86.45994879,,0,0,0
18/3/2022,Terengganu,,10.84481076,34.72752782,76.43435256,,0,0,0.302112065
19/3/2022,Terengganu,,21.6802168,29.43371389,90.2420842,,0,0,0.301812991
20/3/2022,Terengganu,,21.6802168,48.99024374,83.75007531,,0,0,0.301259264
21/3/2022,Terengganu,,43.24324324,39.55208428,87.50405947,,0,0,0
22/3/2022,Terengganu,,10.80613789,36.82374246,67.48306175,,0,0,0.599849438
23/3/2022,Terengganu,,21.53084293,31.29203408,58.93598116,,0,0.233522642,0
24/3/2022,Terengganu,,43.07559767,31.36792232,48.00582033,,10.76889942,0,0
25/3/2022,Terengganu,,21.54011847,20.14160013,27.11706826,,0,0,0
26/3/2022,Terengganu,,10.76194576,23.90723991,37.21179465,,0,0.234384705,0
27/3/2022,Terengganu,,32.26500323,30.04321059,51.71675861,,0,0.234712583,0
28/3/2022,Terengganu,,21.5123158,21.85951618,41.25167678,,0,0,0
29/3/2022,Terengganu,,21.486893,20.96139805,41.7849586,,0,0.235521326,0.296347224
30/3/2022,Terengganu,,32.23033949,18.17061976,37.2899113,,0,0.235982075,0
31/3/2022,Terengganu,,10.73998496,15.37875508,36.03582315,,10.73998496,0,0
1/4/2022,Terengganu,,21.48227712,11.36213002,24.2074996,,0,0,0
2/4/2022,Terengganu,,0,13.5030133,30.96605236,,0,0,0
3/4/2022,Terengganu,,0,11.38517224,27.94224485,,0,0,0
4/4/2022,Terengganu,,21.46844139,10.21142397,31.07401772,,0,0.237474976,0
5/4/2022,Terengganu,,0,11.64955292,22.4784703,,0,0.237745978,0.291928186
6/4/2022,Terengganu,,0,12.61364177,26.16880039,,0,0,0
7/4/2022,Terengganu,,21.47766323,9.772561508,17.36085994,,0,0,0.289347666
8/4/2022,Terengganu,,10.74229241,8.107631189,14.46089773,,0,0,0
9/4/2022,Terengganu,,10.73883162,8.114151797,16.468039,,0,0,0
10/4/2022,Terengganu,,10.74229241,7.414104017,20.49908043,,0,0,0
11/4/2022,Terengganu,,21.53084293,7.43419538,16.4475108,,0,0,0.288552821
12/4/2022,Terengganu,,10.76194576,8.661758337,9.803780222,,0,0.240604398,0
13/4/2022,Terengganu,,10.774701,13.51827623,27.92387434,,0,0,0
14/4/2022,Terengganu,,0,1.454242267,3.737457954,,0,0,0
15/4/2022,Terengganu,,0,2.182162038,4.886742555,,0,0.242462449,0
16/4/2022,Terengganu,,0,4.125512656,6.321784582,,0,0,0
17/4/2022,Terengganu,,0,4.127776537,8.896465233,,0,0,0
18/4/2022,Terengganu,,0,1.700469573,7.450134246,,0,0,0
19/4/2022,Terengganu,,0,2.430694814,4.008704616,,0,0,0
20/4/2022,Terengganu,,0,2.434037582,7.728329192,,0,0,0
21/4/2022,Terengganu,,0,2.924062107,2.860420081,,0,0,0
22/4/2022,Terengganu,,0,1.218507669,2.287963027,,0,0,0
23/4/2022,Terengganu,,0,2.681494519,2.859127909,,0,0,0
24/4/2022,Terengganu,,0,1.952181319,4.57270893,,0,0,0
25/4/2022,Terengganu,,0,1.954695055,4.284783876,,0,0,0
26/4/2022,Terengganu,,0,0.977918598,2.855886267,,0,0.24447965,0
27/4/2022,Terengganu,,0,2.934580856,4.281591725,,0,0.244548405,0
28/4/2022,Terengganu,,0,1.223427162,1.997209613,,0,0,0
29/4/2022,Terengganu,,0,0.734153301,3.423406975,,0,0,0
30/4/2022,Terengganu,,0,1.223885346,2.28191327,,0,0,0
1/5/2022,Terengganu,,0,0.489653619,3.136306742,,0,0,0
2/5/2022,Terengganu,,0,0,0.284995283,,0,0,0
3/5/2022,Terengganu,,0,0.489943901,1.709669606,,0,0,0
4/5/2022,Terengganu,,0,0.980312867,3.702532817,,0,0.245078217,0
5/5/2022,Terengganu,,0,1.225820687,4.270243802,,0,0,0
6/5/2022,Terengganu,,0,1.471111057,2.561920188,,0,0,0
7/5/2022,Terengganu,,0,1.961726712,5.407728498,,0,0,0
8/5/2022,Terengganu,,0,1.717112993,8.253666478,,0,0,0
9/5/2022,Terengganu,,21.57730068,2.453909446,5.692183778,,0,0,0
10/5/2022,Terengganu,,0,2.699697879,5.692135177,,0,0,0
11/5/2022,Terengganu,,0,3.191797571,3.415242226,,0,0.24552289,0
12/5/2022,Terengganu,,10.78515962,1.719306088,4.268530402,,0,0,0
13/5/2022,Terengganu,,0,1.473803149,1.991725802,,0,0,0
14/5/2022,Terengganu,,0,1.228317132,2.275901897,,0,0,0
15/5/2022,Terengganu,,0,0.982675432,3.128483994,,0,0,0
16/5/2022,Terengganu,,0,0.982675432,3.411756344,,0,0,0
17/5/2022,Terengganu,,0,0.982682675,2.557065171,,0,0,0
18/5/2022,Terengganu,,0,0.982692331,1.704008111,,0,0,0
19/5/2022,Terengganu,,0,0.982788909,2.270862843,,0,0,0
20/5/2022,Terengganu,,0,0.491447583,0.283820796,,0,0,0
21/5/2022,Terengganu,,0,0.491511595,1.702625164,,0,0,0
22/5/2022,Terengganu,,0,0.245811374,0.567467647,,0,0,0
23/5/2022,Terengganu,,0,0.983513849,1.701920049,,0,0,0
24/5/2022,Terengganu,,0,0,2.8359301,,0,0,0
25/5/2022,Terengganu,,10.77005924,0.246107805,1.417563039,,0,0,0
26/5/2022,Terengganu,,0,0.492419206,1.984093241,,0,0,0
27/5/2022,Terengganu,,0,0.246236278,0.283412972,,0,0,0
28/5/2022,Terengganu,,0,0.246272057,0,,0,0,0
29/5/2022,Terengganu,,0,0.738899877,2.832772916,,0,0.246299959,0
30/5/2022,Terengganu,,0,0,1.982441235,,0,0,0
31/5/2022,Terengganu,,0,0.24640313,1.132512451,,0,0,0
1/6/2022,Terengganu,,0,0.246462037,2.547575981,,0,0,0
2/6/2022,Terengganu,,0,0.493028576,2.264037742,,0,0,0
3/6/2022,Terengganu,,0,0.246534343,1.131958004,,0,0,0
4/6/2022,Terengganu,,0,0,1.131813873,,0,0.246568992,0
5/6/2022,Terengganu,,0,0.246633453,1.131503315,,0,0,0
6/6/2022,Terengganu,,0,0.493257174,0.565620457,,0,0,0
7/6/2022,Terengganu,,0,0.739956935,3.392792013,,0,0,0
8/6/2022,Terengganu,,0,0.740033598,2.544112077,,0,0,0
9/6/2022,Terengganu,,0,0.246718642,1.695772721,,0,0,0
10/6/2022,Terengganu,,0,0.493460416,1.130480002,,0,0,0
11/6/2022,Terengganu,,0,0.987023114,1.695552284,,0,0,0
12/6/2022,Terengganu,,0,0.246809372,4.238437542,,0,0,0
13/6/2022,Terengganu,,0,0.740576168,1.977876044,,0,0,0
14/6/2022,Terengganu,,0,0.987666514,3.389887964,,0,0,0
15/6/2022,Terengganu,,0,0.987829935,1.976982278,,0,0,0
16/6/2022,Terengganu,,0,0.246991032,1.694077786,,0,0,0
17/6/2022,Terengganu,,10.78632294,0.740991397,0.564655927,,0,0,0
18/6/2022,Terengganu,,0,0.494034533,1.976044692,,0,0,0
19/6/2022,Terengganu,,0,0.741119535,2.540169966,,0,0,0
20/6/2022,Terengganu,,0,0.988186234,1.128814688,,0,0,0
21/6/2022,Terengganu,,0,0.741222078,3.386128724,,0,0,0
22/6/2022,Terengganu,,0,0.98848416,3.103347101,,0,0,0
23/6/2022,Terengganu,,0,0.49435936,1.974355937,,0,0,0
24/6/2022,Terengganu,,10.80380294,1.977544977,3.102436823,,0,0,0
25/6/2022,Terengganu,,0,1.236096999,3.384085211,,0,0,0
26/6/2022,Terengganu,,0,0.989031639,5.07521182,,0,0,0
27/6/2022,Terengganu,,0,0.494570849,4.228532446,,0,0,0
28/6/2022,Terengganu,,0,1.236524969,5.35541644,,0,0,0
29/6/2022,Terengganu,,0,0.494687061,3.099945046,,0,0,0
30/6/2022,Terengganu,,0,0.989582174,2.817520469,,0,0,0
1/7/2022,Terengganu,,0,1.23700832,1.690378927,,0,0,0
2/7/2022,Terengganu,,0,0.49484985,3.380453093,,0,0,0
3/7/2022,Terengganu,,0,0.989841749,3.943428699,,0,0,0
4/7/2022,Terengganu,,0,0.98999609,2.534568701,,0,0,0
5/7/2022,Terengganu,,0,1.237629889,1.971098071,,0,0,0
6/7/2022,Terengganu,,10.81665765,1.48533602,3.097090987,,0,0,0
7/7/2022,Terengganu,,0,0.247601975,1.970504365,,0,0,0
8/7/2022,Terengganu,,0,0.247616689,1.12591058,,0,0,0
9/7/2022,Terengganu,,0,1.238181557,3.096123372,,0,0,0
10/7/2022,Terengganu,,0,0,1.68847615,,0,0,0
11/7/2022,Terengganu,,0,1.486204309,3.095077982,,0,0,0
12/7/2022,Terengganu,,0,1.238623245,4.782427673,,0,0,0
13/7/2022,Terengganu,,0,1.238736786,4.21926686,,0,0,0
14/7/2022,Terengganu,,0,0.743363621,5.343367615,,0,0,0
15/7/2022,Terengganu,,0,0.99121781,3.374597157,,0,0,0
16/7/2022,Terengganu,,0,2.230322976,3.655659383,,0,0,0
17/7/2022,Terengganu,,0,1.487125213,3.093198057,,0,0,0.281199823
18/7/2022,Terengganu,,0,1.983079375,4.499146568,,0,0,0
19/7/2022,Terengganu,,0,1.983384199,5.623696005,,0,0,0
20/7/2022,Terengganu,,0,2.479488432,5.060501102,,0,0,0
21/7/2022,Terengganu,,10.83423619,2.727897213,4.216337464,,0,0,0
22/7/2022,Terengganu,,0,0.496000992,3.372709719,,0,0,0
23/7/2022,Terengganu,,0,1.984072855,1.967308946,,0,0.248009107,0
24/7/2022,Terengganu,,0,4.464230354,5.901047857,,0,0,0
25/7/2022,Terengganu,,0,1.736106805,5.056961047,,0,0,0
26/7/2022,Terengganu,,0,2.48024485,5.618040652,,0,0,0
27/7/2022,Terengganu,,0,2.232535987,3.651223862,,0,0,0
28/7/2022,Terengganu,,0,1.736675358,1.684848995,,0,0,0
29/7/2022,Terengganu,,0,2.233062223,3.369508754,,0,0.248118025,0
30/7/2022,Terengganu,,0,0,2.526975463,,0,0,0
31/7/2022,Terengganu,,0,2.233427965,5.614602458,,0,0,0
1/8/2022,Terengganu,,0,1.241011971,5.333018966,,0,0,0
2/8/2022,Terengganu,,0,3.475256176,7.577352136,,0,0,0
3/8/2022,Terengganu,,0,2.482609322,6.173203247,,0,0,0
4/8/2022,Terengganu,,0,1.738102687,6.732929919,,0,0,0
5/8/2022,Terengganu,,0,2.234808887,4.488330341,,0,0,0
6/8/2022,Terengganu,,0,1.489950285,4.488191848,,0,0,0
7/8/2022,Terengganu,,10.85894234,2.483416983,9.256428309,,0,0,0
8/8/2022,Terengganu,,10.86012163,4.47078343,8.413282891,,0,0,0
9/8/2022,Terengganu,,0,3.477733809,5.608131791,,0,0,0
10/8/2022,Terengganu,,0,4.471949696,4.205662504,,0,0,0
11/8/2022,Terengganu,,0,3.478831311,6.167198354,,0,0,0
12/8/2022,Terengganu,,0,2.485015357,5.045479391,,0,0,0
13/8/2022,Terengganu,,0,2.236569401,4.204000527,,0,0,0
14/8/2022,Terengganu,,0,5.964451867,8.126959928,,0,0.248518828,0
15/8/2022,Terengganu,,10.85540599,6.462613779,11.76866174,,0,0,0
16/8/2022,Terengganu,,0,1.988377931,5.883490086,,0,0,0
17/8/2022,Terengganu,,0,4.225513151,6.443280919,,0,0,0
18/8/2022,Terengganu,,0,3.480327449,5.882006941,,0,0,0
19/8/2022,Terengganu,,0,2.486121228,3.360977372,,0,0,0
20/8/2022,Terengganu,,0,2.735059736,5.321353752,,0,0,0
21/8/2022,Terengganu,,10.86130118,3.481270763,8.961376467,,0,0,0
22/8/2022,Terengganu,,0,5.719842132,6.160325265,,0,0,0
23/8/2022,Terengganu,,0,3.979515444,6.439943328,,0,0,0
24/8/2022,Terengganu,,10.86130118,4.228529641,6.439150032,,0,0,0
25/8/2022,Terengganu,,0,2.98527513,6.998214056,,0,0,0
26/8/2022,Terengganu,,0,1.741488475,5.878088446,,0,0,0
27/8/2022,Terengganu,,0,2.736706448,8.116587786,,0,0,0
28/8/2022,Terengganu,,0,3.732206705,6.996236025,,0,0,0
29/8/2022,Terengganu,,0,3.981347387,5.316707894,,0,0,0
30/8/2022,Terengganu,,0,1.493087007,5.875703685,,0,0,0
31/8/2022,Terengganu,,0,1.244366132,3.916708398,,0,0,0
1/9/2022,Terengganu,,0,3.235698214,5.873994428,,0,0,0
2/9/2022,Terengganu,,0,1.742403122,1.957872185,,0,0,0
3/9/2022,Terengganu,,0,1.244678997,2.237486855,,0,0,0
4/9/2022,Terengganu,,0,2.98754195,5.87286095,,0,0.248961829,0
5/9/2022,Terengganu,,0,3.983666965,5.872187642,,0,0,0
6/9/2022,Terengganu,,0,3.984063745,6.151437199,,0,0,0.279610782
7/9/2022,Terengganu,,0,0.747082642,1.398046091,,0,0.249027547,0
8/9/2022,Terengganu,,10.84481076,2.490678635,4.193833387,,0,0,0
9/9/2022,Terengganu,,0,1.245410662,2.236648606,,0,0,0
10/9/2022,Terengganu,,0,1.992721584,2.236561064,,0,0,0
11/9/2022,Terengganu,,0,3.238422639,3.634025662,,0,0,0
12/9/2022,Terengganu,,0,3.737004567,7.267584059,,0,0,0
13/9/2022,Terengganu,,0,1.993163449,4.472059411,,0,0,0
14/9/2022,Terengganu,,0,2.491466726,5.310065929,,0,0,0
15/9/2022,Terengganu,,0,2.740784113,4.191431038,,0,0,0
16/9/2022,Terengganu,,0,0.747505201,3.073578679,,0,0,0
17/9/2022,Terengganu,,0,1.495058831,2.514675928,,0,0,0
18/9/2022,Terengganu,,0,2.741200746,5.029169181,,0,0,0
19/9/2022,Terengganu,,0,1.993709845,4.749452416,,0,0,0
20/9/2022,Terengganu,,0,1.744596114,5.307751832,,0,0,0
21/9/2022,Terengganu,,0,1.993988126,4.189909023,,0,0,0
22/9/2022,Terengganu,,0,2.742150594,2.234405941,,0,0,0
23/9/2022,Terengganu,,0,1.246481805,2.234293614,,0,0,0.279286702
24/9/2022,Terengganu,,0,2.49302576,1.954930474,,0,0.249302576,0
25/9/2022,Terengganu,,0,3.988970497,3.071870602,,0,0,0
26/9/2022,Terengganu,,0,1.495945986,2.513152163,,0,0,0
27/9/2022,Terengganu,,0,2.244092427,2.23368849,,0,0,0
28/9/2022,Terengganu,,0,1.49618846,2.512794311,,0,0,0
29/9/2022,Terengganu,,0,1.49630786,3.070952973,,0,0,0
30/9/2022,Terengganu,,0,0.997583354,0.837511586,,0,0,0
1/10/2022,Terengganu,,0,1.247019623,0.55832547,,0,0,0
2/10/2022,Terengganu,,0,1.247078718,2.233214601,,0,0,0
3/10/2022,Terengganu,,0,0.997732653,3.070438654,,0,0,0
4/10/2022,Terengganu,,0,2.49454941,3.907645588,,0,0,0
5/10/2022,Terengganu,,0,0.997857102,3.349158105,,0,0,0
6/10/2022,Terengganu,,0,0.498962159,0.837212418,,0,0,0
7/10/2022,Terengganu,,0,1.247433406,1.39528394,,0,0,0
8/10/2022,Terengganu,,0,0.498984566,0.837142331,,0,0,0
9/10/2022,Terengganu,,0,0.499001996,1.116105684,,0,0,0
10/10/2022,Terengganu,,0,1.746624648,2.511132688,,0,0,0
11/10/2022,Terengganu,,10.8401084,1.746694381,2.790054015,,0,0,0
12/10/2022,Terengganu,,0,3.244079555,1.673892302,,0,0,0
13/10/2022,Terengganu,,0,2.246086195,2.789602593,,0,0,0
14/10/2022,Terengganu,,0,0.249576344,2.510607316,,0,0,0
15/10/2022,Terengganu,,0,2.495831961,2.510565296,,0,0,0
16/10/2022,Terengganu,,0,1.24800008,6.415710121,,0,0,0
17/10/2022,Terengganu,,0,0.499218723,3.905029678,,0,0,0
18/10/2022,Terengganu,,0,2.496168382,4.741451442,,0,0,0
19/10/2022,Terengganu,,0,1.497813193,3.625552897,,0,0,0
20/10/2022,Terengganu,,0,1.497910415,3.9042347,,0,0,0
21/10/2022,Terengganu,,10.82954299,1.497929113,2.230891715,,0,0,0
22/10/2022,Terengganu,,10.82954299,0.998631874,1.394256777,,0,0,0
23/10/2022,Terengganu,,0,0.499328403,1.951850633,,0,0,0
24/10/2022,Terengganu,,0,0.749024396,3.345880385,,0,0,0
25/10/2022,Terengganu,,0,3.245991201,4.181965691,,0,0,0
26/10/2022,Terengganu,,0,2.996494102,4.18179081,,0,0,0
27/10/2022,Terengganu,,10.81431816,1.248598448,3.623996432,,0,0,0
28/10/2022,Terengganu,,0,1.748107673,4.181534344,,0,0,0
29/10/2022,Terengganu,,0,2.996853304,2.787596311,,0,0,0
30/10/2022,Terengganu,,0,3.246753247,7.804769272,,0,0,0
31/10/2022,Terengganu,,0,2.747362532,5.017309719,,0,0,0
1/11/2022,Terengganu,,0,4.496054712,7.525775782,,0,0,0
2/11/2022,Terengganu,,0,1.748526866,4.459495241,,0,0,0
3/11/2022,Terengganu,,0,2.747836079,9.19742695,,0,0,0
4/11/2022,Terengganu,,0,2.747836079,5.295355416,,0,0,0
5/11/2022,Terengganu,,21.51000215,1.748675378,4.459134816,,0,0,0
6/11/2022,Terengganu,,0,4.247005861,8.081956614,,0,0,0
7/11/2022,Terengganu,,0,4.996514931,7.5243706,,0,0,0
8/11/2022,Terengganu,,0,5.746121368,5.852027309,,0,0,0
9/11/2022,Terengganu,,0,3.497796388,5.85184793,,0,0,0.278659425
10/11/2022,Terengganu,,0,2.498494657,7.523385189,,0,0,0
11/11/2022,Terengganu,,10.7227107,3.747816897,5.015478323,,0,0,0
12/11/2022,Terengganu,,0,3.997731287,2.229008314,,0,0,0
13/11/2022,Terengganu,,0,3.997831177,10.58719952,,0,0,0
14/11/2022,Terengganu,,0,4.997413838,8.358012687,,0,0,0
15/11/2022,Terengganu,,21.42245073,7.496420459,10.58649164,,0,0,0
16/11/2022,Terengganu,,0,7.496626518,13.09341735,,0,0.249887551,0
17/11/2022,Terengganu,,,,,,0,0,0
18/11/2022,Terengganu,,,,,,0,0,0
19/11/2022,Terengganu,,,,,,0,0,0
20/11/2022,Terengganu,,,,,,0,0,0
21/11/2022,Terengganu,,,,,,0,0,0
22/11/2022,Terengganu,,,,,,0,0,0
23/11/2022,Terengganu,,,,,,0,0,0
24/5/2021,W.P. Labuan,,68.88238333,27.5558005,,,0,0,
25/5/2021,W.P. Labuan,,62.51302355,0,,,0,0,
26/5/2021,W.P. Labuan,,370.7995365,21.75331738,,,0,0,
27/5/2021,W.P. Labuan,,0,0,,,0,0,
28/5/2021,W.P. Labuan,,488.80885,87.01326952,,,0,0,
29/5/2021,W.P. Labuan,,245.398773,77.08614377,,,30.67484663,0,
30/5/2021,W.P. Labuan,,339.1107762,77.08614377,,,0,0,
31/5/2021,W.P. Labuan,,376.7897513,83.36112037,,,75.35795026,0,
1/6/2021,W.P. Labuan,,414.4687265,72.06687806,,,0,0,
2/6/2021,W.P. Labuan,,132.5673884,0,,,0,0,
3/6/2021,W.P. Labuan,,601.3745704,91.69504847,,,0,0,
4/6/2021,W.P. Labuan,,361.3006825,26.04166667,,,0,0,
5/6/2021,W.P. Labuan,,365.0846333,60.90875868,,,0,0,
6/6/2021,W.P. Labuan,,383.1417625,73.0816078,,,34.83106931,0,
7/6/2021,W.P. Labuan,,174.1553466,86.77730773,,,0,10.84716347,
8/6/2021,W.P. Labuan,,342.3485108,113.3669999,,,0,0,
9/6/2021,W.P. Labuan,,0,0,,,0,0,
10/6/2021,W.P. Labuan,,168.8713763,59.21247409,,,0,0,
11/6/2021,W.P. Labuan,,264.6139043,83.62757852,,,0,0,
12/6/2021,W.P. Labuan,,45.04504505,43.95604396,,,0,0,
13/6/2021,W.P. Labuan,,82.78145695,43.95604396,,,0,0,
14/6/2021,W.P. Labuan,,41.39929621,52.74725275,,,0,0,
15/6/2021,W.P. Labuan,,83.31944676,16.99668565,,,0,0,
16/6/2021,W.P. Labuan,,28.86419397,24.71984179,,,0,0,
17/6/2021,W.P. Labuan,,86.59079664,55.86146357,,,0,0,
18/6/2021,W.P. Labuan,,94.62528388,95.27590314,,,0,0,
19/6/2021,W.P. Labuan,,77.94839816,38.50596843,,,0,0,
20/6/2021,W.P. Labuan,,85.71240193,38.50596843,,,0,0,
21/6/2021,W.P. Labuan,,35.51136364,30.80477474,,,5.918560606,0,
22/6/2021,W.P. Labuan,,61.50061501,37.84151972,,,0,0,
23/6/2021,W.P. Labuan,,88.77446846,113.147771,,,0,0,
24/6/2021,W.P. Labuan,,36.61662395,97.94319295,,,0,0,
25/6/2021,W.P. Labuan,,64.59702854,52.34427578,,,3.799825208,0,
26/6/2021,W.P. Labuan,,28.90591126,89.42544154,,,0,0,
27/6/2021,W.P. Labuan,,85.54905383,59.61251863,,,0,0,
28/6/2021,W.P. Labuan,,84.9201424,59.519381,,,3.266159323,0,
29/6/2021,W.P. Labuan,,88.85076136,89.19943507,,,0,0,
30/6/2021,W.P. Labuan,,69.44846345,103.9578228,,,2.893685977,0,
1/7/2021,W.P. Labuan,,105.7347172,37.06723997,,,0,0,
2/7/2021,W.P. Labuan,,105.7770545,44.33934378,,,0,0,
3/7/2021,W.P. Labuan,,63.94032237,29.53337271,,,2.664180099,0,
4/7/2021,W.P. Labuan,,39.36697898,29.50070064,,,0,0,
5/7/2021,W.P. Labuan,,48.65930801,36.85141509,,,0,0,
6/7/2021,W.P. Labuan,,59.57005957,73.65939894,,,0,0,
7/7/2021,W.P. Labuan,,39.14813655,28.67383513,,,0,0,
8/7/2021,W.P. Labuan,,42.38859747,27.70083102,,,0,0,
9/7/2021,W.P. Labuan,,72.36695613,66.84045184,,,2.783344467,0,
10/7/2021,W.P. Labuan,,61.67038647,32.89906567,,,0,0,
11/7/2021,W.P. Labuan,,68.21916959,19.73164957,,,0,0,
12/7/2021,W.P. Labuan,,51.37756085,13.14751512,,,0,0,
13/7/2021,W.P. Labuan,,37.73067161,6.453278265,,,0,0,
14/7/2021,W.P. Labuan,,29.85743077,37.36455349,,,0,0,
15/7/2021,W.P. Labuan,,32.07827098,12.02501203,,,0,0,
16/7/2021,W.P. Labuan,,8.549931601,29.40830491,,,0,0,
17/7/2021,W.P. Labuan,,55.20541013,80.44590013,,,0,0,
18/7/2021,W.P. Labuan,,29.47099563,34.44910145,,,0,0,
19/7/2021,W.P. Labuan,,20.29426687,10.80380294,,,0,0,
20/7/2021,W.P. Labuan,,70.57929312,35.99712023,,,0,0,
21/7/2021,W.P. Labuan,,43.57773178,9.729992703,,,0,0,
22/7/2021,W.P. Labuan,,30.4414003,13.14405889,,,0,0,
23/7/2021,W.P. Labuan,,46.98932671,7.975117633,,,0,0,
24/7/2021,W.P. Labuan,,57.72838793,22.0062351,,,0,0,
25/7/2021,W.P. Labuan,,15.24738888,0,,,0,0,
26/7/2021,W.P. Labuan,,15.90583744,12.7388535,,,0,0,
27/7/2021,W.P. Labuan,,49.12395612,2.930746461,,,0,0,
28/7/2021,W.P. Labuan,,25.1214202,5.49163898,,,0,0,
29/7/2021,W.P. Labuan,,0,7.803558423,,,0,0,
30/7/2021,W.P. Labuan,,17.42008536,4.946087645,,,0,0,
31/7/2021,W.P. Labuan,,17.69285209,0,,,0,0,
1/8/2021,W.P. Labuan,,0,13.77189157,,,0,0,
2/8/2021,W.P. Labuan,,9.246417013,6.601386291,,,9.246417013,0,
3/8/2021,W.P. Labuan,,9.563886764,4.395024832,,,0,0,
4/8/2021,W.P. Labuan,,19.65022598,8.352474421,,,0,0,
5/8/2021,W.P. Labuan,,0,8.026648473,,,0,0,
6/8/2021,W.P. Labuan,,10.3777501,0,,,0,0,
7/8/2021,W.P. Labuan,,0,0,,,0,0,
8/8/2021,W.P. Labuan,,10.99626127,9.390905847,,,0,0,
9/8/2021,W.P. Labuan,,0,1.848394669,,,0,0,
10/8/2021,W.P. Labuan,,12.26542377,3.651634106,,,0,0,
11/8/2021,W.P. Labuan,,0,1.803133847,,,0,0,
12/8/2021,W.P. Labuan,,12.41310824,5.374417771,,,0,0,
13/8/2021,W.P. Labuan,,0,0,,,0,0,
14/8/2021,W.P. Labuan,,0,3.52584444,,,0,0,
15/8/2021,W.P. Labuan,,13.21702353,1.748037828,,,0,0,
16/8/2021,W.P. Labuan,,0,0,,,0,0,
17/8/2021,W.P. Labuan,,0,6.884089149,,,0,0,
18/8/2021,W.P. Labuan,,75.91861524,3.417226237,,,0,0,
19/8/2021,W.P. Labuan,,0,0,,,0,0,
20/8/2021,W.P. Labuan,,65.30612245,0,,,0,0,
21/8/2021,W.P. Labuan,,16.84636119,5.016890197,,,0,0,
22/8/2021,W.P. Labuan,,0,5.015548199,,,0,0,
23/8/2021,W.P. Labuan,,17.32501733,1.638269987,,,0,0,
24/8/2021,W.P. Labuan,,0,3.276325274,,,0,0,
25/8/2021,W.P. Labuan,,0,4.880191303,,,0,0,
26/8/2021,W.P. Labuan,,0,3.233107016,,,0,0,
27/8/2021,W.P. Labuan,,0,3.212593366,,,0,0,
28/8/2021,W.P. Labuan,,0,1.600922131,,,0,0,
29/8/2021,W.P. Labuan,,0,1.60081962,,,0,0,
30/8/2021,W.P. Labuan,,0,1.580328076,,,0,0,
31/8/2021,W.P. Labuan,,20.62706271,3.136074262,,,0,0,
1/9/2021,W.P. Labuan,,20.68680182,0,,,0,0,
2/9/2021,W.P. Labuan,,0,4.657951123,,,0,0,
3/9/2021,W.P. Labuan,,0,7.731440677,,,0,0,
4/9/2021,W.P. Labuan,,0,4.623636027,,,0,0,
5/9/2021,W.P. Labuan,,0,1.541164504,,,0,0,
6/9/2021,W.P. Labuan,,0,3.065087125,,,0,0,
7/9/2021,W.P. Labuan,,25.14458134,6.111628902,,,0,0,
8/9/2021,W.P. Labuan,,0,7.614638381,,,0,0,
9/9/2021,W.P. Labuan,,0,3.04062272,,,0,0,
10/9/2021,W.P. Labuan,,0,3.033290362,,,0,0,
11/9/2021,W.P. Labuan,,27.04895862,3.027596542,,,0,0,
12/9/2021,W.P. Labuan,,0,7.568876779,,,0,0,
13/9/2021,W.P. Labuan,,0,4.524409188,,,0,0,
14/9/2021,W.P. Labuan,,0,0,,,0,0,
15/9/2021,W.P. Labuan,,0,7.505479,,,0,0,
16/9/2021,W.P. Labuan,,107.7005924,1.496333982,,,0,0,
17/9/2021,W.P. Labuan,,0,14.91958345,,,0,0,
18/9/2021,W.P. Labuan,,0,0,,,0,0,
19/9/2021,W.P. Labuan,,0,0,,,0,0,
20/9/2021,W.P. Labuan,,0,2.965950884,,,0,0,
21/9/2021,W.P. Labuan,,0,1.479202414,,,0,0,
22/9/2021,W.P. Labuan,,0,8.861712969,,,0,0,
23/9/2021,W.P. Labuan,,0,0,,,0,0,
24/9/2021,W.P. Labuan,,0,5.892838728,,,0,0,
25/9/2021,W.P. Labuan,,0,5.888154505,,,0,0,
26/9/2021,W.P. Labuan,,0,0,,,0,0,
27/9/2021,W.P. Labuan,,0,4.408587929,,,0,0,
28/9/2021,W.P. Labuan,,0,7.341712675,,,0,0,
29/9/2021,W.P. Labuan,,0,1.467157675,,,0,0,
30/9/2021,W.P. Labuan,,0,2.934186203,,,0,0,
1/10/2021,W.P. Labuan,,0,5.861407031,,,0,0,
2/10/2021,W.P. Labuan,,0,0,,,0,0,
3/10/2021,W.P. Labuan,,0,2.927571872,,,0,0,
4/10/2021,W.P. Labuan,,0,4.383465568,,,0,0,
5/10/2021,W.P. Labuan,,0,7.303001534,,,0,0,
6/10/2021,W.P. Labuan,,0,0,,,0,0,
7/10/2021,W.P. Labuan,,0,1.458257382,,,0,0,
8/10/2021,W.P. Labuan,,0,1.457662201,,,0,0,
9/10/2021,W.P. Labuan,,0,0,,,0,0,
10/10/2021,W.P. Labuan,,0,0,,,0,0,
11/10/2021,W.P. Labuan,,0,2.909260175,,,0,0,
12/10/2021,W.P. Labuan,,0,0,,,0,0,
13/10/2021,W.P. Labuan,,0,0,,,0,0,
14/10/2021,W.P. Labuan,,0,8.707767328,,,0,0,
15/10/2021,W.P. Labuan,,0,2.900905082,,,0,0,
16/10/2021,W.P. Labuan,,0,4.34732205,,,0,0,
17/10/2021,W.P. Labuan,,0,2.896493794,,,0,0,
18/10/2021,W.P. Labuan,,0,2.893434796,,,0,0,
19/10/2021,W.P. Labuan,,0,17.34856152,,,0,0,
20/10/2021,W.P. Labuan,,0,2.888837532,,,0,0,
21/10/2021,W.P. Labuan,,0,2.888336896,,,0,0,
22/10/2021,W.P. Labuan,,0,4.329879052,,,0,0,
23/10/2021,W.P. Labuan,,0,10.09460083,,,0,0,
24/10/2021,W.P. Labuan,,0,0,,,0,0,
25/10/2021,W.P. Labuan,,0,2.882259692,0,,0,0,0
26/10/2021,W.P. Labuan,,0,20.16506546,0,,0,0,0
27/10/2021,W.P. Labuan,,0,0,0,,0,0,0
28/10/2021,W.P. Labuan,,0,7.195279896,0,,0,0,0
29/10/2021,W.P. Labuan,,0,0,0,,0,0,0
30/10/2021,W.P. Labuan,,0,8.627879555,0,,0,0,0
31/10/2021,W.P. Labuan,,0,0,0,,0,0,0
1/11/2021,W.P. Labuan,,0,0,0,,0,0,0
2/11/2021,W.P. Labuan,,0,7.212405337,0,,0,0,0
3/11/2021,W.P. Labuan,,0,23.17899983,0,,0,0,0
4/11/2021,W.P. Labuan,,0,18.87504719,0,,0,0,0
5/11/2021,W.P. Labuan,,0,5.82725114,0,,0,0,0
6/11/2021,W.P. Labuan,,0,8.744188758,96.57170449,,0,0,0
7/11/2021,W.P. Labuan,,0,5.829204314,0,,0,0,0
8/11/2021,W.P. Labuan,,0,7.296181179,0,,0,0,0
9/11/2021,W.P. Labuan,,0,7.308979813,0,,0,0,0
10/11/2021,W.P. Labuan,,32.60515161,16.13849765,38.40245776,,0,0,0
11/11/2021,W.P. Labuan,,0,27.9456971,0,,0,0,0
12/11/2021,W.P. Labuan,,0,17.69363471,0,,0,0,0
13/11/2021,W.P. Labuan,,0,14.75035032,33.73819163,,0,0,0
14/11/2021,W.P. Labuan,,0,10.32509293,0,,0,0,0
15/11/2021,W.P. Labuan,,0,4.425757911,0,,0,0,0
16/11/2021,W.P. Labuan,,0,25.14681301,27.90178571,,0,0,0
17/11/2021,W.P. Labuan,,0,22.27568386,0,,0,0,0
18/11/2021,W.P. Labuan,,0,22.2746915,22.5631769,,0,0,0
19/11/2021,W.P. Labuan,,0,22.34636872,40.56795132,,0,0,0
20/11/2021,W.P. Labuan,,0,16.40811456,19.07304978,,0,0,0
21/11/2021,W.P. Labuan,,0,10.43872469,19.04761905,,0,0,0
22/11/2021,W.P. Labuan,,0,7.482117739,0,,0,0,0
23/11/2021,W.P. Labuan,,0,31.60080657,31.89792663,,0,0,0
24/11/2021,W.P. Labuan,,0,33.313648,29.77963073,,0,0,0
25/11/2021,W.P. Labuan,,0,30.47108294,28.08594299,,0,0,0
26/11/2021,W.P. Labuan,,0,24.5594646,0,,0,0,0
27/11/2021,W.P. Labuan,,0,7.710456922,0,,0,0,0
28/11/2021,W.P. Labuan,,0,23.13065737,0,,0,0,0
29/11/2021,W.P. Labuan,,0,3.112646683,0,,0,0,0
30/11/2021,W.P. Labuan,,0,18.78728101,0,,0,1.565606751,0
1/12/2021,W.P. Labuan,,0,6.30497147,0,,0,0,0
2/12/2021,W.P. Labuan,,0,6.342762908,0,,0,0,0
3/12/2021,W.P. Labuan,,0,30.43896187,9.912767645,,0,0,0
4/12/2021,W.P. Labuan,,35.0877193,9.659191526,9.716284493,,0,0,0
5/12/2021,W.P. Labuan,,0,6.439461017,0,,0,0,0
6/12/2021,W.P. Labuan,,0,30.80514932,28.19283902,,0,0,0
7/12/2021,W.P. Labuan,,0,17.95654516,18.24651035,,0,0,0
8/12/2021,W.P. Labuan,,0,24.64308597,8.862891075,,0,0,0
9/12/2021,W.P. Labuan,,0,14.87873828,0,,0,0,0
10/12/2021,W.P. Labuan,,0,0,0,,0,0,0
11/12/2021,W.P. Labuan,,0,1.665473078,0,,0,0,0
12/12/2021,W.P. Labuan,,0,9.992838466,0,,0,0,0
13/12/2021,W.P. Labuan,,35.38570418,8.374788537,8.019889326,,0,0,0
14/12/2021,W.P. Labuan,,0,20.20508158,15.67398119,,0,0,0
15/12/2021,W.P. Labuan,,0,8.463530646,0,,0,0,0
16/12/2021,W.P. Labuan,,0,15.33350371,7.544322897,,0,0,0
17/12/2021,W.P. Labuan,,0,8.554319932,7.410151908,,0,0,0
18/12/2021,W.P. Labuan,,0,18.83819701,0,,0,0,0
19/12/2021,W.P. Labuan,,0,10.27538019,0,,0,0,0
20/12/2021,W.P. Labuan,,0,3.452621403,0,,0,0,0
21/12/2021,W.P. Labuan,,0,6.93781979,7.137758744,,0,0,0
22/12/2021,W.P. Labuan,,0,8.706251088,14.13527458,,0,0,0
23/12/2021,W.P. Labuan,,0,3.497298337,7.004272606,,0,0,0
24/12/2021,W.P. Labuan,,0,1.755864588,6.952652437,,0,0,0
25/12/2021,W.P. Labuan,,0,5.276395167,6.927126628,,0,0,0
26/12/2021,W.P. Labuan,,0,0,0,,0,0,0
27/12/2021,W.P. Labuan,,0,7.063269234,6.878998418,,0,0,0
28/12/2021,W.P. Labuan,,0,10.62962832,0,,0,0,0
29/12/2021,W.P. Labuan,,0,8.878786803,6.743088334,,0,0,0
30/12/2021,W.P. Labuan,,0,8.89853886,0,,0,0,0
31/12/2021,W.P. Labuan,,0,0,0,,0,0,0
1/1/2022,W.P. Labuan,,0,19.63093836,13.11733456,,0,0,0
2/1/2022,W.P. Labuan,,0,1.78463076,0,,0,0,0
3/1/2022,W.P. Labuan,,0,5.363272311,12.93242806,,0,0,0
4/1/2022,W.P. Labuan,,0,14.33923034,19.07062488,,0,0,0
5/1/2022,W.P. Labuan,,0,23.36196672,0,,0,0,0
6/1/2022,W.P. Labuan,,0,12.62671814,6.16750956,,0,0,0
7/1/2022,W.P. Labuan,,0,5.431437158,0,,0,0,0
8/1/2022,W.P. Labuan,,0,18.10479053,6.093473889,,0,0,0
9/1/2022,W.P. Labuan,,0,1.810511832,6.093473889,,0,0,0
10/1/2022,W.P. Labuan,,0,0,17.77777778,,0,0,0
11/1/2022,W.P. Labuan,,0,10.95710294,11.39536209,,0,0,0
12/1/2022,W.P. Labuan,,0,16.50921765,10.95590249,,0,0,0
13/1/2022,W.P. Labuan,,0,11.04931678,0,,0,0,0
14/1/2022,W.P. Labuan,,0,11.08872831,14.8214021,,0,0,0
15/1/2022,W.P. Labuan,,0,12.93684969,9.561600612,,0,0,0
16/1/2022,W.P. Labuan,,0,1.848121385,0,,0,0,0
17/1/2022,W.P. Labuan,,0,9.319664492,4.570383912,,0,0,0
18/1/2022,W.P. Labuan,,0,7.550161385,0,,0,0,0
19/1/2022,W.P. Labuan,,0,1.91285053,0,,0,0,0
20/1/2022,W.P. Labuan,,0,1.950420316,0,,0,0,0
21/1/2022,W.P. Labuan,,0,5.964689041,0,,0,0,0
22/1/2022,W.P. Labuan,,0,10.07576979,7.358081012,,0,0,0
23/1/2022,W.P. Labuan,,0,2.015153958,0,,0,0,0
24/1/2022,W.P. Labuan,,0,0,0,,0,0,0
25/1/2022,W.P. Labuan,,0,0,0,,0,0,0
26/1/2022,W.P. Labuan,,0,15.04567437,12.88659794,,0,0,0
27/1/2022,W.P. Labuan,,0,4.402958788,3.096071086,,0,0,0
28/1/2022,W.P. Labuan,,0,0,0,,0,0,0
29/1/2022,W.P. Labuan,,0,0,0,,0,0,0
30/1/2022,W.P. Labuan,,0,2.305422353,0,,0,0,0
31/1/2022,W.P. Labuan,,0,2.381973227,5.711348449,,0,0,0
1/2/2022,W.P. Labuan,,0,0,2.784739627,,0,0,0
2/2/2022,W.P. Labuan,,0,2.529788257,10.89651039,,0,0,0
3/2/2022,W.P. Labuan,,0,5.225479438,15.95914459,,0,0,0
4/2/2022,W.P. Labuan,,0,10.78341511,10.43460114,,0,0,0
5/2/2022,W.P. Labuan,,0,19.23711114,23.26362861,,0,0,0
6/2/2022,W.P. Labuan,,0,19.24663184,5.169695246,,0,0,0
7/2/2022,W.P. Labuan,,0,22.49908597,30.60287667,,0,0,0
8/2/2022,W.P. Labuan,,0,51.92107996,58.65551362,,0,0,0
9/2/2022,W.P. Labuan,,0,109.2444418,107.0800296,,0,0,0
10/2/2022,W.P. Labuan,,71.96833393,154.6157344,134.3064214,,0,0,0
11/2/2022,W.P. Labuan,,0,127.1396676,168.4517524,,0,0,0
12/2/2022,W.P. Labuan,,35.98416697,97.18477648,130.4369638,,0,0,0
13/2/2022,W.P. Labuan,,35.99712023,147.3446611,223.2478804,,0,0,0
14/2/2022,W.P. Labuan,,71.94244604,254.9800797,391.7165669,,0,0,0
15/2/2022,W.P. Labuan,,35.99712023,226.2948207,312.1438835,,0,0,0
16/2/2022,W.P. Labuan,,0,344.3438337,491.8960132,,0,0,0
17/2/2022,W.P. Labuan,,71.94244604,269.8188359,480.2301204,,0,0,0
18/2/2022,W.P. Labuan,,71.91657677,262.7737226,388.9170713,,0,0,0
19/2/2022,W.P. Labuan,,71.8907261,325.3725516,389.4698882,,0,0,0
20/2/2022,W.P. Labuan,,35.97122302,198.4772565,338.4866526,,0,0,0
21/2/2022,W.P. Labuan,,71.94244604,265.3736527,281.032676,,0,0,0
22/2/2022,W.P. Labuan,,71.864894,380.2658554,535.1880231,,0,0,0
23/2/2022,W.P. Labuan,,35.932447,403.9797009,463.7219542,,0,0,0
24/2/2022,W.P. Labuan,,35.90664273,459.5992025,439.0141925,,0,0,0
25/2/2022,W.P. Labuan,,35.85514521,335.4211589,390.4535268,,0,0,0
26/2/2022,W.P. Labuan,,35.67606136,203.3080634,386.4200938,,0,0,0
27/2/2022,W.P. Labuan,,0,169.2047377,160.7532438,,0,0,0
28/2/2022,W.P. Labuan,,71.30124777,188.6199308,277.247523,,0,0,0
1/3/2022,W.P. Labuan,,35.54923569,258.828535,461.946061,,0,0,0
2/3/2022,W.P. Labuan,,0,200.5515167,324.1564055,,0,0,0
3/3/2022,W.P. Labuan,,35.5366027,228.467815,259.3395783,,0,0,0
4/3/2022,W.P. Labuan,,35.52397869,223.0836747,310.9867164,,0,0,0
5/3/2022,W.P. Labuan,,0,162.0447096,258.3351733,,0,0,0
6/3/2022,W.P. Labuan,,35.4861604,114.458721,149.7830349,,0,0,0
7/3/2022,W.P. Labuan,,0,127.6995305,168.6710039,,0,0,0
8/3/2022,W.P. Labuan,,35.4861604,192.6782274,292.5317091,,0,0,0
9/3/2022,W.P. Labuan,,0,87.76281146,156.8798344,,0,0,0
10/3/2022,W.P. Labuan,,0,73.35624107,117.4066183,,0,0,0
11/3/2022,W.P. Labuan,,0,93.70241674,138.7864857,,0,0,0
12/3/2022,W.P. Labuan,,0,86.81583205,175.2639778,,0,0,0
13/3/2022,W.P. Labuan,,0,55.48289938,105.9413647,,0,0,0
14/3/2022,W.P. Labuan,,0,56.04259237,83.95040468,,0,0,0
15/3/2022,W.P. Labuan,,0,136.9531942,178.279921,,0,0,0
16/3/2022,W.P. Labuan,,0,88.92122388,184.2449172,,0,0,0
17/3/2022,W.P. Labuan,,0,85.21689729,87.56567426,,0,0,0
18/3/2022,W.P. Labuan,,0,32.62243608,110.7419712,,0,0,0
19/3/2022,W.P. Labuan,,35.5366027,61.42254617,104.2442293,,0,0,0
20/3/2022,W.P. Labuan,,0,32.80705352,99.9553391,,0,0,0
21/3/2022,W.P. Labuan,,35.54923569,49.62368704,118.9439477,,0,0,0
22/3/2022,W.P. Labuan,,0,83.04268394,169.7576709,,0,0,0
23/3/2022,W.P. Labuan,,0,0,0,,0,0,0
24/3/2022,W.P. Labuan,,0,46.16611407,91.07661026,,0,0,0
25/3/2022,W.P. Labuan,,0,42.2065589,84.56659619,,0,0,0
26/3/2022,W.P. Labuan,,35.76537911,8.458805617,42.15851602,,0,0,0
27/3/2022,W.P. Labuan,,35.75259206,21.16133401,52.66262218,,0,0,0
28/3/2022,W.P. Labuan,,0,42.42681375,75.65409268,,0,0,0
29/3/2022,W.P. Labuan,,0,29.75431438,65.06590547,,0,0,0
30/3/2022,W.P. Labuan,,0,21.29199847,52.39332719,,0,0,0
31/3/2022,W.P. Labuan,,0,21.33105802,64.87391441,,0,0,0
1/4/2022,W.P. Labuan,,35.77817531,42.82105083,31.3250496,,0,0,0
2/4/2022,W.P. Labuan,,0,8.615861802,8.336633251,,0,0,0
3/4/2022,W.P. Labuan,,0,8.627011172,29.1496627,,0,0,0
4/4/2022,W.P. Labuan,,0,17.33778336,39.46493852,,0,0,0
5/4/2022,W.P. Labuan,,0,13.03441084,22.79037003,,0,0,0
6/4/2022,W.P. Labuan,,0,30.5037476,55.79549916,,0,0,0
7/4/2022,W.P. Labuan,,0,13.10558735,18.51394717,,0,0,0
8/4/2022,W.P. Labuan,,0,26.32618139,26.66994912,,0,0,0
9/4/2022,W.P. Labuan,,0,13.21818823,20.50314723,,0,0,0
10/4/2022,W.P. Labuan,,0,17.66082388,10.25157362,,0,0,0
11/4/2022,W.P. Labuan,,0,8.875870945,20.47418206,,0,0,0
12/4/2022,W.P. Labuan,,0,0,22.50869654,,0,0,0
13/4/2022,W.P. Labuan,,35.932447,0,6.13145847,,0,0,0
14/4/2022,W.P. Labuan,,0,0,0,,0,0,0
15/4/2022,W.P. Labuan,,0,0,2.038860685,,0,0,0
16/4/2022,W.P. Labuan,,0,4.564542633,4.077721369,,0,0,0
17/4/2022,W.P. Labuan,,0,0,8.155442739,,0,0,0
18/4/2022,W.P. Labuan,,0,0,4.073319756,,0,0,0
19/4/2022,W.P. Labuan,,0,4.584001834,4.068762079,,0,0,0
20/4/2022,W.P. Labuan,,0,4.594743613,10.1599171,,0,0,0
21/4/2022,W.P. Labuan,,0,4.609569466,14.21319797,,0,0,0
22/4/2022,W.P. Labuan,,0,0,16.21336792,,0,0,0
23/4/2022,W.P. Labuan,,0,0,4.05334198,,0,0,0
24/4/2022,W.P. Labuan,,0,4.619791185,6.079273729,,0,0,0
25/4/2022,W.P. Labuan,,0,4.630272723,0,,0,0,0
26/4/2022,W.P. Labuan,,0,0,8.097493826,,0,0,0
27/4/2022,W.P. Labuan,,0,0,4.042854255,,0,0,0
28/4/2022,W.P. Labuan,,0,4.662222015,0,,0,0,0
29/4/2022,W.P. Labuan,,0,0,0,,0,0,0
30/4/2022,W.P. Labuan,,0,0,2.017552709,,0,0,0
1/5/2022,W.P. Labuan,,0,0,2.017512004,,0,0,0
2/5/2022,W.P. Labuan,,0,0,2.015438257,,0,0,0
3/5/2022,W.P. Labuan,,0,4.693513564,0,,0,0,0
4/5/2022,W.P. Labuan,,0,0,2.01247736,,0,0,0
5/5/2022,W.P. Labuan,,0,0,2.01134398,,0,0,0
6/5/2022,W.P. Labuan,,0,0,2.010292699,,0,0,0
7/5/2022,W.P. Labuan,,0,4.729474082,10.05105938,,0,0,0
8/5/2022,W.P. Labuan,,0,0,10.05105938,,0,0,0
9/5/2022,W.P. Labuan,,0,14.22137947,20.10211876,,0,0,0
10/5/2022,W.P. Labuan,,0,9.502993443,16.08169501,,0,0,0
11/5/2022,W.P. Labuan,,0,19.02678019,8.039877794,,0,0,0
12/5/2022,W.P. Labuan,,0,0,4.019696513,,0,0,0
13/5/2022,W.P. Labuan,,0,0,6.028817749,,0,0,0
14/5/2022,W.P. Labuan,,0,0,4.019211833,,0,0,0
15/5/2022,W.P. Labuan,,0,0,8.038423665,,0,0,0
16/5/2022,W.P. Labuan,,0,0,8.035516985,,0,0,0
17/5/2022,W.P. Labuan,,0,4.769172072,8.034225802,,0,0,0
18/5/2022,W.P. Labuan,,0,0,12.04964454,,0,0,0
19/5/2022,W.P. Labuan,,0,9.542440002,8.03164468,,0,0,0
20/5/2022,W.P. Labuan,,0,0,2.006903749,,0,0,0
21/5/2022,W.P. Labuan,,0,0,2.006903749,,0,0,0
22/5/2022,W.P. Labuan,,0,0,0,,0,0,0
23/5/2022,W.P. Labuan,,0,0,0,,0,0,0
24/5/2022,W.P. Labuan,,0,4.778515793,8.026165299,,0,0,0
25/5/2022,W.P. Labuan,,0,0,4.012760579,,0,0,0
26/5/2022,W.P. Labuan,,0,0,8.025038119,,0,0,0
27/5/2022,W.P. Labuan,,0,0,0,,0,0,0
28/5/2022,W.P. Labuan,,0,0,2.005897338,,0,0,0
29/5/2022,W.P. Labuan,,0,0,0,,0,0,0
30/5/2022,W.P. Labuan,,0,0,0,,0,0,0
31/5/2022,W.P. Labuan,,0,0,2.00565595,,0,0,0
1/6/2022,W.P. Labuan,,0,0,2.005414619,,0,0,0
2/6/2022,W.P. Labuan,,0,0,0,,0,0,0
3/6/2022,W.P. Labuan,,0,4.793404276,2.005133141,,0,0,0
4/6/2022,W.P. Labuan,,0,4.793404276,0,,0,0,0
5/6/2022,W.P. Labuan,,0,0,0,,0,0,0
6/6/2022,W.P. Labuan,,0,0,0,,0,0,0
7/6/2022,W.P. Labuan,,0,0,2.005133141,,0,0,0
8/6/2022,W.P. Labuan,,0,0,0,,0,0,0
9/6/2022,W.P. Labuan,,0,0,2.004570421,,0,0,0
10/6/2022,W.P. Labuan,,0,0,2.004409701,,0,0,0
11/6/2022,W.P. Labuan,,0,4.797543658,4.008819403,,0,0,0
12/6/2022,W.P. Labuan,,0,0,0,,0,0,0
13/6/2022,W.P. Labuan,,0,0,0,,0,0,0
14/6/2022,W.P. Labuan,,0,0,4.008739051,,0,0,0
15/6/2022,W.P. Labuan,,0,0,0,,0,0,0
16/6/2022,W.P. Labuan,,0,0,0,,0,0,0
17/6/2022,W.P. Labuan,,0,0,4.008337342,,0,0,0
18/6/2022,W.P. Labuan,,0,0,2.004168671,,0,0,0
19/6/2022,W.P. Labuan,,0,0,0,,0,0,0
20/6/2022,W.P. Labuan,,35.94536305,4.801690195,10.01883541,,0,0,0
21/6/2022,W.P. Labuan,,0,0,2.003606492,,0,0,0
22/6/2022,W.P. Labuan,,0,0,4.006731309,,0,0,0
23/6/2022,W.P. Labuan,,0,0,2.003205128,,0,0,0
24/6/2022,W.P. Labuan,,0,0,8.012178511,,0,0,0
25/6/2022,W.P. Labuan,,0,4.801920768,4.006089256,,0,0,0
26/6/2022,W.P. Labuan,,0,0,2.003044628,,0,0,0
27/6/2022,W.P. Labuan,,0,0,14.02131239,,0,0,0
28/6/2022,W.P. Labuan,,0,0,6.008532116,,0,0,0
29/6/2022,W.P. Labuan,,0,14.41822464,18.02451334,,0,0,0
30/6/2022,W.P. Labuan,,0,0,4.005046358,,0,0,0
1/7/2022,W.P. Labuan,,0,0,2.002362788,,0,0,0
2/7/2022,W.P. Labuan,,0,0,0,,0,0,0
3/7/2022,W.P. Labuan,,0,0,12.01393617,,0,0,0
4/7/2022,W.P. Labuan,,0,0,20.02242512,,0,0,0
5/7/2022,W.P. Labuan,,0,9.61677165,8.008970046,,0,0,0
6/7/2022,W.P. Labuan,,0,9.617696562,10.01021041,,0,0,0
7/7/2022,W.P. Labuan,,0,9.62000962,14.01401401,,0,0,0
8/7/2022,W.P. Labuan,,0,0,16.01569538,,0,0,0
9/7/2022,W.P. Labuan,,0,0,2.001961923,,0,0,0
10/7/2022,W.P. Labuan,,0,0,8.007847691,,0,0,0
11/7/2022,W.P. Labuan,,0,0,6.005404864,,0,0,0
12/7/2022,W.P. Labuan,,0,9.623249771,16.01441297,,0,0,0
13/7/2022,W.P. Labuan,,0,4.812782751,10.00840706,,0,0,0
14/7/2022,W.P. Labuan,,0,4.813014391,10.00800641,,0,0,0
15/7/2022,W.P. Labuan,,0,4.813246053,4.002801961,,0,0,0
16/7/2022,W.P. Labuan,,0,4.813246053,2.001400981,,0,0,0
17/7/2022,W.P. Labuan,,0,9.626492106,10.0070049,,0,0,0
18/7/2022,W.P. Labuan,,0,9.627882347,32.02241569,,0,0,0
19/7/2022,W.P. Labuan,,0,4.813941174,18.01188785,,0,0,0
20/7/2022,W.P. Labuan,,36.01008282,19.2576188,24.01440865,,0,0,0
21/7/2022,W.P. Labuan,,0,14.44390948,28.01456758,,0,0,0
22/7/2022,W.P. Labuan,,0,4.81579581,28.01456758,,0,0,0
23/7/2022,W.P. Labuan,,0,0,6.003121623,,0,0,0
24/7/2022,W.P. Labuan,,0,0,18.00936487,,0,0,0
25/7/2022,W.P. Labuan,,0,9.631591621,26.0119655,,0,0,0
26/7/2022,W.P. Labuan,,0,33.71381785,34.014286,,0,0,0
27/7/2022,W.P. Labuan,,36.02305476,9.633447329,38.01368493,,0,0,0
28/7/2022,W.P. Labuan,,0,0,22.00704225,,0,0,0
29/7/2022,W.P. Labuan,,0,0,16.00352077,,0,0,0
30/7/2022,W.P. Labuan,,0,0,4.000880194,,0,0,0
31/7/2022,W.P. Labuan,,0,4.817651876,8.001760387,,0,0,0
1/8/2022,W.P. Labuan,,0,0,12.00192031,,0,0,0
2/8/2022,W.P. Labuan,,0,0,16.00256041,,0,0,0
3/8/2022,W.P. Labuan,,0,4.818580446,12.00192031,,0,0,0
4/8/2022,W.P. Labuan,,0,0,4.000560078,,0,0,0
5/8/2022,W.P. Labuan,,0,4.819973972,11.99976,,0,0,0
6/8/2022,W.P. Labuan,,0,0,3.999920002,,0,0,0
7/8/2022,W.P. Labuan,,0,0,1.999960001,,0,0,0
8/8/2022,W.P. Labuan,,0,24.10335519,27.99944001,,0,0,0
9/8/2022,W.P. Labuan,,0,9.641342075,17.99856012,,0,0,0
10/8/2022,W.P. Labuan,,0,0,15.9987201,,0,0,0
11/8/2022,W.P. Labuan,,0,9.641806875,17.99820018,,0,0,0
12/8/2022,W.P. Labuan,,0,4.822763443,3.99896027,,0,0,0
13/8/2022,W.P. Labuan,,0,0,0,,0,0,0
14/8/2022,W.P. Labuan,,0,0,1.999480135,,0,0,0
15/8/2022,W.P. Labuan,,0,19.29105377,21.99252254,,0,0,0
16/8/2022,W.P. Labuan,,0,4.823461316,13.99328322,,0,0,0
17/8/2022,W.P. Labuan,,0,0,3.997921081,,0,0,0
18/8/2022,W.P. Labuan,,36.07503608,4.823693985,7.995682332,,0,0,0
19/8/2022,W.P. Labuan,,0,0,3.997761254,,0,0,0
20/8/2022,W.P. Labuan,,0,0,1.998880627,,0,0,0
21/8/2022,W.P. Labuan,,0,0,3.997761254,,0,0,0
22/8/2022,W.P. Labuan,,0,4.826254826,9.993803842,,0,0,0
23/8/2022,W.P. Labuan,,0,0,7.994883275,,0,0,0
24/8/2022,W.P. Labuan,,0,14.48505625,7.994723483,,0,0,0
25/8/2022,W.P. Labuan,,0,9.656704167,7.994723483,,0,0,0
26/8/2022,W.P. Labuan,,0,9.657170449,9.99280518,,0,0,0
27/8/2022,W.P. Labuan,,0,0,5.995683108,,0,0,0
28/8/2022,W.P. Labuan,,0,0,1.998561036,,0,0,0
29/8/2022,W.P. Labuan,,0,0,11.99136622,,0,0,0
30/8/2022,W.P. Labuan,,0,4.829051574,13.98964766,,0,0,0
31/8/2022,W.P. Labuan,,0,0,0,,0,0,0
1/9/2022,W.P. Labuan,,0,4.829051574,5.995323648,,0,0,0
2/9/2022,W.P. Labuan,,0,4.829751268,5.995323648,,0,0,0
3/9/2022,W.P. Labuan,,0,0,1.998441216,,0,0,0
4/9/2022,W.P. Labuan,,0,0,1.998441216,,0,0,0
5/9/2022,W.P. Labuan,,0,4.829751268,7.99328564,,0,0,0
6/9/2022,W.P. Labuan,,0,9.659969088,3.99664282,,0,0,0
7/9/2022,W.P. Labuan,,0,14.49065353,13.98824987,,0,0,0
8/9/2022,W.P. Labuan,,0,0,3.996483095,,0,0,0
9/9/2022,W.P. Labuan,,0,9.660902328,5.994485074,,0,0,0
10/9/2022,W.P. Labuan,,0,0,7.992646765,,0,0,0
11/9/2022,W.P. Labuan,,0,0,5.994485074,,0,0,0
12/9/2022,W.P. Labuan,,0,4.831151263,7.992327366,,0,0,0
13/9/2022,W.P. Labuan,,0,0,7.992007992,,0,0,0
14/9/2022,W.P. Labuan,,0,4.830917874,0,,0,0,0
15/9/2022,W.P. Labuan,,0,0,0,,0,0,0
16/9/2022,W.P. Labuan,,0,9.663703131,1.997802417,,0,0,0
17/9/2022,W.P. Labuan,,0,4.831851566,0,,0,0,0
18/9/2022,W.P. Labuan,,0,0,0,,0,0,0
19/9/2022,W.P. Labuan,,0,4.832318546,3.995604835,,0,0,0
20/9/2022,W.P. Labuan,,0,4.832785618,1.997762506,,0,0,0
21/9/2022,W.P. Labuan,,0,0,15.98210005,,0,0,0
22/9/2022,W.P. Labuan,,0,0,3.995205753,,0,0,0
23/9/2022,W.P. Labuan,,0,0,3.995205753,,0,0,0
24/9/2022,W.P. Labuan,,0,0,0,,0,0,0
25/9/2022,W.P. Labuan,,0,0,0,,0,0,0
26/9/2022,W.P. Labuan,,0,0,13.98322014,,0,0,0
27/9/2022,W.P. Labuan,,0,0,0,,0,0,0
28/9/2022,W.P. Labuan,,0,0,0,,0,0,0
29/9/2022,W.P. Labuan,,0,0,1.997602877,,0,0,0
30/9/2022,W.P. Labuan,,0,0,1.997602877,,0,0,0
1/10/2022,W.P. Labuan,,0,4.834654806,1.997602877,,0,0,0
2/10/2022,W.P. Labuan,,0,0,3.995205753,,0,0,0
3/10/2022,W.P. Labuan,,0,0,1.997523071,,0,0,0
4/10/2022,W.P. Labuan,,0,4.834654806,0,,0,0,0
5/10/2022,W.P. Labuan,,0,4.834654806,1.997483171,,0,0,0
6/10/2022,W.P. Labuan,,0,0,1.997403376,,0,0,0
7/10/2022,W.P. Labuan,,0,0,1.997403376,,0,0,0
8/10/2022,W.P. Labuan,,0,0,0,,0,0,0
9/10/2022,W.P. Labuan,,0,0,0,,0,0,0
10/10/2022,W.P. Labuan,,0,0,0,,0,0,0
11/10/2022,W.P. Labuan,,0,0,1.997283694,,0,0,0
12/10/2022,W.P. Labuan,,0,0,9.986219018,,0,0,0
13/10/2022,W.P. Labuan,,0,4.835823783,3.994407829,,0,0,0
14/10/2022,W.P. Labuan,,0,0,5.991611744,,0,0,0
15/10/2022,W.P. Labuan,,0,0,0,,0,0,0
16/10/2022,W.P. Labuan,,0,0,0,,0,0,0
17/10/2022,W.P. Labuan,,0,0,3.994407829,,0,0,0
18/10/2022,W.P. Labuan,,0,0,0,,0,0,0
19/10/2022,W.P. Labuan,,0,0,0,,0,0,0
20/10/2022,W.P. Labuan,,0,0,3.994088749,,0,0,0
21/10/2022,W.P. Labuan,,0,0,5.99101348,,0,0,0
22/10/2022,W.P. Labuan,,0,0,0,,0,0,0
23/10/2022,W.P. Labuan,,0,4.836759371,1.997004493,,0,0,0
24/10/2022,W.P. Labuan,,0,0,3.993849472,,0,0,0
25/10/2022,W.P. Labuan,,0,4.8374613,9.98462368,,0,0,0
26/10/2022,W.P. Labuan,,0,4.837695322,3.993849472,,0,0,0
27/10/2022,W.P. Labuan,,0,4.837695322,9.98462368,,0,0,0
28/10/2022,W.P. Labuan,,0,0,11.98130916,,0,0,0
29/10/2022,W.P. Labuan,,0,0,1.99688486,,0,0,0
30/10/2022,W.P. Labuan,,0,0,1.99688486,,0,0,0
31/10/2022,W.P. Labuan,,0,0,7.987539438,,0,0,0
1/11/2022,W.P. Labuan,,0,9.676795045,5.990415335,,0,0,0
2/11/2022,W.P. Labuan,,0,9.676795045,17.97124601,,0,0,0
3/11/2022,W.P. Labuan,,0,4.838397523,5.990415335,,0,0,0
4/11/2022,W.P. Labuan,,0,9.67726327,3.993610224,,0,0,0
5/11/2022,W.P. Labuan,,0,0,0,,0,0,0
6/11/2022,W.P. Labuan,,0,0,0,,0,0,0
7/11/2022,W.P. Labuan,,0,38.70905308,19.9676524,,0,0,0
8/11/2022,W.P. Labuan,,0,33.87369949,3.993371004,,0,0,0
9/11/2022,W.P. Labuan,,0,9.678199855,19.9660577,,0,0,0
10/11/2022,W.P. Labuan,,0,0,7.985944737,,0,0,0
11/11/2022,W.P. Labuan,,0,33.87369949,11.97891711,,0,0,0
12/11/2022,W.P. Labuan,,0,0,3.992972369,,0,0,0
13/11/2022,W.P. Labuan,,0,0,15.97188947,,0,0,0
14/11/2022,W.P. Labuan,,0,24.19667054,19.96406468,,0,0,0
15/11/2022,W.P. Labuan,,0,24.19901268,23.95592111,,0,0,0
16/11/2022,W.P. Labuan,,0,9.68054211,21.95959435,,0,0,0
17/11/2022,W.P. Labuan,,,,,,0,0,0
18/11/2022,W.P. Labuan,,,,,,0,0,0
19/11/2022,W.P. Labuan,,,,,,0,0,0
20/11/2022,W.P. Labuan,,,,,,0,0,0
21/11/2022,W.P. Labuan,,,,,,0,0,0
22/11/2022,W.P. Labuan,,,,,,0,0,0
23/11/2022,W.P. Labuan,,,,,,0,0,0
24/5/2021,Selangor,,33.65928931,25.37975128,,,0,0,
25/5/2021,Selangor,,25.74541008,27.48617762,,,0.402272032,0,
26/5/2021,Selangor,,20.49325399,19.49718345,,,1.490418472,0,
27/5/2021,Selangor,,21.19235239,23.18559542,,,1.059617619,0,
28/5/2021,Selangor,,20.04764657,29.50893963,,,0.334127443,0,
29/5/2021,Selangor,,19.83983272,24.76617047,,,0,0,
30/5/2021,Selangor,,11.35450251,18.96973274,,,0,0,
31/5/2021,Selangor,,22.93551679,21.61283185,,,0.57338792,0,
1/6/2021,Selangor,,22.88187836,22.52071906,,,1.615191414,0,
2/6/2021,Selangor,,18.68800129,18.89589814,,,0.252540558,0,
3/6/2021,Selangor,,16.20007325,16.17260931,,,0.469567341,0,
4/6/2021,Selangor,,14.71609833,14.82394252,,,0.649239632,0,
5/6/2021,Selangor,,13.93353904,11.11759638,,,0.403870697,0,
6/6/2021,Selangor,,8.738797347,14.8233245,,,0.194195497,0,
7/6/2021,Selangor,,12.27851449,13.56416528,,,0.188900223,0,
8/6/2021,Selangor,,11.50228878,16.27010127,,,0.179723262,0,
9/6/2021,Selangor,,13.70022537,16.69529764,,,0.171252817,0,
10/6/2021,Selangor,,12.27658659,21.08636977,,,0.491063463,0,
11/6/2021,Selangor,,14.58194504,15.95183364,,,0.313590216,0,
12/6/2021,Selangor,,13.5845226,11.8008985,,,0.447841404,0,
13/6/2021,Selangor,,7.681343723,9.354955483,,,0.426741318,0,
14/6/2021,Selangor,,13.28496522,11.54844773,,,0.406682609,0,
15/6/2021,Selangor,,14.24237677,15.96896568,,,0.258952305,0,
16/6/2021,Selangor,,12.91493852,15.35714971,,,0.122999415,0,
17/6/2021,Selangor,,13.12033515,13.43069951,,,0.342269613,0,
18/6/2021,Selangor,,12.07331439,11.85835766,,,0.326305794,0,
19/6/2021,Selangor,,14.29213755,12.23611106,,,0.208644344,0,
20/6/2021,Selangor,,11.72598478,12.23597069,,,0.400888369,0,
21/6/2021,Selangor,,16.82585528,18.90595046,,,0.288443233,0,
22/6/2021,Selangor,,18.68255758,22.45262315,,,0.460161517,0,
23/6/2021,Selangor,,17.66801535,22.62034021,,,0.263701722,0,
24/6/2021,Selangor,,19.09093366,21.23903203,,,0.506838947,0,
25/6/2021,Selangor,,22.31212216,25.30413002,,,0.570017719,0,
26/6/2021,Selangor,,18.67200303,17.41013206,,,0.393924114,0,
27/6/2021,Selangor,,16.37719718,18.04237108,,,0.530742501,0,
28/6/2021,Selangor,,28.70326954,29.29821617,,,0.511254165,0.305189752,
29/6/2021,Selangor,,32.76357199,41.16339516,,,0.776722612,0,
30/6/2021,Selangor,,31.43667662,30.72232577,,,0.751746615,0,
1/7/2021,Selangor,,37.95860598,48.02639757,,,0.528119735,0,
2/7/2021,Selangor,,43.47965293,44.018537,,,0.51227868,0,
3/7/2021,Selangor,,33.91694874,37.76414672,,,1.240107815,0,
4/7/2021,Selangor,,30.62171134,34.16715541,,,0.845569938,0.26903272,
5/7/2021,Selangor,,53.98169194,63.45604956,,,0.996404737,0,
6/7/2021,Selangor,,57.18082179,56.15367223,,,1.241834234,0,
7/7/2021,Selangor,,58.5233213,62.84922826,,,1.358480067,0,
8/7/2021,Selangor,,65.58607322,55.91580163,,,1.27558003,0,
9/7/2021,Selangor,,68.03893082,58.53093824,,,2.057110531,0.215981322,
10/7/2021,Selangor,,62.7279582,57.33712739,,,1.485271307,0.213149172,
11/7/2021,Selangor,,48.41205575,39.30233052,,,1.729001991,0.21244503,
12/7/2021,Selangor,,72.49538293,58.12036274,,,1.827614696,0.618301731,
13/7/2021,Selangor,,81.60926604,62.40010079,,,1.988265618,0,
14/7/2021,Selangor,,74.82960212,63.95822892,,,1.616284459,0.187012365,
15/7/2021,Selangor,,84.71932839,69.14596731,,,1.595309454,0.355506259,
16/7/2021,Selangor,,67.75883025,58.30073689,,,1.978654757,0.169478886,
17/7/2021,Selangor,,71.24985051,54.98263792,,,2.329695385,0.49091641,
18/7/2021,Selangor,,66.30065383,51.74085766,,,2.001101739,0.476142862,
19/7/2021,Selangor,,106.4914575,87.00665336,,,1.727683294,0.151315919,
20/7/2021,Selangor,,71.31956506,49.66465623,,,2.100776005,0.286251621,
21/7/2021,Selangor,,102.8996149,80.58757116,,,2.355157796,0.664913953,
22/7/2021,Selangor,,97.857629,67.20007249,,,2.573418617,0.503371329,
23/7/2021,Selangor,,99.66795993,71.72861156,,,2.270415726,1.319422621,
24/7/2021,Selangor,,91.71859031,58.58041661,,,2.147901276,0.922526246,
25/7/2021,Selangor,,79.50833024,56.25653871,,,1.969730556,0.444715721,
26/7/2021,Selangor,,103.421973,71.07508469,,,1.87091944,0.63459897,
27/7/2021,Selangor,,115.7154848,72.47693437,,,1.327981568,1.104219222,
28/7/2021,Selangor,,107.1956611,64.9850821,,,2.169471377,1.242361864,
29/7/2021,Selangor,,107.4073376,64.90767773,,,1.710400248,1.186778918,
30/7/2021,Selangor,,108.47221,67.1000835,,,1.882009952,0.526275165,
31/7/2021,Selangor,,89.3094162,51.1158042,,,1.709941741,0.92479251,
1/8/2021,Selangor,,75.56865412,44.44426454,,,1.951045252,0.971459334,
2/8/2021,Selangor,,117.5434549,74.80909784,,,2.261486534,0.926428456,
3/8/2021,Selangor,,124.4922424,66.20523177,,,2.306428841,1.408621953,
4/8/2021,Selangor,,131.8310606,71.303627,,,1.573766659,1.053748182,
5/8/2021,Selangor,,122.8903369,60.40061056,,,1.557399247,0.936443575,
6/8/2021,Selangor,,114.1217613,58.32606117,,,2.07224988,1.019909266,
7/8/2021,Selangor,,108.9393937,54.3328947,,,2.039949519,0.614625506,
8/8/2021,Selangor,,97.62706958,45.10971072,,,1.528347096,0.769588241,
9/8/2021,Selangor,,132.8353685,65.6495764,,,1.822290254,0.506294934,
10/8/2021,Selangor,,124.1366118,59.86046759,,,2.250410452,0.958619588,
11/8/2021,Selangor,,152.4967376,69.29594708,,,1.603074629,0.457566782,
12/8/2021,Selangor,,139.5020649,61.79129928,,,2.005958047,0.725817924,
13/8/2021,Selangor,,117.5596966,54.36439877,,,1.648546696,0.367948553,
14/8/2021,Selangor,,106.6260065,47.42176182,,,1.794279379,0.485697747,
15/8/2021,Selangor,,98.29085764,42.31181161,,,2.022935327,0.426530359,
16/8/2021,Selangor,,130.264158,57.56491084,,,1.849759264,0.446869456,
17/8/2021,Selangor,,120.3078119,51.49466057,,,1.467168438,0.425575707,
18/8/2021,Selangor,,117.759801,47.42734241,,,1.59566126,0.698542253,
19/8/2021,Selangor,,101.29934,44.4916375,,,1.564468572,0.455426211,
20/8/2021,Selangor,,120.2094422,39.62607697,,,1.879904396,0.367837001,
21/8/2021,Selangor,,122.6984871,43.94925566,,,1.353292137,0.45043161,
22/8/2021,Selangor,,86.86557218,29.75573893,,,2.253875295,0.621205406,
23/8/2021,Selangor,,158.8821876,47.94491213,,,2.046259998,0.297425013,
24/8/2021,Selangor,,123.8643228,45.59018093,,,1.355931284,0.143185242,
25/8/2021,Selangor,,116.9112628,45.79593332,,,1.529160394,0.027587912,
26/8/2021,Selangor,,114.1301742,43.83453021,,,1.931984141,0.132510672,
27/8/2021,Selangor,,85.53515384,36.97480362,,,2.147635897,0.254822906,
28/8/2021,Selangor,,63.22086273,29.97492558,,,1.143923934,0.369756483,
29/8/2021,Selangor,,67.83140712,27.64695674,,,1.100393627,0.239367591,
30/8/2021,Selangor,,81.82861847,38.74050968,,,1.053239644,0.25471943,
31/8/2021,Selangor,,90.65706336,32.28177286,,,1.669559178,0.201481245,
1/9/2021,Selangor,,70.68786606,35.73603414,,,1.218756311,0.172325662,
2/9/2021,Selangor,,93.61290702,35.46320822,,,1.355399233,0.187415663,
3/9/2021,Selangor,,66.31480114,28.14185182,,,1.031772012,0.120607936,
4/9/2021,Selangor,,56.14679585,24.54912383,,,0.393322563,0.136167882,
5/9/2021,Selangor,,42.49658747,19.92920602,,,1.331218403,0.301957667,
6/9/2021,Selangor,,56.86761666,29.57324593,,,1.064936642,0.149265595,
7/9/2021,Selangor,,68.39847026,32.81834859,,,1.767973383,0.018458014,
8/9/2021,Selangor,,54.83468653,24.61811357,0,,1.596019982,0.273737364,0
9/9/2021,Selangor,,54.25935974,27.30416297,0,,1.303172395,0.162310084,0
10/9/2021,Selangor,,50.96165383,26.21185675,0,,0.618466673,0.10706,0
11/9/2021,Selangor,,41.43036377,19.81691082,0,,1.172557465,0.105972785,0
12/9/2021,Selangor,,46.06216738,20.89654216,0,,0.689553404,0.227516791,0
13/9/2021,Selangor,,37.30473304,21.92184766,0,,0.43716484,0.069318095,0
14/9/2021,Selangor,,49.63286948,25.33381941,0,,0.916299129,0.188802177,0
15/9/2021,Selangor,,53.65406541,26.52074199,0,,0.638738874,0.101937509,0
16/9/2021,Selangor,,34.81320278,17.24155349,0,,0.336359447,0.134699637,0
17/9/2021,Selangor,,30.71849501,18.56065302,0,,0.882715374,0.183273953,0
18/9/2021,Selangor,,25.47598888,14.56881992,0,,0.936617238,0.115625555,0
19/9/2021,Selangor,,28.03166394,12.71705231,0,,0.789624336,0.114715678,0
20/9/2021,Selangor,,47.94103669,23.34785076,0,,0.62531787,0.081351396,0
21/9/2021,Selangor,,26.52655888,18.6003458,0,,0.891649038,0.080800807,0
22/9/2021,Selangor,,30.68864866,19.30181655,0,,1.153708596,0.016044735,0
23/9/2021,Selangor,,38.82426369,19.55486565,0,,0.737169564,0.095544946,0
24/9/2021,Selangor,,23.53330609,14.38732576,0,,1.293038796,0.063171573,0
25/9/2021,Selangor,,38.44717059,16.73533429,0,,0.272674969,0.156697887,0
26/9/2021,Selangor,,22.77543136,10.06783731,0,,0.2882966,0.077803998,0
27/9/2021,Selangor,,18.62117808,15.30914262,1538.461538,,0.610530429,0.092782683,0
28/9/2021,Selangor,,32.95261861,15.97597361,0,,0.319928336,0.061505192,0
29/9/2021,Selangor,,30.06912482,14.2909088,0,,0.6833892,0.106990761,0
30/9/2021,Selangor,,32.43278306,13.15639578,0,,0.360364256,0.060838824,0
1/10/2021,Selangor,,32.82768519,14.39332295,0,,0.763434539,0.060476147,0
2/10/2021,Selangor,,16.21198795,10.27438165,0,,0.405299699,0.10530113,0
3/10/2021,Selangor,,23.33833235,9.31295264,0,,0.43219134,0.059890371,0
4/10/2021,Selangor,,29.57206941,15.79601023,0,,0.454954914,0.059551405,0
5/10/2021,Selangor,,26.0804769,15.25392518,0,,0,0.118707589,0
6/10/2021,Selangor,,33.34333633,17.1575214,0,,0,0.088593054,0
7/10/2021,Selangor,,35.83882216,16.55707286,0,,0.484308408,0.073521638,0
8/10/2021,Selangor,,30.2780206,14.08799284,0,,0,0.117155866,0
9/10/2021,Selangor,,18.42189118,11.81737861,0,,0,0.058357425,0
10/10/2021,Selangor,,20.95964502,10.14689447,0,,0.511210854,0.087222589,0
11/10/2021,Selangor,,21.24473416,15.24136262,0,,0,0.072439936,0
12/10/2021,Selangor,,13.34208574,17.02824755,0,,0,0.028861437,0
13/10/2021,Selangor,,18.16710433,14.48475066,0,,0,0.028768124,0
14/10/2021,Selangor,,11.3437204,13.49147077,0,,1.13437204,0.043012128,0
15/10/2021,Selangor,,11.79913158,11.7516625,108.6956522,,0,0.042889279,0
16/10/2021,Selangor,,7.327573047,9.384427213,0,,0,0.099834332,0
17/10/2021,Selangor,,11.24627467,9.579693441,0,,0,0.014234314,0
18/10/2021,Selangor,,16.00327747,13.73420726,0,,0.640131099,0.042652818,0
19/10/2021,Selangor,,11.35900468,9.841904643,0,,1.336353492,0.028403765,0
20/10/2021,Selangor,,16.96698225,16.05969895,0,,2.03603787,0.085122079,0
21/10/2021,Selangor,,19.03177602,16.9114887,0,,0,0.042526795,0
22/10/2021,Selangor,,10.10429071,11.27151305,74.07407407,,0,0.070800961,0
23/10/2021,Selangor,,11.73399044,10.62464419,0,,0,0.014147329,0
24/10/2021,Selangor,,8.768917112,10.26538422,0,,0.730743093,0.056558591,0
25/10/2021,Selangor,,16.05499566,18.24633513,0,,0,0.042367651,0
26/10/2021,Selangor,,6.634330449,16.84372326,0,,0,0.070534855,0
27/10/2021,Selangor,,12.05863511,16.4582588,26.62406816,,0.753664695,0.070454875,0
28/10/2021,Selangor,,9.272638761,15.10063171,29.76190476,,0,0.056293128,0
29/10/2021,Selangor,,14.21722338,15.43348701,9.918666931,,0.789845743,0.098391994,0
30/10/2021,Selangor,,9.553987994,10.5205288,18.55804027,,0,0.084276599,0
31/10/2021,Selangor,,4.008240943,11.34156701,0,,0,0.028073186,0
1/11/2021,Selangor,,8.85304746,16.94900047,6.502796202,,0,0.056076098,0
2/11/2021,Selangor,,7.280198669,15.73568312,10.03965664,,0,0.042036553,0
3/11/2021,Selangor,,13.75348894,20.12938238,19.93064137,,0.809028761,0.153979976,0
4/11/2021,Selangor,,5.674126792,10.96756287,19.96655602,,0.810589542,0.069946192,0
5/11/2021,Selangor,,8.917063206,15.57689681,14.7413809,,0.81064211,0.069914259,0
6/11/2021,Selangor,,9.007754858,13.33929174,1.75620379,,0,0.041947458,0
7/11/2021,Selangor,,8.160867011,12.89125194,13.61725306,,0,0.08389101,1.702156632
8/11/2021,Selangor,,13.03281827,23.47461491,17.98312353,,0,0.027962615,0
9/11/2021,Selangor,,6.593968168,19.31760761,16.50510008,,0.824246021,0.055912034,0
10/11/2021,Selangor,,14.77189729,19.46697657,17.31964777,,0,0.05589943,0
11/11/2021,Selangor,,8.295244336,20.53972751,13.53485224,,0,0.0699582,0
12/11/2021,Selangor,,9.310120101,17.66717866,8.013719488,,0,0.042031353,0
13/11/2021,Selangor,,5.118580447,14.50205208,5.48194092,,0.853096741,0.070058223,0
14/11/2021,Selangor,,5.996693252,14.44707634,8.455034589,,0,0.070063416,0
15/11/2021,Selangor,,15.47734718,22.91686986,11.49549647,,0,0.098235205,0
16/11/2021,Selangor,,12.13739531,20.16915082,12.11170452,,0.866956808,0.056259835,0
17/11/2021,Selangor,,11.41111618,20.08816519,17.01480288,,0,0.07048479,0
18/11/2021,Selangor,,7.998862384,18.96175843,10.94182886,,0,0.042293885,0
19/11/2021,Selangor,,9.921261263,19.49792766,11.13435186,,0,0.056474809,0
20/11/2021,Selangor,,9.142689962,15.2660458,6.207685891,,0,0.070610758,0
21/11/2021,Selangor,,10.10852884,13.78691142,5.33254107,,0,0,0
22/11/2021,Selangor,,8.275177227,22.22356853,13.91536674,,0,0.056620557,0
23/11/2021,Selangor,,12.1084545,20.73597073,7.25776423,,1.862839153,0.042608159,0
24/11/2021,Selangor,,3.786587906,20.12038603,9.15816436,,0,0.085497391,0
25/11/2021,Selangor,,8.607251131,18.91786657,7.812316899,,0,0.071496094,0
26/11/2021,Selangor,,3.815410443,14.78320169,7.747283609,,0,0.100370914,0
27/11/2021,Selangor,,5.76496248,13.3297902,7.579041109,,0,0.086091218,0
28/11/2021,Selangor,,9.6979101,15.8925383,4.648708705,,1.93958202,0.043069209,0
29/11/2021,Selangor,,9.694055605,19.6589199,7.960002065,,0,0.072010696,0
30/11/2021,Selangor,,10.74313172,18.38926784,10.01276136,,0,0.057827886,0.196328654
1/12/2021,Selangor,,11.87589688,18.32257547,9.540181263,,0,0.058074724,0
2/12/2021,Selangor,,3.994647173,17.16686367,9.953533587,,0,0.072926354,0
3/12/2021,Selangor,,6.046497566,17.81618122,8.413927855,,0,0.131754832,0
4/12/2021,Selangor,,5.104593113,13.39623604,6.103832291,,0,0.08794028,0
5/12/2021,Selangor,,2.050167601,12.91197831,3.75553566,,0,0.102708918,0.150221426
6/12/2021,Selangor,,3.075724333,20.84497632,8.128585669,,0,0.029483701,0
7/12/2021,Selangor,,11.35343235,19.35653824,5.338351384,,0,0.133493367,0
8/12/2021,Selangor,,8.308666978,18.45276547,4.381956356,,2.077166745,0.044788266,0
9/12/2021,Selangor,,9.403013143,16.08546765,5.644661503,,0,0.045099442,0
10/12/2021,Selangor,,7.36276335,14.69267149,4.924933933,,0,0.060463669,0
11/12/2021,Selangor,,0,11.94777686,3.831585401,,0,0.030285873,0
12/12/2021,Selangor,,5.345363966,10.37295945,2.686147323,,0,0.060660582,0
13/12/2021,Selangor,,6.422607579,16.18807926,4.890311357,,0,0.091458075,0
14/12/2021,Selangor,,4.303018568,15.24207032,5.502118316,,0,0.030699034,0
15/12/2021,Selangor,,7.562988893,15.39914872,5.291366702,,0,0.030921985,0
16/12/2021,Selangor,,4.352557127,13.46159239,4.247084284,,0,0.062322187,0
17/12/2021,Selangor,,4.380249455,11.55596253,4.271047813,,1.095062364,0.094078392,0
18/12/2021,Selangor,,4.420426792,7.926327927,2.704669306,,0,0.047180523,0
19/12/2021,Selangor,,2.222246914,7.474341249,2.826012676,,0,0.031537305,0
20/12/2021,Selangor,,5.574633189,13.13159778,5.527186332,,0,0.063361147,0
21/12/2021,Selangor,,4.481089801,12.93758967,5.024995426,,0,0.095597953,0
22/12/2021,Selangor,,4.494836557,11.12502006,3.664017109,,0,0.032060577,0
23/12/2021,Selangor,,2.257514702,11.91063345,4.7039337,,0,0.01613907,0
24/12/2021,Selangor,,5.681043494,10.86393803,6.401651899,,0,0.064956281,0
25/12/2021,Selangor,,2.291659505,11.35886585,2.875340611,,0,0.032593589,0
26/12/2021,Selangor,,2.295209897,8.307387737,2.962061911,,1.147604948,0.065412502,0
27/12/2021,Selangor,,2.299326297,13.55413229,5.226875062,,0,0.098815059,0
28/12/2021,Selangor,,6.941712752,14.97028399,7.914319212,,0,0.049900947,0.061351312
29/12/2021,Selangor,,5.816455917,10.89114619,5.00674143,,0,0.050421973,0
30/12/2021,Selangor,,9.360447429,13.37205055,5.723011891,,1.170055929,0.067964679,0
31/12/2021,Selangor,,5.880554183,12.24675371,6.572299401,,0,0.034352745,0
1/1/2022,Selangor,,4.738943453,9.006534396,3.651574401,,0,0.069015589,0
2/1/2022,Selangor,,0,10.60155694,6.284274811,,0,0.069291222,0.053711751
3/1/2022,Selangor,,11.87888291,20.17770355,14.09068218,,0,0.05240962,0.052381718
4/1/2022,Selangor,,4.779600664,13.40051837,6.559791226,,0,0.035310984,0
5/1/2022,Selangor,,7.212752146,12.73830956,7.070194759,,0,0.035731584,0
6/1/2022,Selangor,,4.830334501,16.19846592,8.835412333,,0,0.03615729,0
7/1/2022,Selangor,,3.639319205,14.62062048,7.480673407,,0,0.018275776,0
8/1/2022,Selangor,,1.221463558,9.134187066,5.164262038,,0,0.036609968,0
9/1/2022,Selangor,,2.443643472,11.44144134,6.200059414,,0,0.055183801,0
10/1/2022,Selangor,,8.567407135,18.94151617,9.130685521,,0,0.037103851,0
11/1/2022,Selangor,,6.130531272,13.79820796,6.999900593,,0,0,0
12/1/2022,Selangor,,4.921623151,15.63155865,7.613775113,,0,0.11396033,0
13/1/2022,Selangor,,0,13.67077722,6.68543712,,1.234674602,0.038563546,0
14/1/2022,Selangor,,7.435681356,12.63786967,8.113961709,,0,0.039126531,0
15/1/2022,Selangor,,6.221381644,10.85038787,6.337711361,,0,0,0.03663417
16/1/2022,Selangor,,4.97462939,9.955596853,6.897797039,,0,0.019753168,0.072228241
17/1/2022,Selangor,,3.733014783,16.45429919,9.543082122,,0,0.060198656,0
18/1/2022,Selangor,,2.495539224,13.00055723,10.22640173,,0,0.040882255,0.033750501
19/1/2022,Selangor,,8.749562522,17.60906052,9.759610033,,0,0.062517375,0
20/1/2022,Selangor,,16.33186347,17.40524185,10.51481547,,0,0.042503643,0
21/1/2022,Selangor,,3.783865597,15.38121065,10.22606336,,0,0.064899623,0
22/1/2022,Selangor,,3.793003173,10.91737859,7.12944984,,0,0.021834757,0
23/1/2022,Selangor,,2.526241332,14.40256762,8.828059032,,0,0.022022275,0.0586582
24/1/2022,Selangor,,5.048465267,20.69769898,13.31409049,,0,0.022473072,0
25/1/2022,Selangor,,6.312812484,22.00861625,16.29588838,,0,0,0
26/1/2022,Selangor,,7.589844788,24.83363816,17.23889464,,0,0,0
27/1/2022,Selangor,,16.47008146,22.84298427,19.72814771,,0,0,0
28/1/2022,Selangor,,12.67571713,21.1254399,17.20645479,,0,0,0.025758166
29/1/2022,Selangor,,6.345902451,16.67735309,14.76808428,,0,0,0.025244589
30/1/2022,Selangor,,8.891259892,20.82313627,20.78808679,,0,0.025612714,0
31/1/2022,Selangor,,12.7006706,26.24062628,23.1393817,,0,0.026319585,0
1/2/2022,Selangor,,2.542717657,21.78049996,19.99603392,,0,0.053253056,0
2/2/2022,Selangor,,1.271617497,25.45351092,26.87658204,,0,0.027487593,0
3/2/2022,Selangor,,10.17539843,42.77678563,39.90110162,,0,0,0
4/2/2022,Selangor,,12.73317629,52.14420099,44.76612714,,0,0.029114573,0
5/2/2022,Selangor,,7.645844484,41.36005447,38.69152226,,0,0.02979831,0
6/2/2022,Selangor,,12.68423857,45.79880418,52.45310602,,0,0,0
7/2/2022,Selangor,,15.16108654,79.54459622,80.46197202,,0,0.094024345,0
8/2/2022,Selangor,,17.69195774,73.65920363,72.62697551,,0,0,0
9/2/2022,Selangor,,22.66374556,77.09062961,78.29798297,,0,0,0.021665186
10/2/2022,Selangor,,8.813345924,82.05977926,79.78742259,,0,0,0.021482882
11/2/2022,Selangor,,22.64692191,76.94571916,73.79532021,,0,0.105501443,0
12/2/2022,Selangor,,7.529270037,67.94502656,57.35951758,,0,0.035647968,0.021275785
13/2/2022,Selangor,,22.50112506,78.76010027,67.29040979,,0,0.21647302,0.063661693
14/2/2022,Selangor,,28.69154099,100.3137137,79.69412615,,1.247458304,0.182987438,0.021055251
15/2/2022,Selangor,,32.37737071,120.2826034,106.5960111,,0,0.073544851,0.020839885
16/2/2022,Selangor,,19.88887093,121.9389137,103.8275258,,0,0.22177432,0
17/2/2022,Selangor,,19.85752228,96.2559546,82.29079266,,0,0.112492351,0.040849239
18/2/2022,Selangor,,23.5384482,92.93412374,79.43475475,,0,0.227593772,0.040465998
19/2/2022,Selangor,,22.26620485,65.47747072,62.76220066,,0,0.038134811,0
20/2/2022,Selangor,,22.1680337,92.33118622,85.510744,,0,0.268181869,0.040042493
21/2/2022,Selangor,,31.90536378,109.5701354,95.59364948,,1.227129376,0.077709316,0
22/2/2022,Selangor,,26.91263181,111.8051683,100.5085583,,0,0.237630538,0.039446059
23/2/2022,Selangor,,35.33138402,115.2001188,103.7621203,,1.218323587,0.080728885,0.039125988
24/2/2022,Selangor,,34.02393827,122.473016,108.7740591,,1.215140653,0.370631185,0
25/2/2022,Selangor,,21.83644503,113.3341868,107.7738094,,0,0.335804998,0
26/2/2022,Selangor,,30.25718608,88.45309055,98.39092871,,0,0.297392716,0.038344088
27/2/2022,Selangor,,22.9496316,85.47749393,82.87417892,,0,0.171641554,0.076416947
28/2/2022,Selangor,,26.51337118,134.7513835,137.0220354,,0,0.217973768,0.056997519
1/3/2022,Selangor,,31.32416901,136.2253477,140.5338891,,0,0.354638067,0
2/3/2022,Selangor,,31.33436174,138.7951372,136.8618273,,0,0.40636182,0.018758474
3/3/2022,Selangor,,31.36687176,103.5877612,123.625623,,1.206418145,0.229990589,0.037298423
4/3/2022,Selangor,,22.92083866,94.84189425,104.9694632,,1.20635993,0.234293217,0.074170262
5/3/2022,Selangor,,25.35374511,69.662551,79.41769718,,0,0.189429099,0.055433479
6/3/2022,Selangor,,32.54855159,92.29874026,105.3199859,,1.205501911,0.429963076,0.092127349
7/3/2022,Selangor,,25.29206311,113.095215,138.8730703,,0,0.29060869,0.073361368
8/3/2022,Selangor,,37.36155135,94.61948886,119.2553152,,0,0.443067326,0.018257091
9/3/2022,Selangor,,34.97220313,112.0391526,133.8648171,,0,0.300373063,0.072722975
10/3/2022,Selangor,,31.40855279,92.90150153,115.748975,,0,0.559341279,0.054308246
11/3/2022,Selangor,,24.16013336,74.63388079,97.99151666,,0,0.4648477,0.108238052
12/3/2022,Selangor,,19.33301112,69.05169698,86.92918946,,0,0.417230797,0.072050716
13/3/2022,Selangor,,20.46491471,67.71313603,82.54139708,,1.203818512,0.420578485,0.089953571
14/3/2022,Selangor,,42.0784342,107.7045508,146.8249794,,1.202240977,0.585929801,0.107708751
15/3/2022,Selangor,,37.32601262,93.63760789,132.6905302,,0,0.431758423,0.035818742
16/3/2022,Selangor,,28.90695574,82.93826563,112.1413421,,0,0.437092309,0.03574226
17/3/2022,Selangor,,26.50666281,105.8133711,136.3712236,,0,0.276708606,0.035666594
18/3/2022,Selangor,,24.1021933,88.98060995,114.9450864,,1.205109665,0.447419786,0.017801624
19/3/2022,Selangor,,14.46131598,77.0245057,113.1656819,,0,0.393268811,0.035564325
20/3/2022,Selangor,,18.06597695,77.82052894,114.1539734,,0,0.056391688,0.071068622
21/3/2022,Selangor,,25.2768416,97.01716222,134.5014352,,1.203659124,0.227073522,0.106367288
22/3/2022,Selangor,,25.27288701,97.71638691,134.5567913,,0,0.343065138,0.053065647
23/3/2022,Selangor,,27.66983867,117.5875388,161.8158118,,0,0.057556309,0.052967532
24/3/2022,Selangor,,18.04381037,90.55908502,127.2224031,,0,0.173817822,0.052891797
25/3/2022,Selangor,,19.24626803,55.98944299,79.01260661,,0,0.233046589,0.035226307
26/3/2022,Selangor,,19.21368014,57.11810235,85.94605165,,0,0.175388236,0.035202151
27/3/2022,Selangor,,11.98552149,58.15037264,89.86143781,,0,0.468954618,0.052776882
28/3/2022,Selangor,,20.36025678,67.35899036,99.43227492,,0,0.41324534,0.035141288
29/3/2022,Selangor,,13.16561142,70.04616625,104.3697163,,0,0.059461941,0.052649933
30/3/2022,Selangor,,15.56308436,59.94264171,87.84009772,,0,0.059822996,0.035058909
31/3/2022,Selangor,,25.1358533,85.16310809,118.8664192,,0,0.300504969,0.052533774
1/4/2022,Selangor,,14.34668771,47.148112,76.04429707,,0,0.060291703,0.069974048
2/4/2022,Selangor,,15.53871531,46.7105613,70.67665204,,0,0.120855269,0.017476917
3/4/2022,Selangor,,19.13051796,39.22150161,65.15941353,,0,0.242108035,0.034928659
4/4/2022,Selangor,,14.37108538,58.09643035,91.58195409,,0,0.060770325,0.017427584
5/4/2022,Selangor,,10.78025058,57.40780282,87.78991751,,0,0.122014459,0.034768284
6/4/2022,Selangor,,13.17381046,58.9788754,96.38580951,,1.197619133,0.183734814,0.017335577
7/4/2022,Selangor,,5.995707074,49.28793681,74.3746043,,0,0.245825121,0
8/4/2022,Selangor,,12.00264058,43.10488362,58.69298322,,0,0,0.017262642
9/4/2022,Selangor,,4.814694447,36.99714355,49.16643909,,0,0.123736266,0.017251382
10/4/2022,Selangor,,10.84337349,40.12893358,53.03497152,,0,0.186069244,0.017247145
11/4/2022,Selangor,,6.031363088,55.66961614,68.85157978,,0,0.062479928,0.017234438
12/4/2022,Selangor,,25.3929867,49.47889583,61.00048721,,0,0.063030441,0.017222046
13/4/2022,Selangor,,6.056274906,41.5733971,56.88104942,,0,0.063665233,0.017210605
14/4/2022,Selangor,,9.696969697,33.78450122,44.24082351,,1.212121212,0,0.017200942
15/4/2022,Selangor,,2.42671326,22.23707567,32.58244131,,0,0,0.0171939
16/4/2022,Selangor,,3.646175162,14.70779753,22.24230638,,0,0.129584119,0
17/4/2022,Selangor,,1.217374367,19.1281208,27.44551198,,0,0,0.017185668
18/4/2022,Selangor,,10.96330946,15.14708272,28.59802191,,0,0,0.017175989
19/4/2022,Selangor,,3.660009516,14.01220169,29.01364259,,0,0,0.017167836
20/4/2022,Selangor,,4.88591391,20.11937058,35.12983451,,0,0.065322632,0.017161619
21/4/2022,Selangor,,2.444121277,12.04287,19.50609269,,1.222060639,0.06545038,0
22/4/2022,Selangor,,1.223555898,10.2229521,22.313324,,0,0.065531744,0
23/4/2022,Selangor,,1.224679746,9.904516525,16.3927483,,0,0,0.017147226
24/4/2022,Selangor,,4.904725703,8.663060121,15.82488725,,0,0.065629243,0.034290113
25/4/2022,Selangor,,0,9.205299886,15.88798406,,0,0.131504284,0
26/4/2022,Selangor,,4.907072318,8.166286671,15.79838925,,0,0.065857151,0.017134912
27/4/2022,Selangor,,3.685503686,7.846343538,12.64192401,,0,0.06593566,0
28/4/2022,Selangor,,1.230193879,5.016812924,9.263809669,,0,0.066010696,0.017123493
29/4/2022,Selangor,,2.463114855,5.021085255,9.005202473,,0,0,0.034240314
30/4/2022,Selangor,,2.464025232,2.445973729,4.313596405,,0,0,0.034234892
1/5/2022,Selangor,,3.7000037,3.438784998,8.369628825,,0,0.198391442,0
2/5/2022,Selangor,,0,2.714386913,6.023225352,,0,0,0
3/5/2022,Selangor,,1.234126054,3.44536284,8.194458083,,0,0,0
4/5/2022,Selangor,,2.468709112,3.713690387,8.380883444,,0,0.0663159,0
5/5/2022,Selangor,,2.469227255,6.37433692,15.01402649,,0,0.066399343,0
6/5/2022,Selangor,,1.235498338,10.69594033,22.02192002,,0,0,0
7/5/2022,Selangor,,1.236506621,10.56771212,19.95100635,,0,0,0
8/5/2022,Selangor,,1.236996079,11.03545839,22.4804655,,0,0,0.017095411
9/5/2022,Selangor,,3.711814706,12.77449359,23.5740479,,0,0,0.017095031
10/5/2022,Selangor,,1.237914856,13.84905067,25.65936973,,0,0,0.01709485
11/5/2022,Selangor,,2.477117626,9.793784212,22.83822757,,0,0.066624382,0
12/5/2022,Selangor,,7.43817021,12.53365085,22.90451858,,0,0,0
13/5/2022,Selangor,,2.477485847,7.936746134,15.91234299,,0,0,0
14/5/2022,Selangor,,0,5.870646965,10.49354527,,0,0,0
15/5/2022,Selangor,,2.476289528,5.804295178,9.860711048,,0,0,0
16/5/2022,Selangor,,2.474298227,5.270971293,14.09726739,,0,0.066721156,0
17/5/2022,Selangor,,6.185822096,9.007602416,17.80269928,,0,0.066722981,0
18/5/2022,Selangor,,1.237868885,6.739439265,14.33201697,,0,0,0
19/5/2022,Selangor,,0,6.140525936,13.11688201,,0,0.066744847,0.017079273
20/5/2022,Selangor,,1.238497455,6.542077911,15.09627289,,0,0,0.017077232
21/5/2022,Selangor,,2.477700694,5.408245772,12.089365,,0,0,0
22/5/2022,Selangor,,0,5.809612973,11.96917315,,0,0,0
23/5/2022,Selangor,,2.476657503,7.281268036,17.75563635,,0,0.066800624,0.017072727
24/5/2022,Selangor,,0,5.88115784,10.4471678,,0,0,0.017070536
25/5/2022,Selangor,,2.476258868,5.951166997,13.51826502,,0,0,0.017068516
26/5/2022,Selangor,,0,5.218473396,9.215491993,,0,0,0
27/5/2022,Selangor,,0,4.751633458,12.20084676,,0,0,0.017064121
28/5/2022,Selangor,,3.710345681,4.418439621,10.05001975,,0,0,0
29/5/2022,Selangor,,0,3.481686663,9.742303282,,0,0,0.017061827
30/5/2022,Selangor,,1.239142018,7.09968969,16.58244366,,0,0.066978205,0
31/5/2022,Selangor,,0,7.236559097,17.84301795,,0,0,0.017058335
1/6/2022,Selangor,,1.23878896,5.630641954,14.10595775,,0,0,0
2/6/2022,Selangor,,4.957243772,6.908152425,14.22372729,,0,0.134138882,0.017054829
3/6/2022,Selangor,,1.239879484,6.104916,12.8752364,,0,0.067086989,0
4/6/2022,Selangor,,1.240417773,4.361526239,11.16927852,,0,0,0
5/6/2022,Selangor,,0,7.583709387,16.93235516,,0,0,0
6/6/2022,Selangor,,1.241912048,6.445081195,18.7718248,,0,0,0
7/6/2022,Selangor,,1.241973745,7.253380042,20.03117021,,0,0,0
8/6/2022,Selangor,,2.484718978,6.247988719,12.1025526,,0,0,0
9/6/2022,Selangor,,2.485645398,6.989768726,16.34567332,,0,0,0
10/6/2022,Selangor,,1.242915382,6.655556146,11.5723658,,0,0,0
11/6/2022,Selangor,,2.488243052,3.496289563,9.782371213,,0,0,0
12/6/2022,Selangor,,1.24750499,5.446220256,10.49790579,,0,0,0
13/6/2022,Selangor,,0,8.811639436,23.70466206,,0,0.067264423,0.017041454
14/6/2022,Selangor,,0,6.123488558,14.90996596,,0,0,0.017039961
15/6/2022,Selangor,,1.249375312,5.45261042,15.43706313,,0,0,0
16/6/2022,Selangor,,1.24984377,7.002621943,16.81594868,,0,0.067332903,0
17/6/2022,Selangor,,0,8.8893139,17.22359411,,0,0,0
18/6/2022,Selangor,,0,5.388076187,10.11895737,,0,0,0
19/6/2022,Selangor,,5.010898705,7.543631828,18.4657673,,0,0,0
20/6/2022,Selangor,,5.012594143,8.824413042,21.34320833,,0,0.067361932,0
21/6/2022,Selangor,,2.506454119,8.55747863,21.37538601,,0,0,0
22/6/2022,Selangor,,2.511143198,8.896401406,20.42022055,,0,0,0.017031043
23/6/2022,Selangor,,3.766194637,6.808710295,16.41667007,,0,0,0
24/6/2022,Selangor,,1.255666194,5.596318027,14.67869911,,0,0,0
25/6/2022,Selangor,,2.5143633,5.933573643,12.80497378,,0,0,0
26/6/2022,Selangor,,2.521495751,10.45120199,20.63738882,,0,0,0
27/6/2022,Selangor,,6.315284251,11.12796417,25.76072458,,0,0,0.034052511
28/6/2022,Selangor,,2.5261137,10.05189205,23.56262858,,0,0,0
29/6/2022,Selangor,,1.263423879,7.962299188,18.41964549,,0,0,0.017023702
30/6/2022,Selangor,,2.527294784,9.988688485,24.17213831,,0,0,0.017022633
1/7/2022,Selangor,,2.527230913,9.315355148,20.27270275,,0,0,0.017021581
2/7/2022,Selangor,,3.79285931,7.965900545,19.71007467,,0,0,0
3/7/2022,Selangor,,0,9.721479609,24.03265173,,0,0.067510275,0
4/7/2022,Selangor,,1.265502404,12.56018422,34.56596483,,0,0,0.017019185
5/7/2022,Selangor,,0,13.37264079,32.74262172,,0,0.13507718,0.017017995
6/7/2022,Selangor,,1.266367804,12.15938522,30.69884804,,0,0.06755214,0
7/7/2022,Selangor,,1.266865142,11.28358556,29.93107685,,0,0.067566381,0.017015962
8/7/2022,Selangor,,1.267121986,11.35260934,30.13367885,,0,0.067575056,0
9/7/2022,Selangor,,1.268118239,8.176625932,20.53621119,,0,0,0.017014259
10/7/2022,Selangor,,1.269148275,9.86604479,22.95156437,,0,0,0.051041285
11/7/2022,Selangor,,1.269567205,10.67939182,32.08606005,,0,0,0.017012757
12/7/2022,Selangor,,2.53945681,17.37510209,44.02659628,,0,0.202822203,0.017011822
13/7/2022,Selangor,,8.890130685,19.74481851,42.56114678,,0,0,0
14/7/2022,Selangor,,2.539811546,16.84085795,41.98054266,,0,0,0.034019889
15/7/2022,Selangor,,5.081171718,14.88139528,36.60318373,,0,0.067642706,0
16/7/2022,Selangor,,3.814852492,13.1241586,29.13477871,,0,0.067650302,0.017008044
17/7/2022,Selangor,,1.272944831,12.8547053,31.00458249,,0,0.067656344,0.068029802
18/7/2022,Selangor,,7.642241215,17.72932064,45.45925325,,0,0.067669163,0
19/7/2022,Selangor,,5.103863625,18.34159495,42.20820686,,0,0.135362324,0.034011448
20/7/2022,Selangor,,1.275965906,15.23094169,34.5364053,,0,0.135386148,0.017004631
21/7/2022,Selangor,,2.551020408,12.72862437,31.47285301,,0,0,0.017003162
22/7/2022,Selangor,,5.102301138,11.71485105,29.56588977,,0,0.067715902,0
23/7/2022,Selangor,,5.105231586,10.42974618,26.0104375,,0,0.067725625,0.017000286
24/7/2022,Selangor,,2.554637305,11.65017242,28.01508055,,0,0,0.033998884
25/7/2022,Selangor,,1.27793894,15.37751807,40.81287831,,0,0,0.033996567
26/7/2022,Selangor,,3.833082054,16.8038985,37.41029009,,0,0,0.033993903
27/7/2022,Selangor,,2.555322737,14.23228995,28.68795762,,0,0.067772809,0
28/7/2022,Selangor,,2.554833106,12.94858193,32.23681706,,0,0,0.016993578
29/7/2022,Selangor,,7.664499317,11.86694108,27.27210166,,0,0.067811092,0.033983927
30/7/2022,Selangor,,0,8.613912894,20.49061603,,1.278461755,0.067826086,0.016990561
31/7/2022,Selangor,,2.558657217,13.56731525,27.08167435,,0,0,0
1/8/2022,Selangor,,6.398935217,17.09747324,38.3427245,,0,0.067847116,0
2/8/2022,Selangor,,6.39852578,15.20197246,35.33287989,,0,0,0
3/8/2022,Selangor,,3.839213729,15.81863829,33.63128729,,0,0.135782303,0.016985499
4/8/2022,Selangor,,3.833865815,12.90370778,25.13601898,,0,0,0
5/8/2022,Selangor,,0,9.578713246,21.77124904,,0,0.067934136,0.033964507
6/8/2022,Selangor,,2.556531298,8.358010984,18.71336608,,0,0,0.016981276
7/8/2022,Selangor,,1.278919569,13.86407363,31.2101436,,0,0,0.033960983
8/8/2022,Selangor,,12.78641571,18.28711588,34.85884206,,0,0,0.016979465
9/8/2022,Selangor,,6.391818472,15.30042902,29.08400166,,0,0,0.016978401
10/8/2022,Selangor,,1.278347353,14.41908107,27.02781165,,0,0,0
11/8/2022,Selangor,,1.278380037,11.83890919,25.51509771,,0,0,0.016976113
12/8/2022,Selangor,,2.556171877,9.392150884,20.19999009,,0,0.136118129,0
13/8/2022,Selangor,,0,8.985368145,18.11106821,,0,0,0.016973822
14/8/2022,Selangor,,1.278608874,9.054486907,18.84049804,,0,0,0.016973422
15/8/2022,Selangor,,8.951521119,12.80161246,26.96887191,,0,0,0
16/8/2022,Selangor,,2.557708293,10.55677091,22.77542094,,0,0.068108199,0
17/8/2022,Selangor,,6.395415766,10.69536203,21.62021996,,0,0,0
18/8/2022,Selangor,,5.11561285,10.42539708,17.90273605,,0,0.06813985,0
19/8/2022,Selangor,,2.558133586,11.85932388,20.07358845,,0,0.136314068,0.016968376
20/8/2022,Selangor,,1.279410448,7.294080274,13.33650966,,0,0.068168975,0
21/8/2022,Selangor,,1.279656028,7.090090508,13.48890881,,0,0,0
22/8/2022,Selangor,,0,9.61501743,18.9853799,,0,0,0.033932761
23/8/2022,Selangor,,1.279410448,10.02617719,18.25498,,0,0,0.016965595
24/8/2022,Selangor,,0,8.186086109,17.18524078,,0,0.068217384,0.033929399
25/8/2022,Selangor,,1.279459556,8.460502417,15.5219076,,0,0,0
26/8/2022,Selangor,,2.558395374,6.960765848,11.21257844,,0,0,0.016963054
27/8/2022,Selangor,,0,5.938019363,10.7880867,,0,0,0.0169624
28/8/2022,Selangor,,3.838722473,6.757559252,13.09465553,,0,0.068258174,0.016961989
29/8/2022,Selangor,,1.279606905,8.533675591,17.09708174,,0,0,0.016961391
30/8/2022,Selangor,,0,6.486594258,15.96004866,,0,0.06827994,0.050882196
31/8/2022,Selangor,,5.118951639,6.556105236,11.88891648,,0,0,0
1/9/2022,Selangor,,1.279885322,9.084513295,17.09482302,,0,0,0
2/9/2022,Selangor,,2.560852252,6.079986665,13.32936053,,0,0,0
3/9/2022,Selangor,,1.280278589,4.099368697,10.27649887,,0,0,0.033915838
4/9/2022,Selangor,,0,6.354520763,11.19199684,,0,0,0.016957571
5/9/2022,Selangor,,2.561016211,7.517008941,14.26073438,,0,0,0.016956878
6/9/2022,Selangor,,2.561016211,6.834578594,12.39498808,,0,0,0
7/9/2022,Selangor,,0,7.792649891,15.44681218,,0,0,0
8/9/2022,Selangor,,1.280672097,6.768397736,12.86887817,,0,0,0
9/9/2022,Selangor,,1.280458916,5.743589744,12.25803936,,0,0,0
10/9/2022,Selangor,,0,5.197085803,9.443314091,,0,0,0
11/9/2022,Selangor,,0,5.812895875,11.73191755,,0,0.06838701,0
12/9/2022,Selangor,,1.281262813,7.386832697,15.54593,,0,0,0
13/9/2022,Selangor,,0,7.25098675,15.40991127,,0,0,0
14/9/2022,Selangor,,1.281673353,7.388252678,14.17186231,,0,0,0.016951988
15/9/2022,Selangor,,1.2816405,4.652582115,11.00135746,,0,0,0
16/9/2022,Selangor,,0,3.421439975,7.915923737,,0,0,0.016950586
17/9/2022,Selangor,,0,3.421781831,8.729347677,,0,0,0
18/9/2022,Selangor,,0,4.790740457,12.00057969,,0,0.068439149,0.016949971
19/9/2022,Selangor,,1.282051282,9.103590648,18.00039662,,0,0.06844805,0
20/9/2022,Selangor,,0,5.270943615,14.88115668,,0,0,0.033897851
21/9/2022,Selangor,,1.282149909,5.887753404,13.57565913,,0,0,0
22/9/2022,Selangor,,0,7.463555254,12.25294969,,0,0.068472984,0
23/9/2022,Selangor,,1.282166348,5.204584691,9.795429737,,0,0,0
24/9/2022,Selangor,,1.282528119,3.766725975,8.303944713,,0,0,0.016946826
25/9/2022,Selangor,,1.282643271,4.862690629,10.86276816,,0,0,0
26/9/2022,Selangor,,2.565483979,8.561778713,16.08184285,,0,0,0
27/9/2022,Selangor,,0,4.521154895,10.60796699,,0,0,0
28/9/2022,Selangor,,1.283054697,6.028892095,13.0817015,,0,0,0.033890418
29/9/2022,Selangor,,0,3.220660468,8.794289371,,0,0,0
30/9/2022,Selangor,,1.282840722,4.659908885,10.84426684,,0,0,0
1/10/2022,Selangor,,0,4.385973929,8.471878193,,0,0.068530843,0
2/10/2022,Selangor,,1.282330764,4.180541839,8.166815855,,0,0,0.033887203
3/10/2022,Selangor,,0,6.785483452,17.70559543,,0,0,0
4/10/2022,Selangor,,3.846696329,6.991755897,13.60506413,,0,0,0
5/10/2022,Selangor,,1.28223211,5.004329087,10.43652989,,0,0,0
6/10/2022,Selangor,,2.564661529,4.524948923,10.94433889,,0,0,0.016941701
7/10/2022,Selangor,,0,5.211022409,11.24893885,,0,0,0
8/10/2022,Selangor,,1.282297878,2.948572103,8.182438218,,0,0,0
9/10/2022,Selangor,,0,3.908676851,8.792212573,,0,0,0
10/10/2022,Selangor,,2.564431337,7.200841058,14.36537727,,0,0,0.016940303
11/10/2022,Selangor,,1.282314321,10.49332337,20.19244142,,0,0,0
12/10/2022,Selangor,,0,8.230684128,17.85425406,,0,0,0
13/10/2022,Selangor,,1.282380097,6.859896223,17.05773833,,0,0,0.033878328
14/10/2022,Selangor,,1.282347208,5.351247664,12.58548986,,0,0,0.016938748
15/10/2022,Selangor,,0,5.831747898,11.28108587,,0,0.068608799,0
16/10/2022,Selangor,,8.97827258,7.341438648,15.15990995,,0,0,0.033876894
17/10/2022,Selangor,,1.282741989,11.8706823,22.1043961,,0,0,0
18/10/2022,Selangor,,3.848028527,12.28326724,22.32393142,,0,0,0
19/10/2022,Selangor,,0,7.823539383,17.25910799,,0,0.068627538,0
20/10/2022,Selangor,,1.282445881,9.19675286,18.71532584,,0,0,0.016936946
21/10/2022,Selangor,,3.847189628,7.824779842,16.68255037,,0,0,0.033873199
22/10/2022,Selangor,,0,7.344467179,16.191208,,0,0,0.01693641
23/10/2022,Selangor,,2.564727305,5.903179617,12.702243,,0,0.068641623,0
24/10/2022,Selangor,,1.281870505,8.580562212,18.84970082,,0,0,0
25/10/2022,Selangor,,2.564990445,12.56334017,29.26465443,,0,0,0
26/10/2022,Selangor,,6.412722842,15.24208133,33.20986467,,0,0,0
27/10/2022,Selangor,,1.282561018,10.91747283,24.80943307,,0,0,0.016934767
28/10/2022,Selangor,,2.56495755,12.29159228,27.85716269,,0,0,0
29/10/2022,Selangor,,1.282561018,8.583738142,17.73014516,,0,0.068669905,0
30/10/2022,Selangor,,0,11.74269086,20.45637703,,0,0,0.016934087
31/10/2022,Selangor,,2.56495755,21.15230622,42.35169962,,0,0,0
1/11/2022,Selangor,,6.411324964,22.87105191,44.40023612,,0,0,0.050801185
2/11/2022,Selangor,,1.282199228,19.78209473,37.54137044,,0,0,0
3/11/2022,Selangor,,3.846301781,19.64641941,36.50772767,,0,0.068693774,0.016933083
4/11/2022,Selangor,,0,13.8083687,23.4179903,,0,0.068698352,0
5/11/2022,Selangor,,2.56403682,11.47305035,20.47140446,,0,0,0.01693251
6/11/2022,Selangor,,2.564201187,9.618430011,16.76309397,,0,0.068703072,0
7/11/2022,Selangor,,2.56380674,15.93927685,24.92409749,,0,0,0
8/11/2022,Selangor,,1.281919803,13.60382501,22.50241406,,0,0.206118561,0
9/11/2022,Selangor,,5.127679212,13.05505454,22.40029203,,0,0,0
10/11/2022,Selangor,,2.564201187,12.78110705,19.707763,,0,0,0.050793204
11/11/2022,Selangor,,2.564201187,8.383813742,15.77944534,,0,0,0.050792206
12/11/2022,Selangor,,2.56380674,9.346333901,13.10420501,,1.28190337,0.068723043,0
13/11/2022,Selangor,,1.281410577,7.697118391,15.42356826,,0,0.137448543,0.033860743
14/11/2022,Selangor,,3.843837688,13.19579467,24.85331381,,0,0,0.01693005
15/11/2022,Selangor,,5.124985586,12.85296687,21.55150157,,0,0.068732443,0.016929695
16/11/2022,Selangor,,2.560524395,12.64789096,20.99232054,,0,0,0.016929291
17/11/2022,Selangor,,,,,,0,0,0
18/11/2022,Selangor,,,,,,0,0.068748982,0.03385661
19/11/2022,Selangor,,,,,,0,0,0.016927912
20/11/2022,Selangor,,,,,,0,0,0
21/11/2022,Selangor,,,,,,0,0,0.016927342
22/11/2022,Selangor,,,,,,0,0,0
23/11/2022,Selangor,,,,,,0,0,0
24/5/2021,W.P. Kuala Lumpur,,33.65928931,25.37975128,,,0,0,
25/5/2021,W.P. Kuala Lumpur,,25.74541008,27.48617762,,,0.402272032,0,
26/5/2021,W.P. Kuala Lumpur,,20.49325399,19.49718345,,,1.490418472,0,
27/5/2021,W.P. Kuala Lumpur,,21.19235239,23.18559542,,,1.059617619,0,
28/5/2021,W.P. Kuala Lumpur,,20.04764657,29.50893963,,,0.334127443,0,
29/5/2021,W.P. Kuala Lumpur,,19.83983272,24.76617047,,,0,0,
30/5/2021,W.P. Kuala Lumpur,,11.35450251,18.96973274,,,0,0,
31/5/2021,W.P. Kuala Lumpur,,22.93551679,21.61283185,,,0.57338792,0,
1/6/2021,W.P. Kuala Lumpur,,22.88187836,22.52071906,,,1.615191414,0,
2/6/2021,W.P. Kuala Lumpur,,18.68800129,18.89589814,,,0.252540558,0,
3/6/2021,W.P. Kuala Lumpur,,16.20007325,16.17260931,,,0.469567341,0,
4/6/2021,W.P. Kuala Lumpur,,14.71609833,14.82394252,,,0.649239632,0,
5/6/2021,W.P. Kuala Lumpur,,13.93353904,11.11759638,,,0.403870697,0,
6/6/2021,W.P. Kuala Lumpur,,8.738797347,14.8233245,,,0.194195497,0,
7/6/2021,W.P. Kuala Lumpur,,12.27851449,13.56416528,,,0.188900223,0,
8/6/2021,W.P. Kuala Lumpur,,11.50228878,16.27010127,,,0.179723262,0,
9/6/2021,W.P. Kuala Lumpur,,13.70022537,16.69529764,,,0.171252817,0,
10/6/2021,W.P. Kuala Lumpur,,12.27658659,21.08636977,,,0.491063463,0,
11/6/2021,W.P. Kuala Lumpur,,14.58194504,15.95183364,,,0.313590216,0,
12/6/2021,W.P. Kuala Lumpur,,13.5845226,11.8008985,,,0.447841404,0,
13/6/2021,W.P. Kuala Lumpur,,7.681343723,9.354955483,,,0.426741318,0,
14/6/2021,W.P. Kuala Lumpur,,13.28496522,11.54844773,,,0.406682609,0,
15/6/2021,W.P. Kuala Lumpur,,14.24237677,15.96896568,,,0.258952305,0,
16/6/2021,W.P. Kuala Lumpur,,12.91493852,15.35714971,,,0.122999415,0,
17/6/2021,W.P. Kuala Lumpur,,13.12033515,13.43069951,,,0.342269613,0,
18/6/2021,W.P. Kuala Lumpur,,12.07331439,11.85835766,,,0.326305794,0,
19/6/2021,W.P. Kuala Lumpur,,14.29213755,12.23611106,,,0.208644344,0,
20/6/2021,W.P. Kuala Lumpur,,11.72598478,12.23597069,,,0.400888369,0,
21/6/2021,W.P. Kuala Lumpur,,16.82585528,18.90595046,,,0.288443233,0,
22/6/2021,W.P. Kuala Lumpur,,18.68255758,22.45262315,,,0.460161517,0,
23/6/2021,W.P. Kuala Lumpur,,17.66801535,22.62034021,,,0.263701722,0,
24/6/2021,W.P. Kuala Lumpur,,19.09093366,21.23903203,,,0.506838947,0,
25/6/2021,W.P. Kuala Lumpur,,22.31212216,25.30413002,,,0.570017719,0,
26/6/2021,W.P. Kuala Lumpur,,18.67200303,17.41013206,,,0.393924114,0,
27/6/2021,W.P. Kuala Lumpur,,16.37719718,18.04237108,,,0.530742501,0,
28/6/2021,W.P. Kuala Lumpur,,28.70326954,29.29821617,,,0.511254165,0.305189752,
29/6/2021,W.P. Kuala Lumpur,,32.76357199,41.16339516,,,0.776722612,0,
30/6/2021,W.P. Kuala Lumpur,,31.43667662,30.72232577,,,0.751746615,0,
1/7/2021,W.P. Kuala Lumpur,,37.95860598,48.02639757,,,0.528119735,0,
2/7/2021,W.P. Kuala Lumpur,,43.47965293,44.018537,,,0.51227868,0,
3/7/2021,W.P. Kuala Lumpur,,33.91694874,37.76414672,,,1.240107815,0,
4/7/2021,W.P. Kuala Lumpur,,30.62171134,34.16715541,,,0.845569938,0.26903272,
5/7/2021,W.P. Kuala Lumpur,,53.98169194,63.45604956,,,0.996404737,0,
6/7/2021,W.P. Kuala Lumpur,,57.18082179,56.15367223,,,1.241834234,0,
7/7/2021,W.P. Kuala Lumpur,,58.5233213,62.84922826,,,1.358480067,0,
8/7/2021,W.P. Kuala Lumpur,,65.58607322,55.91580163,,,1.27558003,0,
9/7/2021,W.P. Kuala Lumpur,,68.03893082,58.53093824,,,2.057110531,0.215981322,
10/7/2021,W.P. Kuala Lumpur,,62.7279582,57.33712739,,,1.485271307,0.213149172,
11/7/2021,W.P. Kuala Lumpur,,48.41205575,39.30233052,,,1.729001991,0.21244503,
12/7/2021,W.P. Kuala Lumpur,,72.49538293,58.12036274,,,1.827614696,0.618301731,
13/7/2021,W.P. Kuala Lumpur,,81.60926604,62.40010079,,,1.988265618,0,
14/7/2021,W.P. Kuala Lumpur,,74.82960212,63.95822892,,,1.616284459,0.187012365,
15/7/2021,W.P. Kuala Lumpur,,84.71932839,69.14596731,,,1.595309454,0.355506259,
16/7/2021,W.P. Kuala Lumpur,,67.75883025,58.30073689,,,1.978654757,0.169478886,
17/7/2021,W.P. Kuala Lumpur,,71.24985051,54.98263792,,,2.329695385,0.49091641,
18/7/2021,W.P. Kuala Lumpur,,66.30065383,51.74085766,,,2.001101739,0.476142862,
19/7/2021,W.P. Kuala Lumpur,,106.4914575,87.00665336,,,1.727683294,0.151315919,
20/7/2021,W.P. Kuala Lumpur,,71.31956506,49.66465623,,,2.100776005,0.286251621,
21/7/2021,W.P. Kuala Lumpur,,102.8996149,80.58757116,,,2.355157796,0.664913953,
22/7/2021,W.P. Kuala Lumpur,,97.857629,67.20007249,,,2.573418617,0.503371329,
23/7/2021,W.P. Kuala Lumpur,,99.66795993,71.72861156,,,2.270415726,1.319422621,
24/7/2021,W.P. Kuala Lumpur,,91.71859031,58.58041661,,,2.147901276,0.922526246,
25/7/2021,W.P. Kuala Lumpur,,79.50833024,56.25653871,,,1.969730556,0.444715721,
26/7/2021,W.P. Kuala Lumpur,,103.421973,71.07508469,,,1.87091944,0.63459897,
27/7/2021,W.P. Kuala Lumpur,,115.7154848,72.47693437,,,1.327981568,1.104219222,
28/7/2021,W.P. Kuala Lumpur,,107.1956611,64.9850821,,,2.169471377,1.242361864,
29/7/2021,W.P. Kuala Lumpur,,107.4073376,64.90767773,,,1.710400248,1.186778918,
30/7/2021,W.P. Kuala Lumpur,,108.47221,67.1000835,,,1.882009952,0.526275165,
31/7/2021,W.P. Kuala Lumpur,,89.3094162,51.1158042,,,1.709941741,0.92479251,
1/8/2021,W.P. Kuala Lumpur,,75.56865412,44.44426454,,,1.951045252,0.971459334,
2/8/2021,W.P. Kuala Lumpur,,117.5434549,74.80909784,,,2.261486534,0.926428456,
3/8/2021,W.P. Kuala Lumpur,,124.4922424,66.20523177,,,2.306428841,1.408621953,
4/8/2021,W.P. Kuala Lumpur,,131.8310606,71.303627,,,1.573766659,1.053748182,
5/8/2021,W.P. Kuala Lumpur,,122.8903369,60.40061056,,,1.557399247,0.936443575,
6/8/2021,W.P. Kuala Lumpur,,114.1217613,58.32606117,,,2.07224988,1.019909266,
7/8/2021,W.P. Kuala Lumpur,,108.9393937,54.3328947,,,2.039949519,0.614625506,
8/8/2021,W.P. Kuala Lumpur,,97.62706958,45.10971072,,,1.528347096,0.769588241,
9/8/2021,W.P. Kuala Lumpur,,132.8353685,65.6495764,,,1.822290254,0.506294934,
10/8/2021,W.P. Kuala Lumpur,,124.1366118,59.86046759,,,2.250410452,0.958619588,
11/8/2021,W.P. Kuala Lumpur,,152.4967376,69.29594708,,,1.603074629,0.457566782,
12/8/2021,W.P. Kuala Lumpur,,139.5020649,61.79129928,,,2.005958047,0.725817924,
13/8/2021,W.P. Kuala Lumpur,,117.5596966,54.36439877,,,1.648546696,0.367948553,
14/8/2021,W.P. Kuala Lumpur,,106.6260065,47.42176182,,,1.794279379,0.485697747,
15/8/2021,W.P. Kuala Lumpur,,98.29085764,42.31181161,,,2.022935327,0.426530359,
16/8/2021,W.P. Kuala Lumpur,,130.264158,57.56491084,,,1.849759264,0.446869456,
17/8/2021,W.P. Kuala Lumpur,,120.3078119,51.49466057,,,1.467168438,0.425575707,
18/8/2021,W.P. Kuala Lumpur,,117.759801,47.42734241,,,1.59566126,0.698542253,
19/8/2021,W.P. Kuala Lumpur,,101.29934,44.4916375,,,1.564468572,0.455426211,
20/8/2021,W.P. Kuala Lumpur,,120.2094422,39.62607697,,,1.879904396,0.367837001,
21/8/2021,W.P. Kuala Lumpur,,122.6984871,43.94925566,,,1.353292137,0.45043161,
22/8/2021,W.P. Kuala Lumpur,,86.86557218,29.75573893,,,2.253875295,0.621205406,
23/8/2021,W.P. Kuala Lumpur,,158.8821876,47.94491213,,,2.046259998,0.297425013,
24/8/2021,W.P. Kuala Lumpur,,123.8643228,45.59018093,,,1.355931284,0.143185242,
25/8/2021,W.P. Kuala Lumpur,,116.9112628,45.79593332,,,1.529160394,0.027587912,
26/8/2021,W.P. Kuala Lumpur,,114.1301742,43.83453021,,,1.931984141,0.132510672,
27/8/2021,W.P. Kuala Lumpur,,85.53515384,36.97480362,,,2.147635897,0.254822906,
28/8/2021,W.P. Kuala Lumpur,,63.22086273,29.97492558,,,1.143923934,0.369756483,
29/8/2021,W.P. Kuala Lumpur,,67.83140712,27.64695674,,,1.100393627,0.239367591,
30/8/2021,W.P. Kuala Lumpur,,81.82861847,38.74050968,,,1.053239644,0.25471943,
31/8/2021,W.P. Kuala Lumpur,,90.65706336,32.28177286,,,1.669559178,0.201481245,
1/9/2021,W.P. Kuala Lumpur,,70.68786606,35.73603414,,,1.218756311,0.172325662,
2/9/2021,W.P. Kuala Lumpur,,93.61290702,35.46320822,,,1.355399233,0.187415663,
3/9/2021,W.P. Kuala Lumpur,,66.31480114,28.14185182,,,1.031772012,0.120607936,
4/9/2021,W.P. Kuala Lumpur,,56.14679585,24.54912383,,,0.393322563,0.136167882,
5/9/2021,W.P. Kuala Lumpur,,42.49658747,19.92920602,,,1.331218403,0.301957667,
6/9/2021,W.P. Kuala Lumpur,,56.86761666,29.57324593,,,1.064936642,0.149265595,
7/9/2021,W.P. Kuala Lumpur,,68.39847026,32.81834859,,,1.767973383,0.018458014,
8/9/2021,W.P. Kuala Lumpur,,54.83468653,24.61811357,0,,1.596019982,0.273737364,0
9/9/2021,W.P. Kuala Lumpur,,54.25935974,27.30416297,0,,1.303172395,0.162310084,0
10/9/2021,W.P. Kuala Lumpur,,50.96165383,26.21185675,0,,0.618466673,0.10706,0
11/9/2021,W.P. Kuala Lumpur,,41.43036377,19.81691082,0,,1.172557465,0.105972785,0
12/9/2021,W.P. Kuala Lumpur,,46.06216738,20.89654216,0,,0.689553404,0.227516791,0
13/9/2021,W.P. Kuala Lumpur,,37.30473304,21.92184766,0,,0.43716484,0.069318095,0
14/9/2021,W.P. Kuala Lumpur,,49.63286948,25.33381941,0,,0.916299129,0.188802177,0
15/9/2021,W.P. Kuala Lumpur,,53.65406541,26.52074199,0,,0.638738874,0.101937509,0
16/9/2021,W.P. Kuala Lumpur,,34.81320278,17.24155349,0,,0.336359447,0.134699637,0
17/9/2021,W.P. Kuala Lumpur,,30.71849501,18.56065302,0,,0.882715374,0.183273953,0
18/9/2021,W.P. Kuala Lumpur,,25.47598888,14.56881992,0,,0.936617238,0.115625555,0
19/9/2021,W.P. Kuala Lumpur,,28.03166394,12.71705231,0,,0.789624336,0.114715678,0
20/9/2021,W.P. Kuala Lumpur,,47.94103669,23.34785076,0,,0.62531787,0.081351396,0
21/9/2021,W.P. Kuala Lumpur,,26.52655888,18.6003458,0,,0.891649038,0.080800807,0
22/9/2021,W.P. Kuala Lumpur,,30.68864866,19.30181655,0,,1.153708596,0.016044735,0
23/9/2021,W.P. Kuala Lumpur,,38.82426369,19.55486565,0,,0.737169564,0.095544946,0
24/9/2021,W.P. Kuala Lumpur,,23.53330609,14.38732576,0,,1.293038796,0.063171573,0
25/9/2021,W.P. Kuala Lumpur,,38.44717059,16.73533429,0,,0.272674969,0.156697887,0
26/9/2021,W.P. Kuala Lumpur,,22.77543136,10.06783731,0,,0.2882966,0.077803998,0
27/9/2021,W.P. Kuala Lumpur,,18.62117808,15.30914262,1538.461538,,0.610530429,0.092782683,0
28/9/2021,W.P. Kuala Lumpur,,32.95261861,15.97597361,0,,0.319928336,0.061505192,0
29/9/2021,W.P. Kuala Lumpur,,30.06912482,14.2909088,0,,0.6833892,0.106990761,0
30/9/2021,W.P. Kuala Lumpur,,32.43278306,13.15639578,0,,0.360364256,0.060838824,0
1/10/2021,W.P. Kuala Lumpur,,32.82768519,14.39332295,0,,0.763434539,0.060476147,0
2/10/2021,W.P. Kuala Lumpur,,16.21198795,10.27438165,0,,0.405299699,0.10530113,0
3/10/2021,W.P. Kuala Lumpur,,23.33833235,9.31295264,0,,0.43219134,0.059890371,0
4/10/2021,W.P. Kuala Lumpur,,29.57206941,15.79601023,0,,0.454954914,0.059551405,0
5/10/2021,W.P. Kuala Lumpur,,26.0804769,15.25392518,0,,0,0.118707589,0
6/10/2021,W.P. Kuala Lumpur,,33.34333633,17.1575214,0,,0,0.088593054,0
7/10/2021,W.P. Kuala Lumpur,,35.83882216,16.55707286,0,,0.484308408,0.073521638,0
8/10/2021,W.P. Kuala Lumpur,,30.2780206,14.08799284,0,,0,0.117155866,0
9/10/2021,W.P. Kuala Lumpur,,18.42189118,11.81737861,0,,0,0.058357425,0
10/10/2021,W.P. Kuala Lumpur,,20.95964502,10.14689447,0,,0.511210854,0.087222589,0
11/10/2021,W.P. Kuala Lumpur,,21.24473416,15.24136262,0,,0,0.072439936,0
12/10/2021,W.P. Kuala Lumpur,,13.34208574,17.02824755,0,,0,0.028861437,0
13/10/2021,W.P. Kuala Lumpur,,18.16710433,14.48475066,0,,0,0.028768124,0
14/10/2021,W.P. Kuala Lumpur,,11.3437204,13.49147077,0,,1.13437204,0.043012128,0
15/10/2021,W.P. Kuala Lumpur,,11.79913158,11.7516625,108.6956522,,0,0.042889279,0
16/10/2021,W.P. Kuala Lumpur,,7.327573047,9.384427213,0,,0,0.099834332,0
17/10/2021,W.P. Kuala Lumpur,,11.24627467,9.579693441,0,,0,0.014234314,0
18/10/2021,W.P. Kuala Lumpur,,16.00327747,13.73420726,0,,0.640131099,0.042652818,0
19/10/2021,W.P. Kuala Lumpur,,11.35900468,9.841904643,0,,1.336353492,0.028403765,0
20/10/2021,W.P. Kuala Lumpur,,16.96698225,16.05969895,0,,2.03603787,0.085122079,0
21/10/2021,W.P. Kuala Lumpur,,19.03177602,16.9114887,0,,0,0.042526795,0
22/10/2021,W.P. Kuala Lumpur,,10.10429071,11.27151305,74.07407407,,0,0.070800961,0
23/10/2021,W.P. Kuala Lumpur,,11.73399044,10.62464419,0,,0,0.014147329,0
24/10/2021,W.P. Kuala Lumpur,,8.768917112,10.26538422,0,,0.730743093,0.056558591,0
25/10/2021,W.P. Kuala Lumpur,,16.05499566,18.24633513,0,,0,0.042367651,0
26/10/2021,W.P. Kuala Lumpur,,6.634330449,16.84372326,0,,0,0.070534855,0
27/10/2021,W.P. Kuala Lumpur,,12.05863511,16.4582588,26.62406816,,0.753664695,0.070454875,0
28/10/2021,W.P. Kuala Lumpur,,9.272638761,15.10063171,29.76190476,,0,0.056293128,0
29/10/2021,W.P. Kuala Lumpur,,14.21722338,15.43348701,9.918666931,,0.789845743,0.098391994,0
30/10/2021,W.P. Kuala Lumpur,,9.553987994,10.5205288,18.55804027,,0,0.084276599,0
31/10/2021,W.P. Kuala Lumpur,,4.008240943,11.34156701,0,,0,0.028073186,0
1/11/2021,W.P. Kuala Lumpur,,8.85304746,16.94900047,6.502796202,,0,0.056076098,0
2/11/2021,W.P. Kuala Lumpur,,7.280198669,15.73568312,10.03965664,,0,0.042036553,0
3/11/2021,W.P. Kuala Lumpur,,13.75348894,20.12938238,19.93064137,,0.809028761,0.153979976,0
4/11/2021,W.P. Kuala Lumpur,,5.674126792,10.96756287,19.96655602,,0.810589542,0.069946192,0
5/11/2021,W.P. Kuala Lumpur,,8.917063206,15.57689681,14.7413809,,0.81064211,0.069914259,0
6/11/2021,W.P. Kuala Lumpur,,9.007754858,13.33929174,1.75620379,,0,0.041947458,0
7/11/2021,W.P. Kuala Lumpur,,8.160867011,12.89125194,13.61725306,,0,0.08389101,1.702156632
8/11/2021,W.P. Kuala Lumpur,,13.03281827,23.47461491,17.98312353,,0,0.027962615,0
9/11/2021,W.P. Kuala Lumpur,,6.593968168,19.31760761,16.50510008,,0.824246021,0.055912034,0
10/11/2021,W.P. Kuala Lumpur,,14.77189729,19.46697657,17.31964777,,0,0.05589943,0
11/11/2021,W.P. Kuala Lumpur,,8.295244336,20.53972751,13.53485224,,0,0.0699582,0
12/11/2021,W.P. Kuala Lumpur,,9.310120101,17.66717866,8.013719488,,0,0.042031353,0
13/11/2021,W.P. Kuala Lumpur,,5.118580447,14.50205208,5.48194092,,0.853096741,0.070058223,0
14/11/2021,W.P. Kuala Lumpur,,5.996693252,14.44707634,8.455034589,,0,0.070063416,0
15/11/2021,W.P. Kuala Lumpur,,15.47734718,22.91686986,11.49549647,,0,0.098235205,0
16/11/2021,W.P. Kuala Lumpur,,12.13739531,20.16915082,12.11170452,,0.866956808,0.056259835,0
17/11/2021,W.P. Kuala Lumpur,,11.41111618,20.08816519,17.01480288,,0,0.07048479,0
18/11/2021,W.P. Kuala Lumpur,,7.998862384,18.96175843,10.94182886,,0,0.042293885,0
19/11/2021,W.P. Kuala Lumpur,,9.921261263,19.49792766,11.13435186,,0,0.056474809,0
20/11/2021,W.P. Kuala Lumpur,,9.142689962,15.2660458,6.207685891,,0,0.070610758,0
21/11/2021,W.P. Kuala Lumpur,,10.10852884,13.78691142,5.33254107,,0,0,0
22/11/2021,W.P. Kuala Lumpur,,8.275177227,22.22356853,13.91536674,,0,0.056620557,0
23/11/2021,W.P. Kuala Lumpur,,12.1084545,20.73597073,7.25776423,,1.862839153,0.042608159,0
24/11/2021,W.P. Kuala Lumpur,,3.786587906,20.12038603,9.15816436,,0,0.085497391,0
25/11/2021,W.P. Kuala Lumpur,,8.607251131,18.91786657,7.812316899,,0,0.071496094,0
26/11/2021,W.P. Kuala Lumpur,,3.815410443,14.78320169,7.747283609,,0,0.100370914,0
27/11/2021,W.P. Kuala Lumpur,,5.76496248,13.3297902,7.579041109,,0,0.086091218,0
28/11/2021,W.P. Kuala Lumpur,,9.6979101,15.8925383,4.648708705,,1.93958202,0.043069209,0
29/11/2021,W.P. Kuala Lumpur,,9.694055605,19.6589199,7.960002065,,0,0.072010696,0
30/11/2021,W.P. Kuala Lumpur,,10.74313172,18.38926784,10.01276136,,0,0.057827886,0.196328654
1/12/2021,W.P. Kuala Lumpur,,11.87589688,18.32257547,9.540181263,,0,0.058074724,0
2/12/2021,W.P. Kuala Lumpur,,3.994647173,17.16686367,9.953533587,,0,0.072926354,0
3/12/2021,W.P. Kuala Lumpur,,6.046497566,17.81618122,8.413927855,,0,0.131754832,0
4/12/2021,W.P. Kuala Lumpur,,5.104593113,13.39623604,6.103832291,,0,0.08794028,0
5/12/2021,W.P. Kuala Lumpur,,2.050167601,12.91197831,3.75553566,,0,0.102708918,0.150221426
6/12/2021,W.P. Kuala Lumpur,,3.075724333,20.84497632,8.128585669,,0,0.029483701,0
7/12/2021,W.P. Kuala Lumpur,,11.35343235,19.35653824,5.338351384,,0,0.133493367,0
8/12/2021,W.P. Kuala Lumpur,,8.308666978,18.45276547,4.381956356,,2.077166745,0.044788266,0
9/12/2021,W.P. Kuala Lumpur,,9.403013143,16.08546765,5.644661503,,0,0.045099442,0
10/12/2021,W.P. Kuala Lumpur,,7.36276335,14.69267149,4.924933933,,0,0.060463669,0
11/12/2021,W.P. Kuala Lumpur,,0,11.94777686,3.831585401,,0,0.030285873,0
12/12/2021,W.P. Kuala Lumpur,,5.345363966,10.37295945,2.686147323,,0,0.060660582,0
13/12/2021,W.P. Kuala Lumpur,,6.422607579,16.18807926,4.890311357,,0,0.091458075,0
14/12/2021,W.P. Kuala Lumpur,,4.303018568,15.24207032,5.502118316,,0,0.030699034,0
15/12/2021,W.P. Kuala Lumpur,,7.562988893,15.39914872,5.291366702,,0,0.030921985,0
16/12/2021,W.P. Kuala Lumpur,,4.352557127,13.46159239,4.247084284,,0,0.062322187,0
17/12/2021,W.P. Kuala Lumpur,,4.380249455,11.55596253,4.271047813,,1.095062364,0.094078392,0
18/12/2021,W.P. Kuala Lumpur,,4.420426792,7.926327927,2.704669306,,0,0.047180523,0
19/12/2021,W.P. Kuala Lumpur,,2.222246914,7.474341249,2.826012676,,0,0.031537305,0
20/12/2021,W.P. Kuala Lumpur,,5.574633189,13.13159778,5.527186332,,0,0.063361147,0
21/12/2021,W.P. Kuala Lumpur,,4.481089801,12.93758967,5.024995426,,0,0.095597953,0
22/12/2021,W.P. Kuala Lumpur,,4.494836557,11.12502006,3.664017109,,0,0.032060577,0
23/12/2021,W.P. Kuala Lumpur,,2.257514702,11.91063345,4.7039337,,0,0.01613907,0
24/12/2021,W.P. Kuala Lumpur,,5.681043494,10.86393803,6.401651899,,0,0.064956281,0
25/12/2021,W.P. Kuala Lumpur,,2.291659505,11.35886585,2.875340611,,0,0.032593589,0
26/12/2021,W.P. Kuala Lumpur,,2.295209897,8.307387737,2.962061911,,1.147604948,0.065412502,0
27/12/2021,W.P. Kuala Lumpur,,2.299326297,13.55413229,5.226875062,,0,0.098815059,0
28/12/2021,W.P. Kuala Lumpur,,6.941712752,14.97028399,7.914319212,,0,0.049900947,0.061351312
29/12/2021,W.P. Kuala Lumpur,,5.816455917,10.89114619,5.00674143,,0,0.050421973,0
30/12/2021,W.P. Kuala Lumpur,,9.360447429,13.37205055,5.723011891,,1.170055929,0.067964679,0
31/12/2021,W.P. Kuala Lumpur,,5.880554183,12.24675371,6.572299401,,0,0.034352745,0
1/1/2022,W.P. Kuala Lumpur,,4.738943453,9.006534396,3.651574401,,0,0.069015589,0
2/1/2022,W.P. Kuala Lumpur,,0,10.60155694,6.284274811,,0,0.069291222,0.053711751
3/1/2022,W.P. Kuala Lumpur,,11.87888291,20.17770355,14.09068218,,0,0.05240962,0.052381718
4/1/2022,W.P. Kuala Lumpur,,4.779600664,13.40051837,6.559791226,,0,0.035310984,0
5/1/2022,W.P. Kuala Lumpur,,7.212752146,12.73830956,7.070194759,,0,0.035731584,0
6/1/2022,W.P. Kuala Lumpur,,4.830334501,16.19846592,8.835412333,,0,0.03615729,0
7/1/2022,W.P. Kuala Lumpur,,3.639319205,14.62062048,7.480673407,,0,0.018275776,0
8/1/2022,W.P. Kuala Lumpur,,1.221463558,9.134187066,5.164262038,,0,0.036609968,0
9/1/2022,W.P. Kuala Lumpur,,2.443643472,11.44144134,6.200059414,,0,0.055183801,0
10/1/2022,W.P. Kuala Lumpur,,8.567407135,18.94151617,9.130685521,,0,0.037103851,0
11/1/2022,W.P. Kuala Lumpur,,6.130531272,13.79820796,6.999900593,,0,0,0
12/1/2022,W.P. Kuala Lumpur,,4.921623151,15.63155865,7.613775113,,0,0.11396033,0
13/1/2022,W.P. Kuala Lumpur,,0,13.67077722,6.68543712,,1.234674602,0.038563546,0
14/1/2022,W.P. Kuala Lumpur,,7.435681356,12.63786967,8.113961709,,0,0.039126531,0
15/1/2022,W.P. Kuala Lumpur,,6.221381644,10.85038787,6.337711361,,0,0,0.03663417
16/1/2022,W.P. Kuala Lumpur,,4.97462939,9.955596853,6.897797039,,0,0.019753168,0.072228241
17/1/2022,W.P. Kuala Lumpur,,3.733014783,16.45429919,9.543082122,,0,0.060198656,0
18/1/2022,W.P. Kuala Lumpur,,2.495539224,13.00055723,10.22640173,,0,0.040882255,0.033750501
19/1/2022,W.P. Kuala Lumpur,,8.749562522,17.60906052,9.759610033,,0,0.062517375,0
20/1/2022,W.P. Kuala Lumpur,,16.33186347,17.40524185,10.51481547,,0,0.042503643,0
21/1/2022,W.P. Kuala Lumpur,,3.783865597,15.38121065,10.22606336,,0,0.064899623,0
22/1/2022,W.P. Kuala Lumpur,,3.793003173,10.91737859,7.12944984,,0,0.021834757,0
23/1/2022,W.P. Kuala Lumpur,,2.526241332,14.40256762,8.828059032,,0,0.022022275,0.0586582
24/1/2022,W.P. Kuala Lumpur,,5.048465267,20.69769898,13.31409049,,0,0.022473072,0
25/1/2022,W.P. Kuala Lumpur,,6.312812484,22.00861625,16.29588838,,0,0,0
26/1/2022,W.P. Kuala Lumpur,,7.589844788,24.83363816,17.23889464,,0,0,0
27/1/2022,W.P. Kuala Lumpur,,16.47008146,22.84298427,19.72814771,,0,0,0
28/1/2022,W.P. Kuala Lumpur,,12.67571713,21.1254399,17.20645479,,0,0,0.025758166
29/1/2022,W.P. Kuala Lumpur,,6.345902451,16.67735309,14.76808428,,0,0,0.025244589
30/1/2022,W.P. Kuala Lumpur,,8.891259892,20.82313627,20.78808679,,0,0.025612714,0
31/1/2022,W.P. Kuala Lumpur,,12.7006706,26.24062628,23.1393817,,0,0.026319585,0
1/2/2022,W.P. Kuala Lumpur,,2.542717657,21.78049996,19.99603392,,0,0.053253056,0
2/2/2022,W.P. Kuala Lumpur,,1.271617497,25.45351092,26.87658204,,0,0.027487593,0
3/2/2022,W.P. Kuala Lumpur,,10.17539843,42.77678563,39.90110162,,0,0,0
4/2/2022,W.P. Kuala Lumpur,,12.73317629,52.14420099,44.76612714,,0,0.029114573,0
5/2/2022,W.P. Kuala Lumpur,,7.645844484,41.36005447,38.69152226,,0,0.02979831,0
6/2/2022,W.P. Kuala Lumpur,,12.68423857,45.79880418,52.45310602,,0,0,0
7/2/2022,W.P. Kuala Lumpur,,15.16108654,79.54459622,80.46197202,,0,0.094024345,0
8/2/2022,W.P. Kuala Lumpur,,17.69195774,73.65920363,72.62697551,,0,0,0
9/2/2022,W.P. Kuala Lumpur,,22.66374556,77.09062961,78.29798297,,0,0,0.021665186
10/2/2022,W.P. Kuala Lumpur,,8.813345924,82.05977926,79.78742259,,0,0,0.021482882
11/2/2022,W.P. Kuala Lumpur,,22.64692191,76.94571916,73.79532021,,0,0.105501443,0
12/2/2022,W.P. Kuala Lumpur,,7.529270037,67.94502656,57.35951758,,0,0.035647968,0.021275785
13/2/2022,W.P. Kuala Lumpur,,22.50112506,78.76010027,67.29040979,,0,0.21647302,0.063661693
14/2/2022,W.P. Kuala Lumpur,,28.69154099,100.3137137,79.69412615,,1.247458304,0.182987438,0.021055251
15/2/2022,W.P. Kuala Lumpur,,32.37737071,120.2826034,106.5960111,,0,0.073544851,0.020839885
16/2/2022,W.P. Kuala Lumpur,,19.88887093,121.9389137,103.8275258,,0,0.22177432,0
17/2/2022,W.P. Kuala Lumpur,,19.85752228,96.2559546,82.29079266,,0,0.112492351,0.040849239
18/2/2022,W.P. Kuala Lumpur,,23.5384482,92.93412374,79.43475475,,0,0.227593772,0.040465998
19/2/2022,W.P. Kuala Lumpur,,22.26620485,65.47747072,62.76220066,,0,0.038134811,0
20/2/2022,W.P. Kuala Lumpur,,22.1680337,92.33118622,85.510744,,0,0.268181869,0.040042493
21/2/2022,W.P. Kuala Lumpur,,31.90536378,109.5701354,95.59364948,,1.227129376,0.077709316,0
22/2/2022,W.P. Kuala Lumpur,,26.91263181,111.8051683,100.5085583,,0,0.237630538,0.039446059
23/2/2022,W.P. Kuala Lumpur,,35.33138402,115.2001188,103.7621203,,1.218323587,0.080728885,0.039125988
24/2/2022,W.P. Kuala Lumpur,,34.02393827,122.473016,108.7740591,,1.215140653,0.370631185,0
25/2/2022,W.P. Kuala Lumpur,,21.83644503,113.3341868,107.7738094,,0,0.335804998,0
26/2/2022,W.P. Kuala Lumpur,,30.25718608,88.45309055,98.39092871,,0,0.297392716,0.038344088
27/2/2022,W.P. Kuala Lumpur,,22.9496316,85.47749393,82.87417892,,0,0.171641554,0.076416947
28/2/2022,W.P. Kuala Lumpur,,26.51337118,134.7513835,137.0220354,,0,0.217973768,0.056997519
1/3/2022,W.P. Kuala Lumpur,,31.32416901,136.2253477,140.5338891,,0,0.354638067,0
2/3/2022,W.P. Kuala Lumpur,,31.33436174,138.7951372,136.8618273,,0,0.40636182,0.018758474
3/3/2022,W.P. Kuala Lumpur,,31.36687176,103.5877612,123.625623,,1.206418145,0.229990589,0.037298423
4/3/2022,W.P. Kuala Lumpur,,22.92083866,94.84189425,104.9694632,,1.20635993,0.234293217,0.074170262
5/3/2022,W.P. Kuala Lumpur,,25.35374511,69.662551,79.41769718,,0,0.189429099,0.055433479
6/3/2022,W.P. Kuala Lumpur,,32.54855159,92.29874026,105.3199859,,1.205501911,0.429963076,0.092127349
7/3/2022,W.P. Kuala Lumpur,,25.29206311,113.095215,138.8730703,,0,0.29060869,0.073361368
8/3/2022,W.P. Kuala Lumpur,,37.36155135,94.61948886,119.2553152,,0,0.443067326,0.018257091
9/3/2022,W.P. Kuala Lumpur,,34.97220313,112.0391526,133.8648171,,0,0.300373063,0.072722975
10/3/2022,W.P. Kuala Lumpur,,31.40855279,92.90150153,115.748975,,0,0.559341279,0.054308246
11/3/2022,W.P. Kuala Lumpur,,24.16013336,74.63388079,97.99151666,,0,0.4648477,0.108238052
12/3/2022,W.P. Kuala Lumpur,,19.33301112,69.05169698,86.92918946,,0,0.417230797,0.072050716
13/3/2022,W.P. Kuala Lumpur,,20.46491471,67.71313603,82.54139708,,1.203818512,0.420578485,0.089953571
14/3/2022,W.P. Kuala Lumpur,,42.0784342,107.7045508,146.8249794,,1.202240977,0.585929801,0.107708751
15/3/2022,W.P. Kuala Lumpur,,37.32601262,93.63760789,132.6905302,,0,0.431758423,0.035818742
16/3/2022,W.P. Kuala Lumpur,,28.90695574,82.93826563,112.1413421,,0,0.437092309,0.03574226
17/3/2022,W.P. Kuala Lumpur,,26.50666281,105.8133711,136.3712236,,0,0.276708606,0.035666594
18/3/2022,W.P. Kuala Lumpur,,24.1021933,88.98060995,114.9450864,,1.205109665,0.447419786,0.017801624
19/3/2022,W.P. Kuala Lumpur,,14.46131598,77.0245057,113.1656819,,0,0.393268811,0.035564325
20/3/2022,W.P. Kuala Lumpur,,18.06597695,77.82052894,114.1539734,,0,0.056391688,0.071068622
21/3/2022,W.P. Kuala Lumpur,,25.2768416,97.01716222,134.5014352,,1.203659124,0.227073522,0.106367288
22/3/2022,W.P. Kuala Lumpur,,25.27288701,97.71638691,134.5567913,,0,0.343065138,0.053065647
23/3/2022,W.P. Kuala Lumpur,,27.66983867,117.5875388,161.8158118,,0,0.057556309,0.052967532
24/3/2022,W.P. Kuala Lumpur,,18.04381037,90.55908502,127.2224031,,0,0.173817822,0.052891797
25/3/2022,W.P. Kuala Lumpur,,19.24626803,55.98944299,79.01260661,,0,0.233046589,0.035226307
26/3/2022,W.P. Kuala Lumpur,,19.21368014,57.11810235,85.94605165,,0,0.175388236,0.035202151
27/3/2022,W.P. Kuala Lumpur,,11.98552149,58.15037264,89.86143781,,0,0.468954618,0.052776882
28/3/2022,W.P. Kuala Lumpur,,20.36025678,67.35899036,99.43227492,,0,0.41324534,0.035141288
29/3/2022,W.P. Kuala Lumpur,,13.16561142,70.04616625,104.3697163,,0,0.059461941,0.052649933
30/3/2022,W.P. Kuala Lumpur,,15.56308436,59.94264171,87.84009772,,0,0.059822996,0.035058909
31/3/2022,W.P. Kuala Lumpur,,25.1358533,85.16310809,118.8664192,,0,0.300504969,0.052533774
1/4/2022,W.P. Kuala Lumpur,,14.34668771,47.148112,76.04429707,,0,0.060291703,0.069974048
2/4/2022,W.P. Kuala Lumpur,,15.53871531,46.7105613,70.67665204,,0,0.120855269,0.017476917
3/4/2022,W.P. Kuala Lumpur,,19.13051796,39.22150161,65.15941353,,0,0.242108035,0.034928659
4/4/2022,W.P. Kuala Lumpur,,14.37108538,58.09643035,91.58195409,,0,0.060770325,0.017427584
5/4/2022,W.P. Kuala Lumpur,,10.78025058,57.40780282,87.78991751,,0,0.122014459,0.034768284
6/4/2022,W.P. Kuala Lumpur,,13.17381046,58.9788754,96.38580951,,1.197619133,0.183734814,0.017335577
7/4/2022,W.P. Kuala Lumpur,,5.995707074,49.28793681,74.3746043,,0,0.245825121,0
8/4/2022,W.P. Kuala Lumpur,,12.00264058,43.10488362,58.69298322,,0,0,0.017262642
9/4/2022,W.P. Kuala Lumpur,,4.814694447,36.99714355,49.16643909,,0,0.123736266,0.017251382
10/4/2022,W.P. Kuala Lumpur,,10.84337349,40.12893358,53.03497152,,0,0.186069244,0.017247145
11/4/2022,W.P. Kuala Lumpur,,6.031363088,55.66961614,68.85157978,,0,0.062479928,0.017234438
12/4/2022,W.P. Kuala Lumpur,,25.3929867,49.47889583,61.00048721,,0,0.063030441,0.017222046
13/4/2022,W.P. Kuala Lumpur,,6.056274906,41.5733971,56.88104942,,0,0.063665233,0.017210605
14/4/2022,W.P. Kuala Lumpur,,9.696969697,33.78450122,44.24082351,,1.212121212,0,0.017200942
15/4/2022,W.P. Kuala Lumpur,,2.42671326,22.23707567,32.58244131,,0,0,0.0171939
16/4/2022,W.P. Kuala Lumpur,,3.646175162,14.70779753,22.24230638,,0,0.129584119,0
17/4/2022,W.P. Kuala Lumpur,,1.217374367,19.1281208,27.44551198,,0,0,0.017185668
18/4/2022,W.P. Kuala Lumpur,,10.96330946,15.14708272,28.59802191,,0,0,0.017175989
19/4/2022,W.P. Kuala Lumpur,,3.660009516,14.01220169,29.01364259,,0,0,0.017167836
20/4/2022,W.P. Kuala Lumpur,,4.88591391,20.11937058,35.12983451,,0,0.065322632,0.017161619
21/4/2022,W.P. Kuala Lumpur,,2.444121277,12.04287,19.50609269,,1.222060639,0.06545038,0
22/4/2022,W.P. Kuala Lumpur,,1.223555898,10.2229521,22.313324,,0,0.065531744,0
23/4/2022,W.P. Kuala Lumpur,,1.224679746,9.904516525,16.3927483,,0,0,0.017147226
24/4/2022,W.P. Kuala Lumpur,,4.904725703,8.663060121,15.82488725,,0,0.065629243,0.034290113
25/4/2022,W.P. Kuala Lumpur,,0,9.205299886,15.88798406,,0,0.131504284,0
26/4/2022,W.P. Kuala Lumpur,,4.907072318,8.166286671,15.79838925,,0,0.065857151,0.017134912
27/4/2022,W.P. Kuala Lumpur,,3.685503686,7.846343538,12.64192401,,0,0.06593566,0
28/4/2022,W.P. Kuala Lumpur,,1.230193879,5.016812924,9.263809669,,0,0.066010696,0.017123493
29/4/2022,W.P. Kuala Lumpur,,2.463114855,5.021085255,9.005202473,,0,0,0.034240314
30/4/2022,W.P. Kuala Lumpur,,2.464025232,2.445973729,4.313596405,,0,0,0.034234892
1/5/2022,W.P. Kuala Lumpur,,3.7000037,3.438784998,8.369628825,,0,0.198391442,0
2/5/2022,W.P. Kuala Lumpur,,0,2.714386913,6.023225352,,0,0,0
3/5/2022,W.P. Kuala Lumpur,,1.234126054,3.44536284,8.194458083,,0,0,0
4/5/2022,W.P. Kuala Lumpur,,2.468709112,3.713690387,8.380883444,,0,0.0663159,0
5/5/2022,W.P. Kuala Lumpur,,2.469227255,6.37433692,15.01402649,,0,0.066399343,0
6/5/2022,W.P. Kuala Lumpur,,1.235498338,10.69594033,22.02192002,,0,0,0
7/5/2022,W.P. Kuala Lumpur,,1.236506621,10.56771212,19.95100635,,0,0,0
8/5/2022,W.P. Kuala Lumpur,,1.236996079,11.03545839,22.4804655,,0,0,0.017095411
9/5/2022,W.P. Kuala Lumpur,,3.711814706,12.77449359,23.5740479,,0,0,0.017095031
10/5/2022,W.P. Kuala Lumpur,,1.237914856,13.84905067,25.65936973,,0,0,0.01709485
11/5/2022,W.P. Kuala Lumpur,,2.477117626,9.793784212,22.83822757,,0,0.066624382,0
12/5/2022,W.P. Kuala Lumpur,,7.43817021,12.53365085,22.90451858,,0,0,0
13/5/2022,W.P. Kuala Lumpur,,2.477485847,7.936746134,15.91234299,,0,0,0
14/5/2022,W.P. Kuala Lumpur,,0,5.870646965,10.49354527,,0,0,0
15/5/2022,W.P. Kuala Lumpur,,2.476289528,5.804295178,9.860711048,,0,0,0
16/5/2022,W.P. Kuala Lumpur,,2.474298227,5.270971293,14.09726739,,0,0.066721156,0
17/5/2022,W.P. Kuala Lumpur,,6.185822096,9.007602416,17.80269928,,0,0.066722981,0
18/5/2022,W.P. Kuala Lumpur,,1.237868885,6.739439265,14.33201697,,0,0,0
19/5/2022,W.P. Kuala Lumpur,,0,6.140525936,13.11688201,,0,0.066744847,0.017079273
20/5/2022,W.P. Kuala Lumpur,,1.238497455,6.542077911,15.09627289,,0,0,0.017077232
21/5/2022,W.P. Kuala Lumpur,,2.477700694,5.408245772,12.089365,,0,0,0
22/5/2022,W.P. Kuala Lumpur,,0,5.809612973,11.96917315,,0,0,0
23/5/2022,W.P. Kuala Lumpur,,2.476657503,7.281268036,17.75563635,,0,0.066800624,0.017072727
24/5/2022,W.P. Kuala Lumpur,,0,5.88115784,10.4471678,,0,0,0.017070536
25/5/2022,W.P. Kuala Lumpur,,2.476258868,5.951166997,13.51826502,,0,0,0.017068516
26/5/2022,W.P. Kuala Lumpur,,0,5.218473396,9.215491993,,0,0,0
27/5/2022,W.P. Kuala Lumpur,,0,4.751633458,12.20084676,,0,0,0.017064121
28/5/2022,W.P. Kuala Lumpur,,3.710345681,4.418439621,10.05001975,,0,0,0
29/5/2022,W.P. Kuala Lumpur,,0,3.481686663,9.742303282,,0,0,0.017061827
30/5/2022,W.P. Kuala Lumpur,,1.239142018,7.09968969,16.58244366,,0,0.066978205,0
31/5/2022,W.P. Kuala Lumpur,,0,7.236559097,17.84301795,,0,0,0.017058335
1/6/2022,W.P. Kuala Lumpur,,1.23878896,5.630641954,14.10595775,,0,0,0
2/6/2022,W.P. Kuala Lumpur,,4.957243772,6.908152425,14.22372729,,0,0.134138882,0.017054829
3/6/2022,W.P. Kuala Lumpur,,1.239879484,6.104916,12.8752364,,0,0.067086989,0
4/6/2022,W.P. Kuala Lumpur,,1.240417773,4.361526239,11.16927852,,0,0,0
5/6/2022,W.P. Kuala Lumpur,,0,7.583709387,16.93235516,,0,0,0
6/6/2022,W.P. Kuala Lumpur,,1.241912048,6.445081195,18.7718248,,0,0,0
7/6/2022,W.P. Kuala Lumpur,,1.241973745,7.253380042,20.03117021,,0,0,0
8/6/2022,W.P. Kuala Lumpur,,2.484718978,6.247988719,12.1025526,,0,0,0
9/6/2022,W.P. Kuala Lumpur,,2.485645398,6.989768726,16.34567332,,0,0,0
10/6/2022,W.P. Kuala Lumpur,,1.242915382,6.655556146,11.5723658,,0,0,0
11/6/2022,W.P. Kuala Lumpur,,2.488243052,3.496289563,9.782371213,,0,0,0
12/6/2022,W.P. Kuala Lumpur,,1.24750499,5.446220256,10.49790579,,0,0,0
13/6/2022,W.P. Kuala Lumpur,,0,8.811639436,23.70466206,,0,0.067264423,0.017041454
14/6/2022,W.P. Kuala Lumpur,,0,6.123488558,14.90996596,,0,0,0.017039961
15/6/2022,W.P. Kuala Lumpur,,1.249375312,5.45261042,15.43706313,,0,0,0
16/6/2022,W.P. Kuala Lumpur,,1.24984377,7.002621943,16.81594868,,0,0.067332903,0
17/6/2022,W.P. Kuala Lumpur,,0,8.8893139,17.22359411,,0,0,0
18/6/2022,W.P. Kuala Lumpur,,0,5.388076187,10.11895737,,0,0,0
19/6/2022,W.P. Kuala Lumpur,,5.010898705,7.543631828,18.4657673,,0,0,0
20/6/2022,W.P. Kuala Lumpur,,5.012594143,8.824413042,21.34320833,,0,0.067361932,0
21/6/2022,W.P. Kuala Lumpur,,2.506454119,8.55747863,21.37538601,,0,0,0
22/6/2022,W.P. Kuala Lumpur,,2.511143198,8.896401406,20.42022055,,0,0,0.017031043
23/6/2022,W.P. Kuala Lumpur,,3.766194637,6.808710295,16.41667007,,0,0,0
24/6/2022,W.P. Kuala Lumpur,,1.255666194,5.596318027,14.67869911,,0,0,0
25/6/2022,W.P. Kuala Lumpur,,2.5143633,5.933573643,12.80497378,,0,0,0
26/6/2022,W.P. Kuala Lumpur,,2.521495751,10.45120199,20.63738882,,0,0,0
27/6/2022,W.P. Kuala Lumpur,,6.315284251,11.12796417,25.76072458,,0,0,0.034052511
28/6/2022,W.P. Kuala Lumpur,,2.5261137,10.05189205,23.56262858,,0,0,0
29/6/2022,W.P. Kuala Lumpur,,1.263423879,7.962299188,18.41964549,,0,0,0.017023702
30/6/2022,W.P. Kuala Lumpur,,2.527294784,9.988688485,24.17213831,,0,0,0.017022633
1/7/2022,W.P. Kuala Lumpur,,2.527230913,9.315355148,20.27270275,,0,0,0.017021581
2/7/2022,W.P. Kuala Lumpur,,3.79285931,7.965900545,19.71007467,,0,0,0
3/7/2022,W.P. Kuala Lumpur,,0,9.721479609,24.03265173,,0,0.067510275,0
4/7/2022,W.P. Kuala Lumpur,,1.265502404,12.56018422,34.56596483,,0,0,0.017019185
5/7/2022,W.P. Kuala Lumpur,,0,13.37264079,32.74262172,,0,0.13507718,0.017017995
6/7/2022,W.P. Kuala Lumpur,,1.266367804,12.15938522,30.69884804,,0,0.06755214,0
7/7/2022,W.P. Kuala Lumpur,,1.266865142,11.28358556,29.93107685,,0,0.067566381,0.017015962
8/7/2022,W.P. Kuala Lumpur,,1.267121986,11.35260934,30.13367885,,0,0.067575056,0
9/7/2022,W.P. Kuala Lumpur,,1.268118239,8.176625932,20.53621119,,0,0,0.017014259
10/7/2022,W.P. Kuala Lumpur,,1.269148275,9.86604479,22.95156437,,0,0,0.051041285
11/7/2022,W.P. Kuala Lumpur,,1.269567205,10.67939182,32.08606005,,0,0,0.017012757
12/7/2022,W.P. Kuala Lumpur,,2.53945681,17.37510209,44.02659628,,0,0.202822203,0.017011822
13/7/2022,W.P. Kuala Lumpur,,8.890130685,19.74481851,42.56114678,,0,0,0
14/7/2022,W.P. Kuala Lumpur,,2.539811546,16.84085795,41.98054266,,0,0,0.034019889
15/7/2022,W.P. Kuala Lumpur,,5.081171718,14.88139528,36.60318373,,0,0.067642706,0
16/7/2022,W.P. Kuala Lumpur,,3.814852492,13.1241586,29.13477871,,0,0.067650302,0.017008044
17/7/2022,W.P. Kuala Lumpur,,1.272944831,12.8547053,31.00458249,,0,0.067656344,0.068029802
18/7/2022,W.P. Kuala Lumpur,,7.642241215,17.72932064,45.45925325,,0,0.067669163,0
19/7/2022,W.P. Kuala Lumpur,,5.103863625,18.34159495,42.20820686,,0,0.135362324,0.034011448
20/7/2022,W.P. Kuala Lumpur,,1.275965906,15.23094169,34.5364053,,0,0.135386148,0.017004631
21/7/2022,W.P. Kuala Lumpur,,2.551020408,12.72862437,31.47285301,,0,0,0.017003162
22/7/2022,W.P. Kuala Lumpur,,5.102301138,11.71485105,29.56588977,,0,0.067715902,0
23/7/2022,W.P. Kuala Lumpur,,5.105231586,10.42974618,26.0104375,,0,0.067725625,0.017000286
24/7/2022,W.P. Kuala Lumpur,,2.554637305,11.65017242,28.01508055,,0,0,0.033998884
25/7/2022,W.P. Kuala Lumpur,,1.27793894,15.37751807,40.81287831,,0,0,0.033996567
26/7/2022,W.P. Kuala Lumpur,,3.833082054,16.8038985,37.41029009,,0,0,0.033993903
27/7/2022,W.P. Kuala Lumpur,,2.555322737,14.23228995,28.68795762,,0,0.067772809,0
28/7/2022,W.P. Kuala Lumpur,,2.554833106,12.94858193,32.23681706,,0,0,0.016993578
29/7/2022,W.P. Kuala Lumpur,,7.664499317,11.86694108,27.27210166,,0,0.067811092,0.033983927
30/7/2022,W.P. Kuala Lumpur,,0,8.613912894,20.49061603,,1.278461755,0.067826086,0.016990561
31/7/2022,W.P. Kuala Lumpur,,2.558657217,13.56731525,27.08167435,,0,0,0
1/8/2022,W.P. Kuala Lumpur,,6.398935217,17.09747324,38.3427245,,0,0.067847116,0
2/8/2022,W.P. Kuala Lumpur,,6.39852578,15.20197246,35.33287989,,0,0,0
3/8/2022,W.P. Kuala Lumpur,,3.839213729,15.81863829,33.63128729,,0,0.135782303,0.016985499
4/8/2022,W.P. Kuala Lumpur,,3.833865815,12.90370778,25.13601898,,0,0,0
5/8/2022,W.P. Kuala Lumpur,,0,9.578713246,21.77124904,,0,0.067934136,0.033964507
6/8/2022,W.P. Kuala Lumpur,,2.556531298,8.358010984,18.71336608,,0,0,0.016981276
7/8/2022,W.P. Kuala Lumpur,,1.278919569,13.86407363,31.2101436,,0,0,0.033960983
8/8/2022,W.P. Kuala Lumpur,,12.78641571,18.28711588,34.85884206,,0,0,0.016979465
9/8/2022,W.P. Kuala Lumpur,,6.391818472,15.30042902,29.08400166,,0,0,0.016978401
10/8/2022,W.P. Kuala Lumpur,,1.278347353,14.41908107,27.02781165,,0,0,0
11/8/2022,W.P. Kuala Lumpur,,1.278380037,11.83890919,25.51509771,,0,0,0.016976113
12/8/2022,W.P. Kuala Lumpur,,2.556171877,9.392150884,20.19999009,,0,0.136118129,0
13/8/2022,W.P. Kuala Lumpur,,0,8.985368145,18.11106821,,0,0,0.016973822
14/8/2022,W.P. Kuala Lumpur,,1.278608874,9.054486907,18.84049804,,0,0,0.016973422
15/8/2022,W.P. Kuala Lumpur,,8.951521119,12.80161246,26.96887191,,0,0,0
16/8/2022,W.P. Kuala Lumpur,,2.557708293,10.55677091,22.77542094,,0,0.068108199,0
17/8/2022,W.P. Kuala Lumpur,,6.395415766,10.69536203,21.62021996,,0,0,0
18/8/2022,W.P. Kuala Lumpur,,5.11561285,10.42539708,17.90273605,,0,0.06813985,0
19/8/2022,W.P. Kuala Lumpur,,2.558133586,11.85932388,20.07358845,,0,0.136314068,0.016968376
20/8/2022,W.P. Kuala Lumpur,,1.279410448,7.294080274,13.33650966,,0,0.068168975,0
21/8/2022,W.P. Kuala Lumpur,,1.279656028,7.090090508,13.48890881,,0,0,0
22/8/2022,W.P. Kuala Lumpur,,0,9.61501743,18.9853799,,0,0,0.033932761
23/8/2022,W.P. Kuala Lumpur,,1.279410448,10.02617719,18.25498,,0,0,0.016965595
24/8/2022,W.P. Kuala Lumpur,,0,8.186086109,17.18524078,,0,0.068217384,0.033929399
25/8/2022,W.P. Kuala Lumpur,,1.279459556,8.460502417,15.5219076,,0,0,0
26/8/2022,W.P. Kuala Lumpur,,2.558395374,6.960765848,11.21257844,,0,0,0.016963054
27/8/2022,W.P. Kuala Lumpur,,0,5.938019363,10.7880867,,0,0,0.0169624
28/8/2022,W.P. Kuala Lumpur,,3.838722473,6.757559252,13.09465553,,0,0.068258174,0.016961989
29/8/2022,W.P. Kuala Lumpur,,1.279606905,8.533675591,17.09708174,,0,0,0.016961391
30/8/2022,W.P. Kuala Lumpur,,0,6.486594258,15.96004866,,0,0.06827994,0.050882196
31/8/2022,W.P. Kuala Lumpur,,5.118951639,6.556105236,11.88891648,,0,0,0
1/9/2022,W.P. Kuala Lumpur,,1.279885322,9.084513295,17.09482302,,0,0,0
2/9/2022,W.P. Kuala Lumpur,,2.560852252,6.079986665,13.32936053,,0,0,0
3/9/2022,W.P. Kuala Lumpur,,1.280278589,4.099368697,10.27649887,,0,0,0.033915838
4/9/2022,W.P. Kuala Lumpur,,0,6.354520763,11.19199684,,0,0,0.016957571
5/9/2022,W.P. Kuala Lumpur,,2.561016211,7.517008941,14.26073438,,0,0,0.016956878
6/9/2022,W.P. Kuala Lumpur,,2.561016211,6.834578594,12.39498808,,0,0,0
7/9/2022,W.P. Kuala Lumpur,,0,7.792649891,15.44681218,,0,0,0
8/9/2022,W.P. Kuala Lumpur,,1.280672097,6.768397736,12.86887817,,0,0,0
9/9/2022,W.P. Kuala Lumpur,,1.280458916,5.743589744,12.25803936,,0,0,0
10/9/2022,W.P. Kuala Lumpur,,0,5.197085803,9.443314091,,0,0,0
11/9/2022,W.P. Kuala Lumpur,,0,5.812895875,11.73191755,,0,0.06838701,0
12/9/2022,W.P. Kuala Lumpur,,1.281262813,7.386832697,15.54593,,0,0,0
13/9/2022,W.P. Kuala Lumpur,,0,7.25098675,15.40991127,,0,0,0
14/9/2022,W.P. Kuala Lumpur,,1.281673353,7.388252678,14.17186231,,0,0,0.016951988
15/9/2022,W.P. Kuala Lumpur,,1.2816405,4.652582115,11.00135746,,0,0,0
16/9/2022,W.P. Kuala Lumpur,,0,3.421439975,7.915923737,,0,0,0.016950586
17/9/2022,W.P. Kuala Lumpur,,0,3.421781831,8.729347677,,0,0,0
18/9/2022,W.P. Kuala Lumpur,,0,4.790740457,12.00057969,,0,0.068439149,0.016949971
19/9/2022,W.P. Kuala Lumpur,,1.282051282,9.103590648,18.00039662,,0,0.06844805,0
20/9/2022,W.P. Kuala Lumpur,,0,5.270943615,14.88115668,,0,0,0.033897851
21/9/2022,W.P. Kuala Lumpur,,1.282149909,5.887753404,13.57565913,,0,0,0
22/9/2022,W.P. Kuala Lumpur,,0,7.463555254,12.25294969,,0,0.068472984,0
23/9/2022,W.P. Kuala Lumpur,,1.282166348,5.204584691,9.795429737,,0,0,0
24/9/2022,W.P. Kuala Lumpur,,1.282528119,3.766725975,8.303944713,,0,0,0.016946826
25/9/2022,W.P. Kuala Lumpur,,1.282643271,4.862690629,10.86276816,,0,0,0
26/9/2022,W.P. Kuala Lumpur,,2.565483979,8.561778713,16.08184285,,0,0,0
27/9/2022,W.P. Kuala Lumpur,,0,4.521154895,10.60796699,,0,0,0
28/9/2022,W.P. Kuala Lumpur,,1.283054697,6.028892095,13.0817015,,0,0,0.033890418
29/9/2022,W.P. Kuala Lumpur,,0,3.220660468,8.794289371,,0,0,0
30/9/2022,W.P. Kuala Lumpur,,1.282840722,4.659908885,10.84426684,,0,0,0
1/10/2022,W.P. Kuala Lumpur,,0,4.385973929,8.471878193,,0,0.068530843,0
2/10/2022,W.P. Kuala Lumpur,,1.282330764,4.180541839,8.166815855,,0,0,0.033887203
3/10/2022,W.P. Kuala Lumpur,,0,6.785483452,17.70559543,,0,0,0
4/10/2022,W.P. Kuala Lumpur,,3.846696329,6.991755897,13.60506413,,0,0,0
5/10/2022,W.P. Kuala Lumpur,,1.28223211,5.004329087,10.43652989,,0,0,0
6/10/2022,W.P. Kuala Lumpur,,2.564661529,4.524948923,10.94433889,,0,0,0.016941701
7/10/2022,W.P. Kuala Lumpur,,0,5.211022409,11.24893885,,0,0,0
8/10/2022,W.P. Kuala Lumpur,,1.282297878,2.948572103,8.182438218,,0,0,0
9/10/2022,W.P. Kuala Lumpur,,0,3.908676851,8.792212573,,0,0,0
10/10/2022,W.P. Kuala Lumpur,,2.564431337,7.200841058,14.36537727,,0,0,0.016940303
11/10/2022,W.P. Kuala Lumpur,,1.282314321,10.49332337,20.19244142,,0,0,0
12/10/2022,W.P. Kuala Lumpur,,0,8.230684128,17.85425406,,0,0,0
13/10/2022,W.P. Kuala Lumpur,,1.282380097,6.859896223,17.05773833,,0,0,0.033878328
14/10/2022,W.P. Kuala Lumpur,,1.282347208,5.351247664,12.58548986,,0,0,0.016938748
15/10/2022,W.P. Kuala Lumpur,,0,5.831747898,11.28108587,,0,0.068608799,0
16/10/2022,W.P. Kuala Lumpur,,8.97827258,7.341438648,15.15990995,,0,0,0.033876894
17/10/2022,W.P. Kuala Lumpur,,1.282741989,11.8706823,22.1043961,,0,0,0
18/10/2022,W.P. Kuala Lumpur,,3.848028527,12.28326724,22.32393142,,0,0,0
19/10/2022,W.P. Kuala Lumpur,,0,7.823539383,17.25910799,,0,0.068627538,0
20/10/2022,W.P. Kuala Lumpur,,1.282445881,9.19675286,18.71532584,,0,0,0.016936946
21/10/2022,W.P. Kuala Lumpur,,3.847189628,7.824779842,16.68255037,,0,0,0.033873199
22/10/2022,W.P. Kuala Lumpur,,0,7.344467179,16.191208,,0,0,0.01693641
23/10/2022,W.P. Kuala Lumpur,,2.564727305,5.903179617,12.702243,,0,0.068641623,0
24/10/2022,W.P. Kuala Lumpur,,1.281870505,8.580562212,18.84970082,,0,0,0
25/10/2022,W.P. Kuala Lumpur,,2.564990445,12.56334017,29.26465443,,0,0,0
26/10/2022,W.P. Kuala Lumpur,,6.412722842,15.24208133,33.20986467,,0,0,0
27/10/2022,W.P. Kuala Lumpur,,1.282561018,10.91747283,24.80943307,,0,0,0.016934767
28/10/2022,W.P. Kuala Lumpur,,2.56495755,12.29159228,27.85716269,,0,0,0
29/10/2022,W.P. Kuala Lumpur,,1.282561018,8.583738142,17.73014516,,0,0.068669905,0
30/10/2022,W.P. Kuala Lumpur,,0,11.74269086,20.45637703,,0,0,0.016934087
31/10/2022,W.P. Kuala Lumpur,,2.56495755,21.15230622,42.35169962,,0,0,0
1/11/2022,W.P. Kuala Lumpur,,6.411324964,22.87105191,44.40023612,,0,0,0.050801185
2/11/2022,W.P. Kuala Lumpur,,1.282199228,19.78209473,37.54137044,,0,0,0
3/11/2022,W.P. Kuala Lumpur,,3.846301781,19.64641941,36.50772767,,0,0.068693774,0.016933083
4/11/2022,W.P. Kuala Lumpur,,0,13.8083687,23.4179903,,0,0.068698352,0
5/11/2022,W.P. Kuala Lumpur,,2.56403682,11.47305035,20.47140446,,0,0,0.01693251
6/11/2022,W.P. Kuala Lumpur,,2.564201187,9.618430011,16.76309397,,0,0.068703072,0
7/11/2022,W.P. Kuala Lumpur,,2.56380674,15.93927685,24.92409749,,0,0,0
8/11/2022,W.P. Kuala Lumpur,,1.281919803,13.60382501,22.50241406,,0,0.206118561,0
9/11/2022,W.P. Kuala Lumpur,,5.127679212,13.05505454,22.40029203,,0,0,0
10/11/2022,W.P. Kuala Lumpur,,2.564201187,12.78110705,19.707763,,0,0,0.050793204
11/11/2022,W.P. Kuala Lumpur,,2.564201187,8.383813742,15.77944534,,0,0,0.050792206
12/11/2022,W.P. Kuala Lumpur,,2.56380674,9.346333901,13.10420501,,1.28190337,0.068723043,0
13/11/2022,W.P. Kuala Lumpur,,1.281410577,7.697118391,15.42356826,,0,0.137448543,0.033860743
14/11/2022,W.P. Kuala Lumpur,,3.843837688,13.19579467,24.85331381,,0,0,0.01693005
15/11/2022,W.P. Kuala Lumpur,,5.124985586,12.85296687,21.55150157,,0,0.068732443,0.016929695
16/11/2022,W.P. Kuala Lumpur,,2.560524395,12.64789096,20.99232054,,0,0,0.016929291
17/11/2022,W.P. Kuala Lumpur,,,,,,0,0,0
18/11/2022,W.P. Kuala Lumpur,,,,,,0,0.068748982,0.03385661
19/11/2022,W.P. Kuala Lumpur,,,,,,0,0,0.016927912
20/11/2022,W.P. Kuala Lumpur,,,,,,0,0,0
21/11/2022,W.P. Kuala Lumpur,,,,,,0,0,0.016927342
22/11/2022,W.P. Kuala Lumpur,,,,,,0,0,0
23/11/2022,W.P. Kuala Lumpur,,,,,,0,0,0
24/5/2021,W.P. Putrajaya,,33.65928931,25.37975128,,,0,0,
25/5/2021,W.P. Putrajaya,,25.74541008,27.48617762,,,0.402272032,0,
26/5/2021,W.P. Putrajaya,,20.49325399,19.49718345,,,1.490418472,0,
27/5/2021,W.P. Putrajaya,,21.19235239,23.18559542,,,1.059617619,0,
28/5/2021,W.P. Putrajaya,,20.04764657,29.50893963,,,0.334127443,0,
29/5/2021,W.P. Putrajaya,,19.83983272,24.76617047,,,0,0,
30/5/2021,W.P. Putrajaya,,11.35450251,18.96973274,,,0,0,
31/5/2021,W.P. Putrajaya,,22.93551679,21.61283185,,,0.57338792,0,
1/6/2021,W.P. Putrajaya,,22.88187836,22.52071906,,,1.615191414,0,
2/6/2021,W.P. Putrajaya,,18.68800129,18.89589814,,,0.252540558,0,
3/6/2021,W.P. Putrajaya,,16.20007325,16.17260931,,,0.469567341,0,
4/6/2021,W.P. Putrajaya,,14.71609833,14.82394252,,,0.649239632,0,
5/6/2021,W.P. Putrajaya,,13.93353904,11.11759638,,,0.403870697,0,
6/6/2021,W.P. Putrajaya,,8.738797347,14.8233245,,,0.194195497,0,
7/6/2021,W.P. Putrajaya,,12.27851449,13.56416528,,,0.188900223,0,
8/6/2021,W.P. Putrajaya,,11.50228878,16.27010127,,,0.179723262,0,
9/6/2021,W.P. Putrajaya,,13.70022537,16.69529764,,,0.171252817,0,
10/6/2021,W.P. Putrajaya,,12.27658659,21.08636977,,,0.491063463,0,
11/6/2021,W.P. Putrajaya,,14.58194504,15.95183364,,,0.313590216,0,
12/6/2021,W.P. Putrajaya,,13.5845226,11.8008985,,,0.447841404,0,
13/6/2021,W.P. Putrajaya,,7.681343723,9.354955483,,,0.426741318,0,
14/6/2021,W.P. Putrajaya,,13.28496522,11.54844773,,,0.406682609,0,
15/6/2021,W.P. Putrajaya,,14.24237677,15.96896568,,,0.258952305,0,
16/6/2021,W.P. Putrajaya,,12.91493852,15.35714971,,,0.122999415,0,
17/6/2021,W.P. Putrajaya,,13.12033515,13.43069951,,,0.342269613,0,
18/6/2021,W.P. Putrajaya,,12.07331439,11.85835766,,,0.326305794,0,
19/6/2021,W.P. Putrajaya,,14.29213755,12.23611106,,,0.208644344,0,
20/6/2021,W.P. Putrajaya,,11.72598478,12.23597069,,,0.400888369,0,
21/6/2021,W.P. Putrajaya,,16.82585528,18.90595046,,,0.288443233,0,
22/6/2021,W.P. Putrajaya,,18.68255758,22.45262315,,,0.460161517,0,
23/6/2021,W.P. Putrajaya,,17.66801535,22.62034021,,,0.263701722,0,
24/6/2021,W.P. Putrajaya,,19.09093366,21.23903203,,,0.506838947,0,
25/6/2021,W.P. Putrajaya,,22.31212216,25.30413002,,,0.570017719,0,
26/6/2021,W.P. Putrajaya,,18.67200303,17.41013206,,,0.393924114,0,
27/6/2021,W.P. Putrajaya,,16.37719718,18.04237108,,,0.530742501,0,
28/6/2021,W.P. Putrajaya,,28.70326954,29.29821617,,,0.511254165,0.305189752,
29/6/2021,W.P. Putrajaya,,32.76357199,41.16339516,,,0.776722612,0,
30/6/2021,W.P. Putrajaya,,31.43667662,30.72232577,,,0.751746615,0,
1/7/2021,W.P. Putrajaya,,37.95860598,48.02639757,,,0.528119735,0,
2/7/2021,W.P. Putrajaya,,43.47965293,44.018537,,,0.51227868,0,
3/7/2021,W.P. Putrajaya,,33.91694874,37.76414672,,,1.240107815,0,
4/7/2021,W.P. Putrajaya,,30.62171134,34.16715541,,,0.845569938,0.26903272,
5/7/2021,W.P. Putrajaya,,53.98169194,63.45604956,,,0.996404737,0,
6/7/2021,W.P. Putrajaya,,57.18082179,56.15367223,,,1.241834234,0,
7/7/2021,W.P. Putrajaya,,58.5233213,62.84922826,,,1.358480067,0,
8/7/2021,W.P. Putrajaya,,65.58607322,55.91580163,,,1.27558003,0,
9/7/2021,W.P. Putrajaya,,68.03893082,58.53093824,,,2.057110531,0.215981322,
10/7/2021,W.P. Putrajaya,,62.7279582,57.33712739,,,1.485271307,0.213149172,
11/7/2021,W.P. Putrajaya,,48.41205575,39.30233052,,,1.729001991,0.21244503,
12/7/2021,W.P. Putrajaya,,72.49538293,58.12036274,,,1.827614696,0.618301731,
13/7/2021,W.P. Putrajaya,,81.60926604,62.40010079,,,1.988265618,0,
14/7/2021,W.P. Putrajaya,,74.82960212,63.95822892,,,1.616284459,0.187012365,
15/7/2021,W.P. Putrajaya,,84.71932839,69.14596731,,,1.595309454,0.355506259,
16/7/2021,W.P. Putrajaya,,67.75883025,58.30073689,,,1.978654757,0.169478886,
17/7/2021,W.P. Putrajaya,,71.24985051,54.98263792,,,2.329695385,0.49091641,
18/7/2021,W.P. Putrajaya,,66.30065383,51.74085766,,,2.001101739,0.476142862,
19/7/2021,W.P. Putrajaya,,106.4914575,87.00665336,,,1.727683294,0.151315919,
20/7/2021,W.P. Putrajaya,,71.31956506,49.66465623,,,2.100776005,0.286251621,
21/7/2021,W.P. Putrajaya,,102.8996149,80.58757116,,,2.355157796,0.664913953,
22/7/2021,W.P. Putrajaya,,97.857629,67.20007249,,,2.573418617,0.503371329,
23/7/2021,W.P. Putrajaya,,99.66795993,71.72861156,,,2.270415726,1.319422621,
24/7/2021,W.P. Putrajaya,,91.71859031,58.58041661,,,2.147901276,0.922526246,
25/7/2021,W.P. Putrajaya,,79.50833024,56.25653871,,,1.969730556,0.444715721,
26/7/2021,W.P. Putrajaya,,103.421973,71.07508469,,,1.87091944,0.63459897,
27/7/2021,W.P. Putrajaya,,115.7154848,72.47693437,,,1.327981568,1.104219222,
28/7/2021,W.P. Putrajaya,,107.1956611,64.9850821,,,2.169471377,1.242361864,
29/7/2021,W.P. Putrajaya,,107.4073376,64.90767773,,,1.710400248,1.186778918,
30/7/2021,W.P. Putrajaya,,108.47221,67.1000835,,,1.882009952,0.526275165,
31/7/2021,W.P. Putrajaya,,89.3094162,51.1158042,,,1.709941741,0.92479251,
1/8/2021,W.P. Putrajaya,,75.56865412,44.44426454,,,1.951045252,0.971459334,
2/8/2021,W.P. Putrajaya,,117.5434549,74.80909784,,,2.261486534,0.926428456,
3/8/2021,W.P. Putrajaya,,124.4922424,66.20523177,,,2.306428841,1.408621953,
4/8/2021,W.P. Putrajaya,,131.8310606,71.303627,,,1.573766659,1.053748182,
5/8/2021,W.P. Putrajaya,,122.8903369,60.40061056,,,1.557399247,0.936443575,
6/8/2021,W.P. Putrajaya,,114.1217613,58.32606117,,,2.07224988,1.019909266,
7/8/2021,W.P. Putrajaya,,108.9393937,54.3328947,,,2.039949519,0.614625506,
8/8/2021,W.P. Putrajaya,,97.62706958,45.10971072,,,1.528347096,0.769588241,
9/8/2021,W.P. Putrajaya,,132.8353685,65.6495764,,,1.822290254,0.506294934,
10/8/2021,W.P. Putrajaya,,124.1366118,59.86046759,,,2.250410452,0.958619588,
11/8/2021,W.P. Putrajaya,,152.4967376,69.29594708,,,1.603074629,0.457566782,
12/8/2021,W.P. Putrajaya,,139.5020649,61.79129928,,,2.005958047,0.725817924,
13/8/2021,W.P. Putrajaya,,117.5596966,54.36439877,,,1.648546696,0.367948553,
14/8/2021,W.P. Putrajaya,,106.6260065,47.42176182,,,1.794279379,0.485697747,
15/8/2021,W.P. Putrajaya,,98.29085764,42.31181161,,,2.022935327,0.426530359,
16/8/2021,W.P. Putrajaya,,130.264158,57.56491084,,,1.849759264,0.446869456,
17/8/2021,W.P. Putrajaya,,120.3078119,51.49466057,,,1.467168438,0.425575707,
18/8/2021,W.P. Putrajaya,,117.759801,47.42734241,,,1.59566126,0.698542253,
19/8/2021,W.P. Putrajaya,,101.29934,44.4916375,,,1.564468572,0.455426211,
20/8/2021,W.P. Putrajaya,,120.2094422,39.62607697,,,1.879904396,0.367837001,
21/8/2021,W.P. Putrajaya,,122.6984871,43.94925566,,,1.353292137,0.45043161,
22/8/2021,W.P. Putrajaya,,86.86557218,29.75573893,,,2.253875295,0.621205406,
23/8/2021,W.P. Putrajaya,,158.8821876,47.94491213,,,2.046259998,0.297425013,
24/8/2021,W.P. Putrajaya,,123.8643228,45.59018093,,,1.355931284,0.143185242,
25/8/2021,W.P. Putrajaya,,116.9112628,45.79593332,,,1.529160394,0.027587912,
26/8/2021,W.P. Putrajaya,,114.1301742,43.83453021,,,1.931984141,0.132510672,
27/8/2021,W.P. Putrajaya,,85.53515384,36.97480362,,,2.147635897,0.254822906,
28/8/2021,W.P. Putrajaya,,63.22086273,29.97492558,,,1.143923934,0.369756483,
29/8/2021,W.P. Putrajaya,,67.83140712,27.64695674,,,1.100393627,0.239367591,
30/8/2021,W.P. Putrajaya,,81.82861847,38.74050968,,,1.053239644,0.25471943,
31/8/2021,W.P. Putrajaya,,90.65706336,32.28177286,,,1.669559178,0.201481245,
1/9/2021,W.P. Putrajaya,,70.68786606,35.73603414,,,1.218756311,0.172325662,
2/9/2021,W.P. Putrajaya,,93.61290702,35.46320822,,,1.355399233,0.187415663,
3/9/2021,W.P. Putrajaya,,66.31480114,28.14185182,,,1.031772012,0.120607936,
4/9/2021,W.P. Putrajaya,,56.14679585,24.54912383,,,0.393322563,0.136167882,
5/9/2021,W.P. Putrajaya,,42.49658747,19.92920602,,,1.331218403,0.301957667,
6/9/2021,W.P. Putrajaya,,56.86761666,29.57324593,,,1.064936642,0.149265595,
7/9/2021,W.P. Putrajaya,,68.39847026,32.81834859,,,1.767973383,0.018458014,
8/9/2021,W.P. Putrajaya,,54.83468653,24.61811357,0,,1.596019982,0.273737364,0
9/9/2021,W.P. Putrajaya,,54.25935974,27.30416297,0,,1.303172395,0.162310084,0
10/9/2021,W.P. Putrajaya,,50.96165383,26.21185675,0,,0.618466673,0.10706,0
11/9/2021,W.P. Putrajaya,,41.43036377,19.81691082,0,,1.172557465,0.105972785,0
12/9/2021,W.P. Putrajaya,,46.06216738,20.89654216,0,,0.689553404,0.227516791,0
13/9/2021,W.P. Putrajaya,,37.30473304,21.92184766,0,,0.43716484,0.069318095,0
14/9/2021,W.P. Putrajaya,,49.63286948,25.33381941,0,,0.916299129,0.188802177,0
15/9/2021,W.P. Putrajaya,,53.65406541,26.52074199,0,,0.638738874,0.101937509,0
16/9/2021,W.P. Putrajaya,,34.81320278,17.24155349,0,,0.336359447,0.134699637,0
17/9/2021,W.P. Putrajaya,,30.71849501,18.56065302,0,,0.882715374,0.183273953,0
18/9/2021,W.P. Putrajaya,,25.47598888,14.56881992,0,,0.936617238,0.115625555,0
19/9/2021,W.P. Putrajaya,,28.03166394,12.71705231,0,,0.789624336,0.114715678,0
20/9/2021,W.P. Putrajaya,,47.94103669,23.34785076,0,,0.62531787,0.081351396,0
21/9/2021,W.P. Putrajaya,,26.52655888,18.6003458,0,,0.891649038,0.080800807,0
22/9/2021,W.P. Putrajaya,,30.68864866,19.30181655,0,,1.153708596,0.016044735,0
23/9/2021,W.P. Putrajaya,,38.82426369,19.55486565,0,,0.737169564,0.095544946,0
24/9/2021,W.P. Putrajaya,,23.53330609,14.38732576,0,,1.293038796,0.063171573,0
25/9/2021,W.P. Putrajaya,,38.44717059,16.73533429,0,,0.272674969,0.156697887,0
26/9/2021,W.P. Putrajaya,,22.77543136,10.06783731,0,,0.2882966,0.077803998,0
27/9/2021,W.P. Putrajaya,,18.62117808,15.30914262,1538.461538,,0.610530429,0.092782683,0
28/9/2021,W.P. Putrajaya,,32.95261861,15.97597361,0,,0.319928336,0.061505192,0
29/9/2021,W.P. Putrajaya,,30.06912482,14.2909088,0,,0.6833892,0.106990761,0
30/9/2021,W.P. Putrajaya,,32.43278306,13.15639578,0,,0.360364256,0.060838824,0
1/10/2021,W.P. Putrajaya,,32.82768519,14.39332295,0,,0.763434539,0.060476147,0
2/10/2021,W.P. Putrajaya,,16.21198795,10.27438165,0,,0.405299699,0.10530113,0
3/10/2021,W.P. Putrajaya,,23.33833235,9.31295264,0,,0.43219134,0.059890371,0
4/10/2021,W.P. Putrajaya,,29.57206941,15.79601023,0,,0.454954914,0.059551405,0
5/10/2021,W.P. Putrajaya,,26.0804769,15.25392518,0,,0,0.118707589,0
6/10/2021,W.P. Putrajaya,,33.34333633,17.1575214,0,,0,0.088593054,0
7/10/2021,W.P. Putrajaya,,35.83882216,16.55707286,0,,0.484308408,0.073521638,0
8/10/2021,W.P. Putrajaya,,30.2780206,14.08799284,0,,0,0.117155866,0
9/10/2021,W.P. Putrajaya,,18.42189118,11.81737861,0,,0,0.058357425,0
10/10/2021,W.P. Putrajaya,,20.95964502,10.14689447,0,,0.511210854,0.087222589,0
11/10/2021,W.P. Putrajaya,,21.24473416,15.24136262,0,,0,0.072439936,0
12/10/2021,W.P. Putrajaya,,13.34208574,17.02824755,0,,0,0.028861437,0
13/10/2021,W.P. Putrajaya,,18.16710433,14.48475066,0,,0,0.028768124,0
14/10/2021,W.P. Putrajaya,,11.3437204,13.49147077,0,,1.13437204,0.043012128,0
15/10/2021,W.P. Putrajaya,,11.79913158,11.7516625,108.6956522,,0,0.042889279,0
16/10/2021,W.P. Putrajaya,,7.327573047,9.384427213,0,,0,0.099834332,0
17/10/2021,W.P. Putrajaya,,11.24627467,9.579693441,0,,0,0.014234314,0
18/10/2021,W.P. Putrajaya,,16.00327747,13.73420726,0,,0.640131099,0.042652818,0
19/10/2021,W.P. Putrajaya,,11.35900468,9.841904643,0,,1.336353492,0.028403765,0
20/10/2021,W.P. Putrajaya,,16.96698225,16.05969895,0,,2.03603787,0.085122079,0
21/10/2021,W.P. Putrajaya,,19.03177602,16.9114887,0,,0,0.042526795,0
22/10/2021,W.P. Putrajaya,,10.10429071,11.27151305,74.07407407,,0,0.070800961,0
23/10/2021,W.P. Putrajaya,,11.73399044,10.62464419,0,,0,0.014147329,0
24/10/2021,W.P. Putrajaya,,8.768917112,10.26538422,0,,0.730743093,0.056558591,0
25/10/2021,W.P. Putrajaya,,16.05499566,18.24633513,0,,0,0.042367651,0
26/10/2021,W.P. Putrajaya,,6.634330449,16.84372326,0,,0,0.070534855,0
27/10/2021,W.P. Putrajaya,,12.05863511,16.4582588,26.62406816,,0.753664695,0.070454875,0
28/10/2021,W.P. Putrajaya,,9.272638761,15.10063171,29.76190476,,0,0.056293128,0
29/10/2021,W.P. Putrajaya,,14.21722338,15.43348701,9.918666931,,0.789845743,0.098391994,0
30/10/2021,W.P. Putrajaya,,9.553987994,10.5205288,18.55804027,,0,0.084276599,0
31/10/2021,W.P. Putrajaya,,4.008240943,11.34156701,0,,0,0.028073186,0
1/11/2021,W.P. Putrajaya,,8.85304746,16.94900047,6.502796202,,0,0.056076098,0
2/11/2021,W.P. Putrajaya,,7.280198669,15.73568312,10.03965664,,0,0.042036553,0
3/11/2021,W.P. Putrajaya,,13.75348894,20.12938238,19.93064137,,0.809028761,0.153979976,0
4/11/2021,W.P. Putrajaya,,5.674126792,10.96756287,19.96655602,,0.810589542,0.069946192,0
5/11/2021,W.P. Putrajaya,,8.917063206,15.57689681,14.7413809,,0.81064211,0.069914259,0
6/11/2021,W.P. Putrajaya,,9.007754858,13.33929174,1.75620379,,0,0.041947458,0
7/11/2021,W.P. Putrajaya,,8.160867011,12.89125194,13.61725306,,0,0.08389101,1.702156632
8/11/2021,W.P. Putrajaya,,13.03281827,23.47461491,17.98312353,,0,0.027962615,0
9/11/2021,W.P. Putrajaya,,6.593968168,19.31760761,16.50510008,,0.824246021,0.055912034,0
10/11/2021,W.P. Putrajaya,,14.77189729,19.46697657,17.31964777,,0,0.05589943,0
11/11/2021,W.P. Putrajaya,,8.295244336,20.53972751,13.53485224,,0,0.0699582,0
12/11/2021,W.P. Putrajaya,,9.310120101,17.66717866,8.013719488,,0,0.042031353,0
13/11/2021,W.P. Putrajaya,,5.118580447,14.50205208,5.48194092,,0.853096741,0.070058223,0
14/11/2021,W.P. Putrajaya,,5.996693252,14.44707634,8.455034589,,0,0.070063416,0
15/11/2021,W.P. Putrajaya,,15.47734718,22.91686986,11.49549647,,0,0.098235205,0
16/11/2021,W.P. Putrajaya,,12.13739531,20.16915082,12.11170452,,0.866956808,0.056259835,0
17/11/2021,W.P. Putrajaya,,11.41111618,20.08816519,17.01480288,,0,0.07048479,0
18/11/2021,W.P. Putrajaya,,7.998862384,18.96175843,10.94182886,,0,0.042293885,0
19/11/2021,W.P. Putrajaya,,9.921261263,19.49792766,11.13435186,,0,0.056474809,0
20/11/2021,W.P. Putrajaya,,9.142689962,15.2660458,6.207685891,,0,0.070610758,0
21/11/2021,W.P. Putrajaya,,10.10852884,13.78691142,5.33254107,,0,0,0
22/11/2021,W.P. Putrajaya,,8.275177227,22.22356853,13.91536674,,0,0.056620557,0
23/11/2021,W.P. Putrajaya,,12.1084545,20.73597073,7.25776423,,1.862839153,0.042608159,0
24/11/2021,W.P. Putrajaya,,3.786587906,20.12038603,9.15816436,,0,0.085497391,0
25/11/2021,W.P. Putrajaya,,8.607251131,18.91786657,7.812316899,,0,0.071496094,0
26/11/2021,W.P. Putrajaya,,3.815410443,14.78320169,7.747283609,,0,0.100370914,0
27/11/2021,W.P. Putrajaya,,5.76496248,13.3297902,7.579041109,,0,0.086091218,0
28/11/2021,W.P. Putrajaya,,9.6979101,15.8925383,4.648708705,,1.93958202,0.043069209,0
29/11/2021,W.P. Putrajaya,,9.694055605,19.6589199,7.960002065,,0,0.072010696,0
30/11/2021,W.P. Putrajaya,,10.74313172,18.38926784,10.01276136,,0,0.057827886,0.196328654
1/12/2021,W.P. Putrajaya,,11.87589688,18.32257547,9.540181263,,0,0.058074724,0
2/12/2021,W.P. Putrajaya,,3.994647173,17.16686367,9.953533587,,0,0.072926354,0
3/12/2021,W.P. Putrajaya,,6.046497566,17.81618122,8.413927855,,0,0.131754832,0
4/12/2021,W.P. Putrajaya,,5.104593113,13.39623604,6.103832291,,0,0.08794028,0
5/12/2021,W.P. Putrajaya,,2.050167601,12.91197831,3.75553566,,0,0.102708918,0.150221426
6/12/2021,W.P. Putrajaya,,3.075724333,20.84497632,8.128585669,,0,0.029483701,0
7/12/2021,W.P. Putrajaya,,11.35343235,19.35653824,5.338351384,,0,0.133493367,0
8/12/2021,W.P. Putrajaya,,8.308666978,18.45276547,4.381956356,,2.077166745,0.044788266,0
9/12/2021,W.P. Putrajaya,,9.403013143,16.08546765,5.644661503,,0,0.045099442,0
10/12/2021,W.P. Putrajaya,,7.36276335,14.69267149,4.924933933,,0,0.060463669,0
11/12/2021,W.P. Putrajaya,,0,11.94777686,3.831585401,,0,0.030285873,0
12/12/2021,W.P. Putrajaya,,5.345363966,10.37295945,2.686147323,,0,0.060660582,0
13/12/2021,W.P. Putrajaya,,6.422607579,16.18807926,4.890311357,,0,0.091458075,0
14/12/2021,W.P. Putrajaya,,4.303018568,15.24207032,5.502118316,,0,0.030699034,0
15/12/2021,W.P. Putrajaya,,7.562988893,15.39914872,5.291366702,,0,0.030921985,0
16/12/2021,W.P. Putrajaya,,4.352557127,13.46159239,4.247084284,,0,0.062322187,0
17/12/2021,W.P. Putrajaya,,4.380249455,11.55596253,4.271047813,,1.095062364,0.094078392,0
18/12/2021,W.P. Putrajaya,,4.420426792,7.926327927,2.704669306,,0,0.047180523,0
19/12/2021,W.P. Putrajaya,,2.222246914,7.474341249,2.826012676,,0,0.031537305,0
20/12/2021,W.P. Putrajaya,,5.574633189,13.13159778,5.527186332,,0,0.063361147,0
21/12/2021,W.P. Putrajaya,,4.481089801,12.93758967,5.024995426,,0,0.095597953,0
22/12/2021,W.P. Putrajaya,,4.494836557,11.12502006,3.664017109,,0,0.032060577,0
23/12/2021,W.P. Putrajaya,,2.257514702,11.91063345,4.7039337,,0,0.01613907,0
24/12/2021,W.P. Putrajaya,,5.681043494,10.86393803,6.401651899,,0,0.064956281,0
25/12/2021,W.P. Putrajaya,,2.291659505,11.35886585,2.875340611,,0,0.032593589,0
26/12/2021,W.P. Putrajaya,,2.295209897,8.307387737,2.962061911,,1.147604948,0.065412502,0
27/12/2021,W.P. Putrajaya,,2.299326297,13.55413229,5.226875062,,0,0.098815059,0
28/12/2021,W.P. Putrajaya,,6.941712752,14.97028399,7.914319212,,0,0.049900947,0.061351312
29/12/2021,W.P. Putrajaya,,5.816455917,10.89114619,5.00674143,,0,0.050421973,0
30/12/2021,W.P. Putrajaya,,9.360447429,13.37205055,5.723011891,,1.170055929,0.067964679,0
31/12/2021,W.P. Putrajaya,,5.880554183,12.24675371,6.572299401,,0,0.034352745,0
1/1/2022,W.P. Putrajaya,,4.738943453,9.006534396,3.651574401,,0,0.069015589,0
2/1/2022,W.P. Putrajaya,,0,10.60155694,6.284274811,,0,0.069291222,0.053711751
3/1/2022,W.P. Putrajaya,,11.87888291,20.17770355,14.09068218,,0,0.05240962,0.052381718
4/1/2022,W.P. Putrajaya,,4.779600664,13.40051837,6.559791226,,0,0.035310984,0
5/1/2022,W.P. Putrajaya,,7.212752146,12.73830956,7.070194759,,0,0.035731584,0
6/1/2022,W.P. Putrajaya,,4.830334501,16.19846592,8.835412333,,0,0.03615729,0
7/1/2022,W.P. Putrajaya,,3.639319205,14.62062048,7.480673407,,0,0.018275776,0
8/1/2022,W.P. Putrajaya,,1.221463558,9.134187066,5.164262038,,0,0.036609968,0
9/1/2022,W.P. Putrajaya,,2.443643472,11.44144134,6.200059414,,0,0.055183801,0
10/1/2022,W.P. Putrajaya,,8.567407135,18.94151617,9.130685521,,0,0.037103851,0
11/1/2022,W.P. Putrajaya,,6.130531272,13.79820796,6.999900593,,0,0,0
12/1/2022,W.P. Putrajaya,,4.921623151,15.63155865,7.613775113,,0,0.11396033,0
13/1/2022,W.P. Putrajaya,,0,13.67077722,6.68543712,,1.234674602,0.038563546,0
14/1/2022,W.P. Putrajaya,,7.435681356,12.63786967,8.113961709,,0,0.039126531,0
15/1/2022,W.P. Putrajaya,,6.221381644,10.85038787,6.337711361,,0,0,0.03663417
16/1/2022,W.P. Putrajaya,,4.97462939,9.955596853,6.897797039,,0,0.019753168,0.072228241
17/1/2022,W.P. Putrajaya,,3.733014783,16.45429919,9.543082122,,0,0.060198656,0
18/1/2022,W.P. Putrajaya,,2.495539224,13.00055723,10.22640173,,0,0.040882255,0.033750501
19/1/2022,W.P. Putrajaya,,8.749562522,17.60906052,9.759610033,,0,0.062517375,0
20/1/2022,W.P. Putrajaya,,16.33186347,17.40524185,10.51481547,,0,0.042503643,0
21/1/2022,W.P. Putrajaya,,3.783865597,15.38121065,10.22606336,,0,0.064899623,0
22/1/2022,W.P. Putrajaya,,3.793003173,10.91737859,7.12944984,,0,0.021834757,0
23/1/2022,W.P. Putrajaya,,2.526241332,14.40256762,8.828059032,,0,0.022022275,0.0586582
24/1/2022,W.P. Putrajaya,,5.048465267,20.69769898,13.31409049,,0,0.022473072,0
25/1/2022,W.P. Putrajaya,,6.312812484,22.00861625,16.29588838,,0,0,0
26/1/2022,W.P. Putrajaya,,7.589844788,24.83363816,17.23889464,,0,0,0
27/1/2022,W.P. Putrajaya,,16.47008146,22.84298427,19.72814771,,0,0,0
28/1/2022,W.P. Putrajaya,,12.67571713,21.1254399,17.20645479,,0,0,0.025758166
29/1/2022,W.P. Putrajaya,,6.345902451,16.67735309,14.76808428,,0,0,0.025244589
30/1/2022,W.P. Putrajaya,,8.891259892,20.82313627,20.78808679,,0,0.025612714,0
31/1/2022,W.P. Putrajaya,,12.7006706,26.24062628,23.1393817,,0,0.026319585,0
1/2/2022,W.P. Putrajaya,,2.542717657,21.78049996,19.99603392,,0,0.053253056,0
2/2/2022,W.P. Putrajaya,,1.271617497,25.45351092,26.87658204,,0,0.027487593,0
3/2/2022,W.P. Putrajaya,,10.17539843,42.77678563,39.90110162,,0,0,0
4/2/2022,W.P. Putrajaya,,12.73317629,52.14420099,44.76612714,,0,0.029114573,0
5/2/2022,W.P. Putrajaya,,7.645844484,41.36005447,38.69152226,,0,0.02979831,0
6/2/2022,W.P. Putrajaya,,12.68423857,45.79880418,52.45310602,,0,0,0
7/2/2022,W.P. Putrajaya,,15.16108654,79.54459622,80.46197202,,0,0.094024345,0
8/2/2022,W.P. Putrajaya,,17.69195774,73.65920363,72.62697551,,0,0,0
9/2/2022,W.P. Putrajaya,,22.66374556,77.09062961,78.29798297,,0,0,0.021665186
10/2/2022,W.P. Putrajaya,,8.813345924,82.05977926,79.78742259,,0,0,0.021482882
11/2/2022,W.P. Putrajaya,,22.64692191,76.94571916,73.79532021,,0,0.105501443,0
12/2/2022,W.P. Putrajaya,,7.529270037,67.94502656,57.35951758,,0,0.035647968,0.021275785
13/2/2022,W.P. Putrajaya,,22.50112506,78.76010027,67.29040979,,0,0.21647302,0.063661693
14/2/2022,W.P. Putrajaya,,28.69154099,100.3137137,79.69412615,,1.247458304,0.182987438,0.021055251
15/2/2022,W.P. Putrajaya,,32.37737071,120.2826034,106.5960111,,0,0.073544851,0.020839885
16/2/2022,W.P. Putrajaya,,19.88887093,121.9389137,103.8275258,,0,0.22177432,0
17/2/2022,W.P. Putrajaya,,19.85752228,96.2559546,82.29079266,,0,0.112492351,0.040849239
18/2/2022,W.P. Putrajaya,,23.5384482,92.93412374,79.43475475,,0,0.227593772,0.040465998
19/2/2022,W.P. Putrajaya,,22.26620485,65.47747072,62.76220066,,0,0.038134811,0
20/2/2022,W.P. Putrajaya,,22.1680337,92.33118622,85.510744,,0,0.268181869,0.040042493
21/2/2022,W.P. Putrajaya,,31.90536378,109.5701354,95.59364948,,1.227129376,0.077709316,0
22/2/2022,W.P. Putrajaya,,26.91263181,111.8051683,100.5085583,,0,0.237630538,0.039446059
23/2/2022,W.P. Putrajaya,,35.33138402,115.2001188,103.7621203,,1.218323587,0.080728885,0.039125988
24/2/2022,W.P. Putrajaya,,34.02393827,122.473016,108.7740591,,1.215140653,0.370631185,0
25/2/2022,W.P. Putrajaya,,21.83644503,113.3341868,107.7738094,,0,0.335804998,0
26/2/2022,W.P. Putrajaya,,30.25718608,88.45309055,98.39092871,,0,0.297392716,0.038344088
27/2/2022,W.P. Putrajaya,,22.9496316,85.47749393,82.87417892,,0,0.171641554,0.076416947
28/2/2022,W.P. Putrajaya,,26.51337118,134.7513835,137.0220354,,0,0.217973768,0.056997519
1/3/2022,W.P. Putrajaya,,31.32416901,136.2253477,140.5338891,,0,0.354638067,0
2/3/2022,W.P. Putrajaya,,31.33436174,138.7951372,136.8618273,,0,0.40636182,0.018758474
3/3/2022,W.P. Putrajaya,,31.36687176,103.5877612,123.625623,,1.206418145,0.229990589,0.037298423
4/3/2022,W.P. Putrajaya,,22.92083866,94.84189425,104.9694632,,1.20635993,0.234293217,0.074170262
5/3/2022,W.P. Putrajaya,,25.35374511,69.662551,79.41769718,,0,0.189429099,0.055433479
6/3/2022,W.P. Putrajaya,,32.54855159,92.29874026,105.3199859,,1.205501911,0.429963076,0.092127349
7/3/2022,W.P. Putrajaya,,25.29206311,113.095215,138.8730703,,0,0.29060869,0.073361368
8/3/2022,W.P. Putrajaya,,37.36155135,94.61948886,119.2553152,,0,0.443067326,0.018257091
9/3/2022,W.P. Putrajaya,,34.97220313,112.0391526,133.8648171,,0,0.300373063,0.072722975
10/3/2022,W.P. Putrajaya,,31.40855279,92.90150153,115.748975,,0,0.559341279,0.054308246
11/3/2022,W.P. Putrajaya,,24.16013336,74.63388079,97.99151666,,0,0.4648477,0.108238052
12/3/2022,W.P. Putrajaya,,19.33301112,69.05169698,86.92918946,,0,0.417230797,0.072050716
13/3/2022,W.P. Putrajaya,,20.46491471,67.71313603,82.54139708,,1.203818512,0.420578485,0.089953571
14/3/2022,W.P. Putrajaya,,42.0784342,107.7045508,146.8249794,,1.202240977,0.585929801,0.107708751
15/3/2022,W.P. Putrajaya,,37.32601262,93.63760789,132.6905302,,0,0.431758423,0.035818742
16/3/2022,W.P. Putrajaya,,28.90695574,82.93826563,112.1413421,,0,0.437092309,0.03574226
17/3/2022,W.P. Putrajaya,,26.50666281,105.8133711,136.3712236,,0,0.276708606,0.035666594
18/3/2022,W.P. Putrajaya,,24.1021933,88.98060995,114.9450864,,1.205109665,0.447419786,0.017801624
19/3/2022,W.P. Putrajaya,,14.46131598,77.0245057,113.1656819,,0,0.393268811,0.035564325
20/3/2022,W.P. Putrajaya,,18.06597695,77.82052894,114.1539734,,0,0.056391688,0.071068622
21/3/2022,W.P. Putrajaya,,25.2768416,97.01716222,134.5014352,,1.203659124,0.227073522,0.106367288
22/3/2022,W.P. Putrajaya,,25.27288701,97.71638691,134.5567913,,0,0.343065138,0.053065647
23/3/2022,W.P. Putrajaya,,27.66983867,117.5875388,161.8158118,,0,0.057556309,0.052967532
24/3/2022,W.P. Putrajaya,,18.04381037,90.55908502,127.2224031,,0,0.173817822,0.052891797
25/3/2022,W.P. Putrajaya,,19.24626803,55.98944299,79.01260661,,0,0.233046589,0.035226307
26/3/2022,W.P. Putrajaya,,19.21368014,57.11810235,85.94605165,,0,0.175388236,0.035202151
27/3/2022,W.P. Putrajaya,,11.98552149,58.15037264,89.86143781,,0,0.468954618,0.052776882
28/3/2022,W.P. Putrajaya,,20.36025678,67.35899036,99.43227492,,0,0.41324534,0.035141288
29/3/2022,W.P. Putrajaya,,13.16561142,70.04616625,104.3697163,,0,0.059461941,0.052649933
30/3/2022,W.P. Putrajaya,,15.56308436,59.94264171,87.84009772,,0,0.059822996,0.035058909
31/3/2022,W.P. Putrajaya,,25.1358533,85.16310809,118.8664192,,0,0.300504969,0.052533774
1/4/2022,W.P. Putrajaya,,14.34668771,47.148112,76.04429707,,0,0.060291703,0.069974048
2/4/2022,W.P. Putrajaya,,15.53871531,46.7105613,70.67665204,,0,0.120855269,0.017476917
3/4/2022,W.P. Putrajaya,,19.13051796,39.22150161,65.15941353,,0,0.242108035,0.034928659
4/4/2022,W.P. Putrajaya,,14.37108538,58.09643035,91.58195409,,0,0.060770325,0.017427584
5/4/2022,W.P. Putrajaya,,10.78025058,57.40780282,87.78991751,,0,0.122014459,0.034768284
6/4/2022,W.P. Putrajaya,,13.17381046,58.9788754,96.38580951,,1.197619133,0.183734814,0.017335577
7/4/2022,W.P. Putrajaya,,5.995707074,49.28793681,74.3746043,,0,0.245825121,0
8/4/2022,W.P. Putrajaya,,12.00264058,43.10488362,58.69298322,,0,0,0.017262642
9/4/2022,W.P. Putrajaya,,4.814694447,36.99714355,49.16643909,,0,0.123736266,0.017251382
10/4/2022,W.P. Putrajaya,,10.84337349,40.12893358,53.03497152,,0,0.186069244,0.017247145
11/4/2022,W.P. Putrajaya,,6.031363088,55.66961614,68.85157978,,0,0.062479928,0.017234438
12/4/2022,W.P. Putrajaya,,25.3929867,49.47889583,61.00048721,,0,0.063030441,0.017222046
13/4/2022,W.P. Putrajaya,,6.056274906,41.5733971,56.88104942,,0,0.063665233,0.017210605
14/4/2022,W.P. Putrajaya,,9.696969697,33.78450122,44.24082351,,1.212121212,0,0.017200942
15/4/2022,W.P. Putrajaya,,2.42671326,22.23707567,32.58244131,,0,0,0.0171939
16/4/2022,W.P. Putrajaya,,3.646175162,14.70779753,22.24230638,,0,0.129584119,0
17/4/2022,W.P. Putrajaya,,1.217374367,19.1281208,27.44551198,,0,0,0.017185668
18/4/2022,W.P. Putrajaya,,10.96330946,15.14708272,28.59802191,,0,0,0.017175989
19/4/2022,W.P. Putrajaya,,3.660009516,14.01220169,29.01364259,,0,0,0.017167836
20/4/2022,W.P. Putrajaya,,4.88591391,20.11937058,35.12983451,,0,0.065322632,0.017161619
21/4/2022,W.P. Putrajaya,,2.444121277,12.04287,19.50609269,,1.222060639,0.06545038,0
22/4/2022,W.P. Putrajaya,,1.223555898,10.2229521,22.313324,,0,0.065531744,0
23/4/2022,W.P. Putrajaya,,1.224679746,9.904516525,16.3927483,,0,0,0.017147226
24/4/2022,W.P. Putrajaya,,4.904725703,8.663060121,15.82488725,,0,0.065629243,0.034290113
25/4/2022,W.P. Putrajaya,,0,9.205299886,15.88798406,,0,0.131504284,0
26/4/2022,W.P. Putrajaya,,4.907072318,8.166286671,15.79838925,,0,0.065857151,0.017134912
27/4/2022,W.P. Putrajaya,,3.685503686,7.846343538,12.64192401,,0,0.06593566,0
28/4/2022,W.P. Putrajaya,,1.230193879,5.016812924,9.263809669,,0,0.066010696,0.017123493
29/4/2022,W.P. Putrajaya,,2.463114855,5.021085255,9.005202473,,0,0,0.034240314
30/4/2022,W.P. Putrajaya,,2.464025232,2.445973729,4.313596405,,0,0,0.034234892
1/5/2022,W.P. Putrajaya,,3.7000037,3.438784998,8.369628825,,0,0.198391442,0
2/5/2022,W.P. Putrajaya,,0,2.714386913,6.023225352,,0,0,0
3/5/2022,W.P. Putrajaya,,1.234126054,3.44536284,8.194458083,,0,0,0
4/5/2022,W.P. Putrajaya,,2.468709112,3.713690387,8.380883444,,0,0.0663159,0
5/5/2022,W.P. Putrajaya,,2.469227255,6.37433692,15.01402649,,0,0.066399343,0
6/5/2022,W.P. Putrajaya,,1.235498338,10.69594033,22.02192002,,0,0,0
7/5/2022,W.P. Putrajaya,,1.236506621,10.56771212,19.95100635,,0,0,0
8/5/2022,W.P. Putrajaya,,1.236996079,11.03545839,22.4804655,,0,0,0.017095411
9/5/2022,W.P. Putrajaya,,3.711814706,12.77449359,23.5740479,,0,0,0.017095031
10/5/2022,W.P. Putrajaya,,1.237914856,13.84905067,25.65936973,,0,0,0.01709485
11/5/2022,W.P. Putrajaya,,2.477117626,9.793784212,22.83822757,,0,0.066624382,0
12/5/2022,W.P. Putrajaya,,7.43817021,12.53365085,22.90451858,,0,0,0
13/5/2022,W.P. Putrajaya,,2.477485847,7.936746134,15.91234299,,0,0,0
14/5/2022,W.P. Putrajaya,,0,5.870646965,10.49354527,,0,0,0
15/5/2022,W.P. Putrajaya,,2.476289528,5.804295178,9.860711048,,0,0,0
16/5/2022,W.P. Putrajaya,,2.474298227,5.270971293,14.09726739,,0,0.066721156,0
17/5/2022,W.P. Putrajaya,,6.185822096,9.007602416,17.80269928,,0,0.066722981,0
18/5/2022,W.P. Putrajaya,,1.237868885,6.739439265,14.33201697,,0,0,0
19/5/2022,W.P. Putrajaya,,0,6.140525936,13.11688201,,0,0.066744847,0.017079273
20/5/2022,W.P. Putrajaya,,1.238497455,6.542077911,15.09627289,,0,0,0.017077232
21/5/2022,W.P. Putrajaya,,2.477700694,5.408245772,12.089365,,0,0,0
22/5/2022,W.P. Putrajaya,,0,5.809612973,11.96917315,,0,0,0
23/5/2022,W.P. Putrajaya,,2.476657503,7.281268036,17.75563635,,0,0.066800624,0.017072727
24/5/2022,W.P. Putrajaya,,0,5.88115784,10.4471678,,0,0,0.017070536
25/5/2022,W.P. Putrajaya,,2.476258868,5.951166997,13.51826502,,0,0,0.017068516
26/5/2022,W.P. Putrajaya,,0,5.218473396,9.215491993,,0,0,0
27/5/2022,W.P. Putrajaya,,0,4.751633458,12.20084676,,0,0,0.017064121
28/5/2022,W.P. Putrajaya,,3.710345681,4.418439621,10.05001975,,0,0,0
29/5/2022,W.P. Putrajaya,,0,3.481686663,9.742303282,,0,0,0.017061827
30/5/2022,W.P. Putrajaya,,1.239142018,7.09968969,16.58244366,,0,0.066978205,0
31/5/2022,W.P. Putrajaya,,0,7.236559097,17.84301795,,0,0,0.017058335
1/6/2022,W.P. Putrajaya,,1.23878896,5.630641954,14.10595775,,0,0,0
2/6/2022,W.P. Putrajaya,,4.957243772,6.908152425,14.22372729,,0,0.134138882,0.017054829
3/6/2022,W.P. Putrajaya,,1.239879484,6.104916,12.8752364,,0,0.067086989,0
4/6/2022,W.P. Putrajaya,,1.240417773,4.361526239,11.16927852,,0,0,0
5/6/2022,W.P. Putrajaya,,0,7.583709387,16.93235516,,0,0,0
6/6/2022,W.P. Putrajaya,,1.241912048,6.445081195,18.7718248,,0,0,0
7/6/2022,W.P. Putrajaya,,1.241973745,7.253380042,20.03117021,,0,0,0
8/6/2022,W.P. Putrajaya,,2.484718978,6.247988719,12.1025526,,0,0,0
9/6/2022,W.P. Putrajaya,,2.485645398,6.989768726,16.34567332,,0,0,0
10/6/2022,W.P. Putrajaya,,1.242915382,6.655556146,11.5723658,,0,0,0
11/6/2022,W.P. Putrajaya,,2.488243052,3.496289563,9.782371213,,0,0,0
12/6/2022,W.P. Putrajaya,,1.24750499,5.446220256,10.49790579,,0,0,0
13/6/2022,W.P. Putrajaya,,0,8.811639436,23.70466206,,0,0.067264423,0.017041454
14/6/2022,W.P. Putrajaya,,0,6.123488558,14.90996596,,0,0,0.017039961
15/6/2022,W.P. Putrajaya,,1.249375312,5.45261042,15.43706313,,0,0,0
16/6/2022,W.P. Putrajaya,,1.24984377,7.002621943,16.81594868,,0,0.067332903,0
17/6/2022,W.P. Putrajaya,,0,8.8893139,17.22359411,,0,0,0
18/6/2022,W.P. Putrajaya,,0,5.388076187,10.11895737,,0,0,0
19/6/2022,W.P. Putrajaya,,5.010898705,7.543631828,18.4657673,,0,0,0
20/6/2022,W.P. Putrajaya,,5.012594143,8.824413042,21.34320833,,0,0.067361932,0
21/6/2022,W.P. Putrajaya,,2.506454119,8.55747863,21.37538601,,0,0,0
22/6/2022,W.P. Putrajaya,,2.511143198,8.896401406,20.42022055,,0,0,0.017031043
23/6/2022,W.P. Putrajaya,,3.766194637,6.808710295,16.41667007,,0,0,0
24/6/2022,W.P. Putrajaya,,1.255666194,5.596318027,14.67869911,,0,0,0
25/6/2022,W.P. Putrajaya,,2.5143633,5.933573643,12.80497378,,0,0,0
26/6/2022,W.P. Putrajaya,,2.521495751,10.45120199,20.63738882,,0,0,0
27/6/2022,W.P. Putrajaya,,6.315284251,11.12796417,25.76072458,,0,0,0.034052511
28/6/2022,W.P. Putrajaya,,2.5261137,10.05189205,23.56262858,,0,0,0
29/6/2022,W.P. Putrajaya,,1.263423879,7.962299188,18.41964549,,0,0,0.017023702
30/6/2022,W.P. Putrajaya,,2.527294784,9.988688485,24.17213831,,0,0,0.017022633
1/7/2022,W.P. Putrajaya,,2.527230913,9.315355148,20.27270275,,0,0,0.017021581
2/7/2022,W.P. Putrajaya,,3.79285931,7.965900545,19.71007467,,0,0,0
3/7/2022,W.P. Putrajaya,,0,9.721479609,24.03265173,,0,0.067510275,0
4/7/2022,W.P. Putrajaya,,1.265502404,12.56018422,34.56596483,,0,0,0.017019185
5/7/2022,W.P. Putrajaya,,0,13.37264079,32.74262172,,0,0.13507718,0.017017995
6/7/2022,W.P. Putrajaya,,1.266367804,12.15938522,30.69884804,,0,0.06755214,0
7/7/2022,W.P. Putrajaya,,1.266865142,11.28358556,29.93107685,,0,0.067566381,0.017015962
8/7/2022,W.P. Putrajaya,,1.267121986,11.35260934,30.13367885,,0,0.067575056,0
9/7/2022,W.P. Putrajaya,,1.268118239,8.176625932,20.53621119,,0,0,0.017014259
10/7/2022,W.P. Putrajaya,,1.269148275,9.86604479,22.95156437,,0,0,0.051041285
11/7/2022,W.P. Putrajaya,,1.269567205,10.67939182,32.08606005,,0,0,0.017012757
12/7/2022,W.P. Putrajaya,,2.53945681,17.37510209,44.02659628,,0,0.202822203,0.017011822
13/7/2022,W.P. Putrajaya,,8.890130685,19.74481851,42.56114678,,0,0,0
14/7/2022,W.P. Putrajaya,,2.539811546,16.84085795,41.98054266,,0,0,0.034019889
15/7/2022,W.P. Putrajaya,,5.081171718,14.88139528,36.60318373,,0,0.067642706,0
16/7/2022,W.P. Putrajaya,,3.814852492,13.1241586,29.13477871,,0,0.067650302,0.017008044
17/7/2022,W.P. Putrajaya,,1.272944831,12.8547053,31.00458249,,0,0.067656344,0.068029802
18/7/2022,W.P. Putrajaya,,7.642241215,17.72932064,45.45925325,,0,0.067669163,0
19/7/2022,W.P. Putrajaya,,5.103863625,18.34159495,42.20820686,,0,0.135362324,0.034011448
20/7/2022,W.P. Putrajaya,,1.275965906,15.23094169,34.5364053,,0,0.135386148,0.017004631
21/7/2022,W.P. Putrajaya,,2.551020408,12.72862437,31.47285301,,0,0,0.017003162
22/7/2022,W.P. Putrajaya,,5.102301138,11.71485105,29.56588977,,0,0.067715902,0
23/7/2022,W.P. Putrajaya,,5.105231586,10.42974618,26.0104375,,0,0.067725625,0.017000286
24/7/2022,W.P. Putrajaya,,2.554637305,11.65017242,28.01508055,,0,0,0.033998884
25/7/2022,W.P. Putrajaya,,1.27793894,15.37751807,40.81287831,,0,0,0.033996567
26/7/2022,W.P. Putrajaya,,3.833082054,16.8038985,37.41029009,,0,0,0.033993903
27/7/2022,W.P. Putrajaya,,2.555322737,14.23228995,28.68795762,,0,0.067772809,0
28/7/2022,W.P. Putrajaya,,2.554833106,12.94858193,32.23681706,,0,0,0.016993578
29/7/2022,W.P. Putrajaya,,7.664499317,11.86694108,27.27210166,,0,0.067811092,0.033983927
30/7/2022,W.P. Putrajaya,,0,8.613912894,20.49061603,,1.278461755,0.067826086,0.016990561
31/7/2022,W.P. Putrajaya,,2.558657217,13.56731525,27.08167435,,0,0,0
1/8/2022,W.P. Putrajaya,,6.398935217,17.09747324,38.3427245,,0,0.067847116,0
2/8/2022,W.P. Putrajaya,,6.39852578,15.20197246,35.33287989,,0,0,0
3/8/2022,W.P. Putrajaya,,3.839213729,15.81863829,33.63128729,,0,0.135782303,0.016985499
4/8/2022,W.P. Putrajaya,,3.833865815,12.90370778,25.13601898,,0,0,0
5/8/2022,W.P. Putrajaya,,0,9.578713246,21.77124904,,0,0.067934136,0.033964507
6/8/2022,W.P. Putrajaya,,2.556531298,8.358010984,18.71336608,,0,0,0.016981276
7/8/2022,W.P. Putrajaya,,1.278919569,13.86407363,31.2101436,,0,0,0.033960983
8/8/2022,W.P. Putrajaya,,12.78641571,18.28711588,34.85884206,,0,0,0.016979465
9/8/2022,W.P. Putrajaya,,6.391818472,15.30042902,29.08400166,,0,0,0.016978401
10/8/2022,W.P. Putrajaya,,1.278347353,14.41908107,27.02781165,,0,0,0
11/8/2022,W.P. Putrajaya,,1.278380037,11.83890919,25.51509771,,0,0,0.016976113
12/8/2022,W.P. Putrajaya,,2.556171877,9.392150884,20.19999009,,0,0.136118129,0
13/8/2022,W.P. Putrajaya,,0,8.985368145,18.11106821,,0,0,0.016973822
14/8/2022,W.P. Putrajaya,,1.278608874,9.054486907,18.84049804,,0,0,0.016973422
15/8/2022,W.P. Putrajaya,,8.951521119,12.80161246,26.96887191,,0,0,0
16/8/2022,W.P. Putrajaya,,2.557708293,10.55677091,22.77542094,,0,0.068108199,0
17/8/2022,W.P. Putrajaya,,6.395415766,10.69536203,21.62021996,,0,0,0
18/8/2022,W.P. Putrajaya,,5.11561285,10.42539708,17.90273605,,0,0.06813985,0
19/8/2022,W.P. Putrajaya,,2.558133586,11.85932388,20.07358845,,0,0.136314068,0.016968376
20/8/2022,W.P. Putrajaya,,1.279410448,7.294080274,13.33650966,,0,0.068168975,0
21/8/2022,W.P. Putrajaya,,1.279656028,7.090090508,13.48890881,,0,0,0
22/8/2022,W.P. Putrajaya,,0,9.61501743,18.9853799,,0,0,0.033932761
23/8/2022,W.P. Putrajaya,,1.279410448,10.02617719,18.25498,,0,0,0.016965595
24/8/2022,W.P. Putrajaya,,0,8.186086109,17.18524078,,0,0.068217384,0.033929399
25/8/2022,W.P. Putrajaya,,1.279459556,8.460502417,15.5219076,,0,0,0
26/8/2022,W.P. Putrajaya,,2.558395374,6.960765848,11.21257844,,0,0,0.016963054
27/8/2022,W.P. Putrajaya,,0,5.938019363,10.7880867,,0,0,0.0169624
28/8/2022,W.P. Putrajaya,,3.838722473,6.757559252,13.09465553,,0,0.068258174,0.016961989
29/8/2022,W.P. Putrajaya,,1.279606905,8.533675591,17.09708174,,0,0,0.016961391
30/8/2022,W.P. Putrajaya,,0,6.486594258,15.96004866,,0,0.06827994,0.050882196
31/8/2022,W.P. Putrajaya,,5.118951639,6.556105236,11.88891648,,0,0,0
1/9/2022,W.P. Putrajaya,,1.279885322,9.084513295,17.09482302,,0,0,0
2/9/2022,W.P. Putrajaya,,2.560852252,6.079986665,13.32936053,,0,0,0
3/9/2022,W.P. Putrajaya,,1.280278589,4.099368697,10.27649887,,0,0,0.033915838
4/9/2022,W.P. Putrajaya,,0,6.354520763,11.19199684,,0,0,0.016957571
5/9/2022,W.P. Putrajaya,,2.561016211,7.517008941,14.26073438,,0,0,0.016956878
6/9/2022,W.P. Putrajaya,,2.561016211,6.834578594,12.39498808,,0,0,0
7/9/2022,W.P. Putrajaya,,0,7.792649891,15.44681218,,0,0,0
8/9/2022,W.P. Putrajaya,,1.280672097,6.768397736,12.86887817,,0,0,0
9/9/2022,W.P. Putrajaya,,1.280458916,5.743589744,12.25803936,,0,0,0
10/9/2022,W.P. Putrajaya,,0,5.197085803,9.443314091,,0,0,0
11/9/2022,W.P. Putrajaya,,0,5.812895875,11.73191755,,0,0.06838701,0
12/9/2022,W.P. Putrajaya,,1.281262813,7.386832697,15.54593,,0,0,0
13/9/2022,W.P. Putrajaya,,0,7.25098675,15.40991127,,0,0,0
14/9/2022,W.P. Putrajaya,,1.281673353,7.388252678,14.17186231,,0,0,0.016951988
15/9/2022,W.P. Putrajaya,,1.2816405,4.652582115,11.00135746,,0,0,0
16/9/2022,W.P. Putrajaya,,0,3.421439975,7.915923737,,0,0,0.016950586
17/9/2022,W.P. Putrajaya,,0,3.421781831,8.729347677,,0,0,0
18/9/2022,W.P. Putrajaya,,0,4.790740457,12.00057969,,0,0.068439149,0.016949971
19/9/2022,W.P. Putrajaya,,1.282051282,9.103590648,18.00039662,,0,0.06844805,0
20/9/2022,W.P. Putrajaya,,0,5.270943615,14.88115668,,0,0,0.033897851
21/9/2022,W.P. Putrajaya,,1.282149909,5.887753404,13.57565913,,0,0,0
22/9/2022,W.P. Putrajaya,,0,7.463555254,12.25294969,,0,0.068472984,0
23/9/2022,W.P. Putrajaya,,1.282166348,5.204584691,9.795429737,,0,0,0
24/9/2022,W.P. Putrajaya,,1.282528119,3.766725975,8.303944713,,0,0,0.016946826
25/9/2022,W.P. Putrajaya,,1.282643271,4.862690629,10.86276816,,0,0,0
26/9/2022,W.P. Putrajaya,,2.565483979,8.561778713,16.08184285,,0,0,0
27/9/2022,W.P. Putrajaya,,0,4.521154895,10.60796699,,0,0,0
28/9/2022,W.P. Putrajaya,,1.283054697,6.028892095,13.0817015,,0,0,0.033890418
29/9/2022,W.P. Putrajaya,,0,3.220660468,8.794289371,,0,0,0
30/9/2022,W.P. Putrajaya,,1.282840722,4.659908885,10.84426684,,0,0,0
1/10/2022,W.P. Putrajaya,,0,4.385973929,8.471878193,,0,0.068530843,0
2/10/2022,W.P. Putrajaya,,1.282330764,4.180541839,8.166815855,,0,0,0.033887203
3/10/2022,W.P. Putrajaya,,0,6.785483452,17.70559543,,0,0,0
4/10/2022,W.P. Putrajaya,,3.846696329,6.991755897,13.60506413,,0,0,0
5/10/2022,W.P. Putrajaya,,1.28223211,5.004329087,10.43652989,,0,0,0
6/10/2022,W.P. Putrajaya,,2.564661529,4.524948923,10.94433889,,0,0,0.016941701
7/10/2022,W.P. Putrajaya,,0,5.211022409,11.24893885,,0,0,0
8/10/2022,W.P. Putrajaya,,1.282297878,2.948572103,8.182438218,,0,0,0
9/10/2022,W.P. Putrajaya,,0,3.908676851,8.792212573,,0,0,0
10/10/2022,W.P. Putrajaya,,2.564431337,7.200841058,14.36537727,,0,0,0.016940303
11/10/2022,W.P. Putrajaya,,1.282314321,10.49332337,20.19244142,,0,0,0
12/10/2022,W.P. Putrajaya,,0,8.230684128,17.85425406,,0,0,0
13/10/2022,W.P. Putrajaya,,1.282380097,6.859896223,17.05773833,,0,0,0.033878328
14/10/2022,W.P. Putrajaya,,1.282347208,5.351247664,12.58548986,,0,0,0.016938748
15/10/2022,W.P. Putrajaya,,0,5.831747898,11.28108587,,0,0.068608799,0
16/10/2022,W.P. Putrajaya,,8.97827258,7.341438648,15.15990995,,0,0,0.033876894
17/10/2022,W.P. Putrajaya,,1.282741989,11.8706823,22.1043961,,0,0,0
18/10/2022,W.P. Putrajaya,,3.848028527,12.28326724,22.32393142,,0,0,0
19/10/2022,W.P. Putrajaya,,0,7.823539383,17.25910799,,0,0.068627538,0
20/10/2022,W.P. Putrajaya,,1.282445881,9.19675286,18.71532584,,0,0,0.016936946
21/10/2022,W.P. Putrajaya,,3.847189628,7.824779842,16.68255037,,0,0,0.033873199
22/10/2022,W.P. Putrajaya,,0,7.344467179,16.191208,,0,0,0.01693641
23/10/2022,W.P. Putrajaya,,2.564727305,5.903179617,12.702243,,0,0.068641623,0
24/10/2022,W.P. Putrajaya,,1.281870505,8.580562212,18.84970082,,0,0,0
25/10/2022,W.P. Putrajaya,,2.564990445,12.56334017,29.26465443,,0,0,0
26/10/2022,W.P. Putrajaya,,6.412722842,15.24208133,33.20986467,,0,0,0
27/10/2022,W.P. Putrajaya,,1.282561018,10.91747283,24.80943307,,0,0,0.016934767
28/10/2022,W.P. Putrajaya,,2.56495755,12.29159228,27.85716269,,0,0,0
29/10/2022,W.P. Putrajaya,,1.282561018,8.583738142,17.73014516,,0,0.068669905,0
30/10/2022,W.P. Putrajaya,,0,11.74269086,20.45637703,,0,0,0.016934087
31/10/2022,W.P. Putrajaya,,2.56495755,21.15230622,42.35169962,,0,0,0
1/11/2022,W.P. Putrajaya,,6.411324964,22.87105191,44.40023612,,0,0,0.050801185
2/11/2022,W.P. Putrajaya,,1.282199228,19.78209473,37.54137044,,0,0,0
3/11/2022,W.P. Putrajaya,,3.846301781,19.64641941,36.50772767,,0,0.068693774,0.016933083
4/11/2022,W.P. Putrajaya,,0,13.8083687,23.4179903,,0,0.068698352,0
5/11/2022,W.P. Putrajaya,,2.56403682,11.47305035,20.47140446,,0,0,0.01693251
6/11/2022,W.P. Putrajaya,,2.564201187,9.618430011,16.76309397,,0,0.068703072,0
7/11/2022,W.P. Putrajaya,,2.56380674,15.93927685,24.92409749,,0,0,0
8/11/2022,W.P. Putrajaya,,1.281919803,13.60382501,22.50241406,,0,0.206118561,0
9/11/2022,W.P. Putrajaya,,5.127679212,13.05505454,22.40029203,,0,0,0
10/11/2022,W.P. Putrajaya,,2.564201187,12.78110705,19.707763,,0,0,0.050793204
11/11/2022,W.P. Putrajaya,,2.564201187,8.383813742,15.77944534,,0,0,0.050792206
12/11/2022,W.P. Putrajaya,,2.56380674,9.346333901,13.10420501,,1.28190337,0.068723043,0
13/11/2022,W.P. Putrajaya,,1.281410577,7.697118391,15.42356826,,0,0.137448543,0.033860743
14/11/2022,W.P. Putrajaya,,3.843837688,13.19579467,24.85331381,,0,0,0.01693005
15/11/2022,W.P. Putrajaya,,5.124985586,12.85296687,21.55150157,,0,0.068732443,0.016929695
16/11/2022,W.P. Putrajaya,,2.560524395,12.64789096,20.99232054,,0,0,0.016929291
17/11/2022,W.P. Putrajaya,,,,,,0,0,0
18/11/2022,W.P. Putrajaya,,,,,,0,0.068748982,0.03385661
19/11/2022,W.P. Putrajaya,,,,,,0,0,0.016927912
20/11/2022,W.P. Putrajaya,,,,,,0,0,0
21/11/2022,W.P. Putrajaya,,,,,,0,0,0.016927342
22/11/2022,W.P. Putrajaya,,,,,,0,0,0
23/11/2022,W.P. Putrajaya,,,,,,0,0,0
